pointId,pointType,title,address,lon,lat,fractions,scheduleDescription,rating_score
10897,RC,Контейнеры в Hyundai Motorstudio Moscow,"Россия, Москва, улица Новый Арбат, 21",37.584650999999994,55.75213500000001,"KRYSHECHKI,INOE",,1.0
10899,RC,"Пункт приёма вторсырья экоцентра ""Сборка""","г. Москва, Нижняя Сыромятническая ул., д. 10, стр. 2",37.671151,55.75260499999998,"BUMAGA,PLASTIK,METALL,KRYSHECHKI,BYTOVAJA_TEHNIKA",,0.8
10900,RC,Пункт приема вторсырья Мега Белая Дача,"Россия, Московская область, Котельники",37.847015,55.65540699999999,"BUMAGA,PLASTIK,STEKLO,METALL,TETRA_PAK,KRYSHECHKI",,0.8571428571428571
10901,RC,"Экоцентр ""Собиратор"" в ""МЕГА Химки""","г. Химки, микрорайон ИКЕА, к 1",37.399038999999995,55.90863,"BUMAGA,PLASTIK,STEKLO,METALL,TETRA_PAK,ODEZHDA,KRYSHECHKI,BYTOVAJA_TEHNIKA",,0.9545454545454546
10902,RC,"Пункт приёма вторсырья ""Мой чистый город""","Россия, Московская область, Королёв, улица Фрунзе, 1А",37.82639000000001,55.924955000000004,"BUMAGA,PLASTIK,METALL,KRYSHECHKI,INOE",Режим работы требует уточнения,1.0
10904,RC,"Пункт приема электроники ""ЭКО-ФОНД""","д. Бородино, Осташковское шоссе 46",37.66210199999999,55.92331199999999,BYTOVAJA_TEHNIKA,,1.0
10907,RC,"Пункт приема электроники ""ЭКО-ФОНД""","г. Красногорск, Речная улица 20к1",37.326429,55.83541499999999,BYTOVAJA_TEHNIKA,,0.0
10909,RC,"Контейнер для приема электроники ""ЭКО-ФОНД""","г. Люберцы, Митрофанова улица",37.887306,55.697212999999984,BYTOVAJA_TEHNIKA,,0.0
10912,RC,Фандомат по приему вторсырья в магазине Пятерочка,"г. Москва, Большая Почтовая улица 7",37.691459,55.77595000000001,"PLASTIK,METALL",,0.0
10915,RC,"Прием электротехники на заводе ""Экотехпром""","г. Москва, Пехорская ул 1В стр3",37.93793,55.720352000000005,"METALL,BYTOVAJA_TEHNIKA",,1.0
10916,RC,"Пункт приема электротехники и бытового лома ООО ""Втортехмикс""","Россия, Москва, Деповская улица, 3/8",37.50421399999999,55.87363699999999,"METALL,BYTOVAJA_TEHNIKA",,0.0
10917,RC,"Пункт приема электротехники и бытового лома ООО ""Втортехмикс""","г. Москва, Вагоноремонтная улица 10а стр18",37.532160999999995,55.899254999999975,"METALL,BYTOVAJA_TEHNIKA",,0.0
10918,RC,"Контейнер для приема шин на АЗС ""Газпромнефть""","Россия, Московская область, Химки, Лихачёвское шоссе, вл13",37.490238,55.899499000000006,SHINY,,0.0
10924,RC,"Приём зубных щёток в магазине ""Доктор Слон""","Россия, Москва, Весковский переулок, 4",37.599615,55.778436000000006,INOE,,0.0
10925,RC,"Приём зубных щёток в магазине ""Доктор Слон""","Россия, Москва, Симферопольский бульвар, 24к2",37.60459199999999,55.64585199999998,INOE,,0.0
10926,RC,"Приём зубных щёток в магазине ""Доктор Слон""","г. Москва, ул. Профсоюзная, д. 56",37.552719330707156,55.67032828954219,INOE,,0.0
10927,RC,"Контейнер для сбора стекла от компании ""Стеклобой""","Россия, Москва, Новомосковский административный округ, посёлок Коммунарка, жилой комплекс Зелёная Линия",37.475935,55.576253999999985,STEKLO,,1.0
10928,RC,"Контейнер для приема одежды фонда ""Второе дыхание""","Москва, 1-й Боткинский пр-д., 7с1",37.557613,55.78477699999999,ODEZHDA,,0.0
10930,RC,"Контейнер для приема одежды фонда ""Второе дыхание""","Москва, Бобров пер., 6с1",37.63417299999999,55.7648006,ODEZHDA,,0.0
10931,RC,"Контейнер для приема одежды фонда ""Второе дыхание""","Москва, Дмитровское ш., 29к1",37.572005,55.82743,ODEZHDA,,0.0
10933,RC,"Контейнер для приема одежды фонда ""Второе дыхание""","Москва, Литовский бульвар, 7",37.538799,55.613767899999985,ODEZHDA,,0.0
10934,RC,"Контейнер для приема одежды фонда ""Второе дыхание""","Москва, Мичуринский пр., 7к1",37.512236,55.70171889999999,ODEZHDA,,0.0
10935,RC,"Контейнер для приема одежды фонда ""Второе дыхание""","Москва, МКАД, 24 км",37.724699,55.58804999999999,ODEZHDA,,0.0
10936,RC,"Контейнер для приема одежды фонда ""Второе дыхание""","Москва, Нижний Сусальный пер., 5с10",37.664712,55.76047710000001,ODEZHDA,,0.0
10937,RC,"Контейнер для приема одежды фонда ""Второе дыхание""","Москва, Николоямская ул., 21/7, с3",37.654402,55.74724599999999,ODEZHDA,,0.0
10938,RC,"Пункт приема вторсырья в экоцентре ""Битцевский лес""","г. Москва, Новоясеневский туп., д. 1 стр. 3",37.556819,55.597215,"BUMAGA,PLASTIK,STEKLO,METALL,INOE",,1.0
10939,RC,"Контейнер для приема одежды фонда ""Второе дыхание""","Москва, Фитаревская ул., 14к1",37.481603,55.567707899999995,ODEZHDA,,1.0
10940,RC,"Контейнер для приема одежды фонда ""Второе дыхание""","Москва, Лапшинка ул., 8к1",37.332456,55.60901900000001,ODEZHDA,,0.0
10942,RC,"Контейнер для приема одежды фонда ""Второе дыхание""","Москва, Маршала Жукова пр., 1с1",37.50652199999999,55.77509390000001,ODEZHDA,,0.0
10944,RC,"Контейнер для приема одежды фонда ""Второе дыхание""","Москва, Мира пр., 40",37.63374499999999,55.78009130000001,ODEZHDA,,0.0
10945,RC,"Контейнер для приема одежды фонда ""Второе дыхание""","Москва, Серебряническая наб., 29",37.65318200000001,55.750504,ODEZHDA,,1.0
10946,RC,"Контейнер для приема одежды фонда ""Второе дыхание""","Москва, Авиаконструктора Миля ул., 1",37.850756,55.688522000000006,ODEZHDA,,1.0
10950,RC,"Контейнер для приема одежды фонда ""Второе дыхание""","Россия, Москва, Балтийская улица, 4",37.512847,55.80743989999999,ODEZHDA,,0.0
10951,RC,"Контейнер для приема одежды фонда ""Второе дыхание""","Москва, Большая Новодмитровская ул., 36с2",37.58536699999999,55.805083,ODEZHDA,,0.0
10952,RC,"Контейнер для приема одежды фонда ""Второе дыхание""","Москва, Большая Ордынка ул., 18А",37.62463100000001,55.74157099999999,ODEZHDA,,0.0
10957,RC,"Контейнер для приема одежды фонда ""Второе дыхание""","Москва, Кржижановского ул., 14к3",37.566632,55.67978600000001,ODEZHDA,,1.0
10958,RC,"Контейнер для приема одежды фонда ""Второе дыхание""","Москва, Крылатская ул., 17к3",37.42152900000001,55.77035900000001,ODEZHDA,,1.0
10960,RC,"Контейнер для приема одежды фонда ""Второе дыхание""","Москва, Летниковская ул., 2с3",37.643408,55.728986000000006,ODEZHDA,,0.0
10961,RC,"Контейнер для приема одежды фонда ""Второе дыхание""","Москва, Малая Пироговская ул., 8",37.570474,55.72961,ODEZHDA,,1.0
10965,RC,"Контейнер для приема одежды фонда ""Второе дыхание""","Москва, Миклухо-Маклая ул., 18к2",37.5192743,55.64499469999998,ODEZHDA,,0.0
10966,RC,"Контейнер для приема одежды фонда ""Второе дыхание""","Россия, Москва, улица Серпуховский Вал",37.620141,55.71180100000001,ODEZHDA,,0.0
10967,RC,"Контейнер для приема одежды фонда ""Второе дыхание""","Москва, ул. Нижняя Сыромятническая, д. 10 стр. 7",37.668651000000004,55.752171000000004,ODEZHDA,,0.0
10968,RC,"Контейнер для приема одежды фонда ""Второе дыхание""","Москва, Новодмитровская ул., 1",37.58515,55.80647,ODEZHDA,,0.0
10970,RC,"Контейнер для приема одежды фонда ""Второе дыхание""","Москва, Новокузнецкая ул., 1c1",37.629967,55.740224000000005,ODEZHDA,,0.5
10973,RC,"Контейнер для приема одежды фонда ""Второе дыхание""","Москва, Поклонная ул., 15",37.520518,55.73335089999998,ODEZHDA,,0.0
10974,RC,"Контейнер для приема одежды фонда ""Второе дыхание""","Москва, Правды ул., 8к7",37.584416,55.786909,ODEZHDA,,0.0
10975,RC,"Контейнер для приема одежды фонда ""Второе дыхание""","Москва, Садовая-Спасская ул., 12/23с2",37.64162,55.77055200000001,ODEZHDA,,1.0
10976,RC,"Контейнер для приема одежды фонда ""Второе дыхание""","Москва, Старая Басманная ул., 15",37.66077899999999,55.765796999999985,ODEZHDA,,1.0
10982,RC,"Контейнер для приема одежды фонда ""Второе дыхание""","Москва, Тимирязевская ул., 2/3",37.573510000000006,55.807920899999985,ODEZHDA,,1.0
10984,RC,"Контейнер для приема одежды фонда ""Второе дыхание""","г. Москва, ул. Тушинская, д.17",37.444589,55.826916,ODEZHDA,,1.0
10987,RC,"Контейнер для приема одежды фонда ""Второе дыхание""","Москва, Фадеева ул., 7с1",37.596650999999994,55.775545,ODEZHDA,,0.0
10988,RC,"Контейнер для приема одежды фонда ""Второе дыхание""","Москва, Угличская ул., 13с1",37.567455,55.901829,ODEZHDA,,0.0
10989,RC,"Контейнер для приема одежды фонда ""Второе дыхание""","Москва, Хохловский пер., 7/9с2",37.643255,55.756001,ODEZHDA,,0.0
10990,RC,"Контейнер для приема одежды фонда ""Второе дыхание""","Москва, Электролитный пр-д., 7к2",37.610565,55.67529999999998,ODEZHDA,,0.0
10991,RC,"Контейнер для приема одежды фонда ""Второе дыхание""","Москва, Новая ул., 100",37.39054,55.695547999999995,ODEZHDA,,0.0
10992,RC,"Контейнер для приема одежды фонда ""Второе дыхание""","Москва, Павелецкая пл., 2/2",37.63591209999999,55.730191500000004,ODEZHDA,,0.0
11039,RC,Контейнер для книг RE:BOOKS,"г. Москва, Новодмитровская ул., д. 1, стр. 27",37.58487399999999,55.80701899999997,BUMAGA,,1.0
11040,RC,Контейнер для книг RE:BOOKS,"г. Москва, Профсоюзная ул., д. 126, к. 3",37.51658709325219,55.630066227176606,BUMAGA,,0.0
11041,RC,Контейнер для книг RE:BOOKS,"г. Москва, ул. Нижняя Сыромятническая, д. 10, с. 12",37.66887,55.75262500000001,BUMAGA,,0.0
11085,RC,"Пункт приема техники в магазине ""Эльдорадо""","Красногорск, Международная улица, 12",37.38620199999999,55.82103199999999,BYTOVAJA_TEHNIKA,,0.0
11086,RC,"Пункт приема техники в магазине ""Эльдорадо""","Котельники, 1-й Покровский проезд, 5",37.84481,55.65951899999999,BYTOVAJA_TEHNIKA,,0.0
11101,RC,"Пункт приёма техники и батареек в магазине ""М.Видео""","Россия, Москва, Алтуфьевское шоссе, 70к1",37.58866199999999,55.88839999999998,"BYTOVAJA_TEHNIKA,BATAREJKI",,1.0
11106,RC,"Пункт приема техники в магазине ""Эльдорадо""","Москва, Боровское шоссе 6",37.401905,55.65879400000002,BYTOVAJA_TEHNIKA,,0.0
11108,RC,"Пункт приема техники в магазине ""Эльдорадо""","Россия, Москва, Дмитровское шоссе, 163Ак1",37.541499,55.909971999999996,BYTOVAJA_TEHNIKA,,0.0
11109,RC,"Пункт приема техники в магазине ""Эльдорадо""","Москва, Дмитровское шоссе, 89",37.54558099999999,55.863834000000004,BYTOVAJA_TEHNIKA,,0.0
11110,RC,"Пункт приема техники в магазине ""Эльдорадо""","Москва, ул. Дубравная, 34/29",37.357974,55.84588899999999,BYTOVAJA_TEHNIKA,,1.0
11113,RC,"Пункт приема техники в магазине ""Эльдорадо""","Москва, Ленинградское ш., 112/1",37.46555,55.863761999999994,BYTOVAJA_TEHNIKA,,0.0
11114,RC,"Пункт приема техники в магазине ""Эльдорадо""","Москва, Лермонтовский проспект, 19к2",37.855608999999994,55.70016699999998,BYTOVAJA_TEHNIKA,,0.0
11116,RC,"Пункт приема техники в магазине ""Эльдорадо""","Москва, Люблинская улица, 153",37.741908,55.658834999999996,BYTOVAJA_TEHNIKA,,0.0
11117,RC,"Пункт приема техники в магазине ""Эльдорадо""","Москва, МКАД 24-й километр, 1",37.724966,55.586807,BYTOVAJA_TEHNIKA,,0.0
11118,RC,"Пункт приема техники в магазине ""Эльдорадо""","Москва, Новопетровская улица, 6",37.516594,55.82530800000001,BYTOVAJA_TEHNIKA,,0.0
11119,RC,"Пункт приема техники в магазине ""Эльдорадо""","Москва, Ореховый бульвар, 14к3",37.720105999999994,55.609675,BYTOVAJA_TEHNIKA,,0.0
11123,RC,"Пункт приема техники в магазине ""Эльдорадо""","Москва, Профсоюзная улица, 129А",37.507484000000005,55.61813,BYTOVAJA_TEHNIKA,,0.0
11124,RC,"Пункт приема техники и батареек в магазине ""Эльдорадо""","Москва, Профсоюзная улица, 56",37.552479999999996,55.670021000000006,"BYTOVAJA_TEHNIKA,BATAREJKI",,1.0
11126,RC,"Пункт приема техники в магазине ""Эльдорадо""","Москва, проспект Мира, 211к2",37.66209299999999,55.845855,BYTOVAJA_TEHNIKA,,0.0
11127,RC,"Пункт приема техники в магазине ""Эльдорадо""","Москва, Святоозерская ул., 1А",37.88413,55.714822999999996,BYTOVAJA_TEHNIKA,,0.0
11129,RC,"Пункт приема техники в магазине ""Эльдорадо""","Москва, улица Бирюлевская, 51к1",37.67150699999999,55.582654999999995,BYTOVAJA_TEHNIKA,,1.0
11130,RC,"Пункт приема техники в магазине ""Эльдорадо""","Москва, улица Пришвина, 22",37.602166,55.88556999999999,BYTOVAJA_TEHNIKA,,0.0
11131,RC,"Пункт приёма техники и батареек в магазине ""М.Видео""","Москва, Шереметьевская улица, 6к1",37.616924999999995,55.79562800000001,"BYTOVAJA_TEHNIKA,BATAREJKI",,1.0
11134,RC,"Пункт приема техники в магазине ""Эльдорадо""","Мытищи, Осташковское шоссе, 1",37.668192,55.89935499999999,BYTOVAJA_TEHNIKA,,1.0
11137,RC,"Пункт приема техники в магазине ""Эльдорадо""","Немчиновка, Хорошевский проезд, 14",37.378781999999994,55.720412999999986,BYTOVAJA_TEHNIKA,,0.0
11151,RC,"Пункт приема техники в магазине ""Эльдорадо""","Химки, ул. Бутаково, 4",37.435572,55.888026,BYTOVAJA_TEHNIKA,,0.0
11161,RC,"Пункт приема техники в магазине ""Эльдорадо""","Москва, Головинское ш,, 5с1",37.492538,55.840614999999985,BYTOVAJA_TEHNIKA,,0.0
11162,RC,"Пункт приема техники в магазине ""Эльдорадо""","Москва, Зеленый пр-т, 62A",37.820873,55.75077899999999,BYTOVAJA_TEHNIKA,,0.0
11163,RC,"Пункт приема техники в магазине ""Эльдорадо""","Москва, улица Ленинская слобода, 26с 2",37.656772,55.712367,BYTOVAJA_TEHNIKA,,0.0
11164,RC,"Пункт приема техники в магазине ""Эльдорадо""","Москва, улица Менжинского, 27",37.65713399999999,55.870001000000016,BYTOVAJA_TEHNIKA,,0.0
11180,RC,"Пункт приёма техники и батареек в магазине ""М.Видео""","Москва, улица Венёвская, 6",37.543246,55.54784500000001,"BYTOVAJA_TEHNIKA,BATAREJKI",,0.0
11183,RC,"Пункт приёма техники и батареек в магазине ""М.Видео""","Москва, МКАД 24-й километр 1",37.723202,55.585051,"BYTOVAJA_TEHNIKA,BATAREJKI",,0.0
11184,RC,"Пункт приёма техники и батареек в магазине ""М.Видео""","Москва, улица Хабарова, 2",37.35266599999999,55.594650999999985,"BYTOVAJA_TEHNIKA,BATAREJKI",,0.0
11185,RC,"Пункт приёма техники и батареек в магазине ""М.Видео""","Москва, Мосрентген, Калужское шоссе 21-й километр с1",37.489526,55.604483,"BYTOVAJA_TEHNIKA,BATAREJKI",,0.0
11186,RC,"Пункт приёма техники и батареек в магазине ""М.Видео""","Москва, Новоясеневский проспект вл7",37.532367,55.60748899999999,"BYTOVAJA_TEHNIKA,BATAREJKI",,0.0
11187,RC,"Пункт приёма техники и батареек в магазине ""М.Видео""","Москва, улица Генерала Белова, 35",37.72395099999999,55.61082899999998,"BYTOVAJA_TEHNIKA,BATAREJKI",,0.0
11188,RC,"Пункт приёма техники и батареек в магазине ""М.Видео""","Москва, улица Кировоградская, 13А",37.607026,55.612182000000004,"BYTOVAJA_TEHNIKA,BATAREJKI",,0.0
11189,RC,"Пункт приёма техники и батареек в магазине ""М.Видео""","Москва, Новоясеневский проспект 1",37.50927999999999,55.619467,"BYTOVAJA_TEHNIKA,BATAREJKI",,0.0
11190,RC,"Пункт приёма техники и батареек в магазине ""М.Видео""","Москва, Каширское шоссе, 61Г",37.713953,55.621404,"BYTOVAJA_TEHNIKA,BATAREJKI",,0.0
11191,RC,"Пункт приёма техники и батареек в магазине ""М.Видео""","Москва, пос. Московский, Киевское ш., 23-й км, 1",37.422335,55.62234799999999,"BYTOVAJA_TEHNIKA,BATAREJKI",,1.0
11192,RC,"Пункт приёма техники и батареек в магазине ""М.Видео""","Москва, Бесединское шоссе, вл. 15",37.76133,55.62528199999999,"BYTOVAJA_TEHNIKA,BATAREJKI",,0.0
11194,RC,"Пункт приёма техники и батареек в магазине ""М.Видео""","Москва,  Люблинская улица, 169",37.746534999999994,55.64889000000001,"BYTOVAJA_TEHNIKA,BATAREJKI",,1.0
11195,RC,"Пункт приёма техники и батареек в магазине ""М.Видео""","Москва, улица Поречная, 10",37.770053,55.65051399999998,"BYTOVAJA_TEHNIKA,BATAREJKI",,1.0
11196,RC,"Пункт приёма техники и батареек в магазине ""М.Видео""","Россия, Москва, Чонгарский бульвар, 7",37.612558,55.65152100000001,BYTOVAJA_TEHNIKA,,0.0
11197,RC,"Пункт приёма техники и батареек в магазине ""М.Видео""","Котельники, 1-й Покровский проезд, 5",37.84574899999999,55.65330500000002,"BYTOVAJA_TEHNIKA,BATAREJKI",,0.0
11199,RC,"Пункт приёма техники и батареек в магазине ""М.Видео""","Москва, улица Обручева, 34/63",37.538972,55.653999000000006,"BYTOVAJA_TEHNIKA,BATAREJKI",,0.0
11200,RC,"Пункт приёма техники и батареек в магазине ""М.Видео""","Москва, МКАД 47-й километр вл31с1",37.429977,55.658758999999996,"BYTOVAJA_TEHNIKA,BATAREJKI",,0.0
11202,RC,"Пункт приёма техники и батареек в магазине ""М.Видео""","Москва, пр-т Вернадского, 86А",37.48130999999999,55.663463,"BYTOVAJA_TEHNIKA,BATAREJKI",,0.0
11204,RC,"Пункт приёма техники и батареек в магазине ""М.Видео""","Москва, Ленинский проспект вл109",37.511445,55.663842,"BYTOVAJA_TEHNIKA,BATAREJKI",,0.0
11205,RC,"Пункт приёма техники и батареек в магазине ""М.Видео""","Одинцово, Можайское шоссе 71",37.281225,55.67789499999998,"BYTOVAJA_TEHNIKA,BATAREJKI",,0.0
11206,RC,"Пункт приёма техники и батареек в магазине ""М.Видео""","Москва, Мичуринский пр-т, Олимпийская деревня, 3к1",37.46792800000001,55.67810000000001,"BYTOVAJA_TEHNIKA,BATAREJKI",,0.0
11207,RC,"Пункт приёма техники и батареек в магазине ""М.Видео""","Люберцы, Октябрьский проспект, 112",37.877527,55.68513200000001,"BYTOVAJA_TEHNIKA,BATAREJKI",,0.0
11208,RC,"Пункт приёма батареек в магазине ""М.Видео""","Москва, улица Большая Черёмушкинская, 1",37.60188399999999,55.690273,BATAREJKI,,0.5
11209,RC,"Пункт приёма техники и батареек в магазине ""М.Видео""","Москва, пр-кт Андропова, 8",37.664714,55.69598199999998,"BYTOVAJA_TEHNIKA,BATAREJKI",,0.0
11211,RC,"Пункт приёма техники и батареек в магазине ""М.Видео""","Одинцово, улица Минское шоссе, 19-й км",37.343573,55.69931099999998,"BYTOVAJA_TEHNIKA,BATAREJKI",,0.0
11212,RC,"Пункт приёма техники и батареек в магазине ""М.Видео""","Москва, улица Зеленодольская, 40",37.765696000000005,55.703837,"BYTOVAJA_TEHNIKA,BATAREJKI",,0.0
11214,RC,"Пункт приёма техники в магазине ""М.Видео""","Москва, улица Вавилова, 3",37.592096000000005,55.706883,BYTOVAJA_TEHNIKA,,0.0
11216,RC,"Пункт приёма техники и батареек в магазине ""М.Видео""","Москва, улица Большая Тульская, 13",37.622034,55.708253,"BYTOVAJA_TEHNIKA,BATAREJKI",,0.0
11217,RC,"Пункт приёма техники и батареек в магазине ""М.Видео""","Москва, Рязанский пр-т, 28с1",37.778964,55.718986,"BYTOVAJA_TEHNIKA,BATAREJKI",,0.0
11218,RC,"Пункт приёма техники и батареек в магазине ""М.Видео""","Одинцовский р-н, 55-56 км МКАД, Хорошевский пр., 14",37.380224999999996,55.719839999999984,"BYTOVAJA_TEHNIKA,BATAREJKI",,0.0
11219,RC,"Пункт приёма техники и батареек в магазине ""М.Видео""","Жуковский, улица Гагарина, 67",37.379832,55.720306,"BYTOVAJA_TEHNIKA,BATAREJKI",,0.0
11221,RC,"Пункт приёма техники и батареек в магазине ""М.Видео""","Москва, Славянский бульвар 13с1",37.463826,55.72555399999998,"BYTOVAJA_TEHNIKA,BATAREJKI",,1.0
11222,RC,"Пункт приёма техники и батареек в магазине ""М.Видео""","Россия, Москва, Кутузовский проспект, 57",37.475416,55.72768,BYTOVAJA_TEHNIKA,,1.0
11223,RC,"Пункт приёма техники и батареек в магазине ""М.Видео""","Россия, Москва, Новокосинская улица, 14А",37.856702,55.737797999999984,"BYTOVAJA_TEHNIKA,BATAREJKI",,0.0
11224,RC,"Пункт приёма техники и батареек в магазине ""М.Видео""","Москва, улица Марксистская, 1к1",37.658322999999996,55.740750999999996,"BYTOVAJA_TEHNIKA,BATAREJKI",,0.0
11226,RC,"Пункт приёма техники и батареек в магазине ""М.Видео""","Москва, пл. Киевского Вокзала, д. 2",37.565357,55.745261,"BYTOVAJA_TEHNIKA,BATAREJKI",,0.0
11227,RC,"Пункт приёма техники и батареек в магазине ""М.Видео""","Москва, шоссе Энтузиастов, 12к2",37.707098,55.74736299999999,"BYTOVAJA_TEHNIKA,BATAREJKI",,0.0
11228,RC,"Пункт приёма техники и батареек в магазине ""М.Видео""","Реутов, Носовихинское шоссе, 45",37.887246999999995,55.752282999999984,"BYTOVAJA_TEHNIKA,BATAREJKI",,0.0
11229,RC,"Пункт приёма техники и батареек в магазине ""М.Видео""","Москва, Свободный проспект 33",37.819307,55.752784,"BYTOVAJA_TEHNIKA,BATAREJKI",,1.0
11231,RC,"Пункт приёма техники и батареек в магазине ""М.Видео""","Москва, улица Красная Пресня, 23Бс1",37.56812,55.76145699999999,"BYTOVAJA_TEHNIKA,BATAREJKI",,0.0
11232,RC,"Пункт приёма техники и батареек в магазине ""М.Видео""","Москва, Рублёвское шоссе, 62",37.37899099999999,55.767148,"BYTOVAJA_TEHNIKA,BATAREJKI",,0.0
11233,RC,"Пункт приёма техники и батареек в магазине ""М.Видео""","Москва, Трубная площадь 2",37.622333,55.766491,"BYTOVAJA_TEHNIKA,BATAREJKI",,0.0
11234,RC,"Пункт приёма техники и батареек в магазине ""М.Видео""","Москва, улица Садовая-Спасская, 3с3",37.641808,55.771291,"BYTOVAJA_TEHNIKA,BATAREJKI",,0.0
11235,RC,"Пункт приёма техники и батареек в магазине ""М.Видео""","Москва, Хорошёвское шоссе, 27",37.52384399999999,55.776608999999986,"BYTOVAJA_TEHNIKA,BATAREJKI",,0.0
11236,RC,"Пункт приёма техники и батареек в магазине ""М.Видео""","Москва, улица Народного Ополчения 28к1",37.481567,55.78144299999999,"BYTOVAJA_TEHNIKA,BATAREJKI",,1.0
11238,RC,"Пункт приёма техники и батареек в магазине ""М.Видео""","Москва, улица Русаковская, 22",37.678836999999994,55.78645499999999,"BYTOVAJA_TEHNIKA,BATAREJKI",,0.0
11239,RC,"Пункт приёма техники и батареек в магазине ""М.Видео""","Москва, Ходынский б-р, 4",37.526849,55.79034600000001,"BYTOVAJA_TEHNIKA,BATAREJKI",,0.0
11242,RC,"Пункт приёма техники и батареек в магазине ""М.Видео""","Балашиха, шоссе Энтузиастов, 36А",37.93926799999999,55.793728,"BYTOVAJA_TEHNIKA,BATAREJKI",,0.0
11243,RC,"Пункт приёма техники и батареек в магазине ""М.Видео""","Москва, улица Большая Черкизовская, 1к1",37.715673,55.796896,"BYTOVAJA_TEHNIKA,BATAREJKI",,0.0
11244,RC,"Пункт приёма техники и батареек в магазине ""М.Видео""","Красногорский район, Новорижское шоссе, вл. 2с1",37.274593,55.799243,"BYTOVAJA_TEHNIKA,BATAREJKI",,0.0
11245,RC,"Пункт приёма техники и батареек в магазине ""М.Видео""","Москва, проспект Мира 91к1",37.635278,55.805355999999996,"BYTOVAJA_TEHNIKA,BATAREJKI",,1.0
11246,RC,"Пункт приёма техники и батареек в магазине ""М.Видео""","Москва, Строгинский бульвар 1",37.39545499999999,55.806043999999986,"BYTOVAJA_TEHNIKA,BATAREJKI",,0.0
11249,RC,"Пункт приёма техники и батареек в магазине ""М.Видео""","Красногорск, Международная улица, 12",37.38620199999999,55.82103199999999,"BYTOVAJA_TEHNIKA,BATAREJKI",Режим работы требует уточнения,1.0
11250,RC,"Пункт приёма техники и батареек в магазине ""М.Видео""","Москва, Ленинградское ш., д. 16А, стр. 4",37.498257,55.824412,"BYTOVAJA_TEHNIKA,BATAREJKI",,0.0
11251,RC,"Пункт приёма техники и батареек в магазине ""М.Видео""","Красногорск, улица Ленина, 35А",37.308175,55.82946099999999,"BYTOVAJA_TEHNIKA,BATAREJKI",,0.0
11252,RC,"Пункт приёма техники и батареек в магазине ""М.Видео""","Москва, Дмитровское ш., 43к1",37.57168599999999,55.833586999999994,"BYTOVAJA_TEHNIKA,BATAREJKI",,0.0
11253,RC,"Пункт приёма техники и батареек в магазине ""М.Видео""","Москва, улица Митинская, 36к1",37.36173899999999,55.84668099999999,"BYTOVAJA_TEHNIKA,BATAREJKI",,1.0
11254,RC,"Пункт приёма техники и батареек в магазине ""М.Видео""","Москва, улица Сходненская, 56",37.44409,55.85040799999999,"BYTOVAJA_TEHNIKA,BATAREJKI",,0.0
11257,RC,"Пункт приёма техники и батареек в магазине ""М.Видео""","Москва, Фестивальная улица, вл.2Б",37.47827999999999,55.855009999999986,"BYTOVAJA_TEHNIKA,BATAREJKI",,1.0
11258,RC,"Пункт приёма техники и батареек в магазине ""М.Видео""","Москва, улица Декабристов, 12",37.603452,55.863075999999985,"BYTOVAJA_TEHNIKA,BATAREJKI",,0.0
11259,RC,"Пункт приёма техники и батареек в магазине ""М.Видео""","Москва, проезд Дежнева, 21",37.638009,55.870481,"BYTOVAJA_TEHNIKA,BATAREJKI",,0.0
11260,RC,"Пункт приёма техники и батареек в магазине ""М.Видео""","Красногорск, Пятницкое шоссе 7-й километр, вл.2",37.332268,55.876249999999985,"BYTOVAJA_TEHNIKA,BATAREJKI",,0.0
11262,RC,"Пункт приёма техники и батареек в магазине ""М.Видео""","Химки, Ленинградское шоссе, влд. 5",37.432812999999996,55.888778,"BYTOVAJA_TEHNIKA,BATAREJKI",,0.0
11265,RC,"Пункт приёма техники и батареек в магазине ""М.Видео""","Москва, Дмитровское шоссе, 116Д",37.545500999999994,55.904342,"BYTOVAJA_TEHNIKA,BATAREJKI",,0.0
11266,RC,"Пункт приёма техники и батареек в магазине ""М.Видео""","Мытищи, Ярославское шоссе с103",37.779943,55.91196599999999,"BYTOVAJA_TEHNIKA,BATAREJKI",,0.0
11268,RC,"Пункт приёма техники и батареек в магазине ""М.Видео""","Мытищи, Олимпийский проспект 10",37.772379,55.91638500000001,"BYTOVAJA_TEHNIKA,BATAREJKI",,0.0
11269,RC,"Пункт приёма техники и батареек в магазине ""М.Видео""","Мытищи, Шараповский проезд, вл2",37.759263999999995,55.916677,"BYTOVAJA_TEHNIKA,BATAREJKI",,0.0
11270,RC,"Пункт приёма техники и батареек в магазине ""М.Видео""","Мытищи, улица Мира, 51",37.708,55.92061900000001,"BYTOVAJA_TEHNIKA,BATAREJKI",,0.0
11272,RC,"Пункт приёма техники и батареек в магазине ""М.Видео""","Долгопрудный, улица Дирижабельная, 23",37.506,55.946442000000005,"BYTOVAJA_TEHNIKA,BATAREJKI",,1.0
11281,RC,"Пункт приёма техники и батареек в магазине ""М.Видео""","Москва, улица Измайловский вал, 3с1",37.717821,55.78072600000001,"BYTOVAJA_TEHNIKA,BATAREJKI",,0.0
11282,RC,"Пункт приёма техники и батареек в магазине ""М.Видео""","Москва, Чонгарский бульвар, 3",37.61716599999999,55.652942,"BYTOVAJA_TEHNIKA,BATAREJKI",,0.0
11283,RC,"Пункт приёма техники и батареек в магазине ""М.Видео""","Москва, Щёлковское шоссе, 100к101",37.83093,55.812168000000014,"BYTOVAJA_TEHNIKA,BATAREJKI",,0.0
11352,RC,"Контейнеры для батареек, зубных щёток, аэрозольных баллончиков, одежды в магазине «Перекрёсток»","Москва, Волжский бульвар, 7",37.745437,55.716658,"PLASTIK,ODEZHDA,BATAREJKI,OPASNYE_OTHODY,INOE",,1.0
11354,RC,Контейнеры для зубных щёток и крышечек магазине «Перекрёсток»,"Москва, Русаковская улица, 31",37.678685,55.788576,"PLASTIK,KRYSHECHKI,INOE",,0.0
11355,RC,Контейнер для зубных щёток и батареек в магазине «Перекрёсток»,"Москва, Плещеева улица, 4",37.606514,55.88374099999999,"PLASTIK,BATAREJKI,INOE",,0.0
11356,RC,Контейнер для зубных щёток и батареек в магазине «Перекрёсток»,"Москва, Дубнинская улица, 30",37.558957,55.877354,"PLASTIK,BATAREJKI,INOE",,0.0
11359,RC,Контейнер для зубных щёток и аэрозольных балончиков в магазине «Перекрёсток»,"Москва, Череповецкая улица, 17",37.585142,55.898901999999964,"PLASTIK,OPASNYE_OTHODY,INOE",,1.0
11361,RC,"Точка приема крышечек в магазине ""Перекресток""","г. Москва, Кировоградская ул., д. 14",37.60598233998968,55.62296312742072,KRYSHECHKI,,0.0
11362,RC,"Точка приёма батареек и крышечек в магазине ""ВкусВилл""","Москва, улица Маршала Бирюзова, 32",37.483630999999995,55.79938399999999,"KRYSHECHKI,BATAREJKI",,1.0
11369,RC,"Точка приёма крышечек в магазине ""Перекрёсток""","г. Москва, пр-кт Вернадского, д. 86А",37.48062,55.662848000000004,KRYSHECHKI,,1.0
11373,RC,Контейнер для зубных щёток и батареек в магазине «Перекрёсток»,"Москва, Таллинская улица, 7",37.39605,55.80037300000001,"PLASTIK,BATAREJKI,INOE",,1.0
11378,RC,Контейнер для зубных щёток в магазине «Перекрёсток» от SPLAT,"Москва, Литовский бульвар, 22",37.537634,55.612013999999995,"PLASTIK,INOE",,0.0
11379,RC,Контейнеры для зубных щёток и крышечек магазине «Перекрёсток»,"Москва, Тишинская площадь, 1с1",37.583306,55.769309,"PLASTIK,KRYSHECHKI,INOE",,0.0
11382,RC,Контейнер для зубных щёток и батареек в магазине «Перекрёсток»,"Москва, Кустанайская улица, 6",37.751911,55.61954699999998,"PLASTIK,BATAREJKI,INOE",,1.0
11389,RC,"Контейнер для зубных щёток, крышечек и батареек в магазине «Перекрёсток»","Москва, Большая Полянка улица, 28с1",37.618973,55.73533499999999,"PLASTIK,KRYSHECHKI,BATAREJKI,INOE",,0.0
11394,RC,"Пункт приёма зубных щёток в магазине ""Перекрёсток""","Балашиха, Зелёная улица, 32",37.94369499999999,55.808040999999996,INOE,,0.0
11395,RC,Контейнер для зубных щёток в магазине «Перекрёсток» от SPLAT,"Москва, Фрязевская улица, 3к1",37.817717,55.74547799999999,"PLASTIK,INOE",,0.0
11400,RC,"Пункт приёма зубных щёток в магазине ""Перекрёсток""","Реутов, Октября улица, вл. 10",37.85929999999999,55.751922999999984,INOE,,0.0
11401,RC,"Пункт приёма зубных щёток в магазине ""Перекрёсток""","Реутов, Южная улица, 10А",37.862139,55.747155,INOE,,0.0
11406,RC,Контейнер для зубных щёток в магазине «Перекрёсток» от SPLAT,"Москва, Магнитогорская улица, 2",37.821301,55.77263899999999,"PLASTIK,INOE",,1.0
11409,RC,Контейнер для зубных щёток в магазине «Перекрёсток» от SPLAT,"Красногорск, Авангардная улица, 3",37.361912,55.81442599999998,"PLASTIK,INOE",,0.0
11410,RC,"Пункт приёма зубных щёток в магазине ""Перекрёсток""","Красногорск, Знаменская улица, 5",37.346739,55.818876999999986,INOE,,0.0
11417,RC,"Пункт приёма зубных щёток в магазине ""Перекрёсток""","Мытищи, Олимпийский проспект, 10",37.772379,55.91638599999999,INOE,,0.0
11419,RC,"Пункт приёма зубных щёток в магазине ""Перекрёсток""","Мытищи, Троицкая улица, 7",37.699921,55.90518999999998,INOE,,0.0
11423,RC,"Пункт приёма зубных щёток в магазине ""Перекрёсток""","Мытищи, Летная улица, 40А",37.711203999999995,55.90426599999999,INOE,,0.0
11426,RC,"Пункт приёма зубных щёток в магазине ""Перекрёсток""","Мытищи, Олимпийский проспект, 21",37.754223999999994,55.92510199999999,INOE,,0.0
11428,RC,"Пункт приёма зубных щёток в магазине ""Перекрёсток""","Мытищи, Новомытищинский проспект, 31А",37.72847800000001,55.905482,INOE,,0.0
11430,RC,"Точка приема крышечек в магазине ""Перекресток""","г. Москва, ул. Планерная, д. 7",37.434873,55.862984,KRYSHECHKI,,0.0
11435,RC,Контейнер для зубных щёток в магазине «Перекрёсток» от SPLAT,"Москва, Генерала Белобородова улица, 14к1",37.354800999999995,55.83554399999999,"PLASTIK,INOE",,0.0
11436,RC,Контейнер для зубных щёток в магазине «Перекрёсток» от SPLAT,"Москва, Митинская улица, 21",37.365190999999996,55.843318000000004,"PLASTIK,INOE",,0.0
11439,RC,Контейнер для зубных щёток в магазине «Перекрёсток» от SPLAT,"Москва, Академика Янгеля улица, 8А",37.589805,55.59669099999999,"PLASTIK,INOE",,0.0
11440,RC,Контейнер для зубных щёток в магазине «Перекрёсток» от SPLAT,"Москва, Вешняковская улица, 18",37.825155,55.72412400000001,"PLASTIK,INOE",,0.0
11441,RC,Контейнер для зубных щёток в магазине «Перекрёсток» от SPLAT,"Москва, Каширское шоссе, 80",37.709093,55.62450499999999,"PLASTIK,INOE",,0.0
11443,RC,Контейнер для зубных щёток в магазине «Перекрёсток» от SPLAT,"Москва, Пришвина улица, 22",37.602166,55.88556999999995,"PLASTIK,INOE",,0.0
11444,RC,"Пункт приёма батареек в магазине ""Перекрёсток""","Москва, Алтуфьевское шоссе, 95",37.58561799999999,55.901955,BATAREJKI,,0.0
11446,RC,"Точка приема крышечек в магазине ""Перекресток""","г. Москва, Краснопрудная ул., д. 13А",37.66643029659099,55.78043247154885,KRYSHECHKI,,0.0
11447,RC,Контейнер для зубных щёток в магазине «Перекрёсток» от SPLAT,"Москва, Большая Семёновская улица, 16",37.704116,55.78207100000001,"PLASTIK,INOE",,0.0
11448,RC,Контейнер для зубных щёток в магазине «Перекрёсток» от SPLAT,"Москва, Юных Ленинцев улица, 12",37.741064,55.69929400000001,"PLASTIK,INOE",,0.0
11449,RC,Точка приема крышечек в магазине Перекресток,"г. Москва, Волжский бульвар 113Ак1",37.75236499999999,55.69999899999999,KRYSHECHKI,,1.0
11450,RC,Контейнер для зубных щёток в магазине «Перекрёсток» от SPLAT,"Москва, Новомарьинская улица, 14/15",37.758499999999984,55.65422799999999,"PLASTIK,INOE",,0.0
11451,RC,"Пункт приёма зубных щёток в магазине ""Перекрёсток""","Москва, Сормовская улица 6",37.812022,55.71075799999998,INOE,,0.0
11452,RC,"Пункт приёма зубных щёток в магазине ""Перекрёсток""","Москва, Рязанский проспект 14к2",37.76251599999999,55.72481399999999,INOE,,0.0
11454,RC,Контейнер для зубных щёток в магазине «Перекрёсток» от SPLAT,"Москва, Люблинская улица, 169к2",37.744936,55.64906299999998,"PLASTIK,INOE",,0.0
11457,RC,Контейнер для зубных щёток в магазине «Перекрёсток» от SPLAT,"Москва, Борисовские пруды улица, 26",37.758204,55.63995899999998,"PLASTIK,INOE",,0.0
11460,RC,Контейнер для зубных щёток в магазине «Перекрёсток» от SPLAT,"Москва, Генерала Кузнецова улица, 25к1",37.85347000000001,55.681858999999996,"PLASTIK,INOE",,0.0
11461,RC,Контейнер для зубных щёток в магазине «Перекрёсток» от SPLAT,"Москва, Никулинская улица, 21",37.453531,55.66897499999998,"PLASTIK,INOE",,0.0
11465,RC,Контейнер для зубных щёток в магазине «Перекрёсток» от SPLAT,"Москва, Варшавское шоссе, 160",37.59524,55.582986000000005,"PLASTIK,INOE",,0.0
11466,RC,Контейнер для зубных щёток в магазине «Перекрёсток» от SPLAT,"Видное, Солнечный микрорайон, 10",37.702543999999996,55.551740999999986,"PLASTIK,INOE",,0.0
11468,RC,"Пункт приёма зубных щёток в магазине ""Перекрёсток""","Москва, Варшавское шоссе, 87",37.62040999999999,55.652669999999986,INOE,,0.0
11469,RC,"Точка приема крышечек в магазине ""Перекресток""","г. Москва, ул. Каховка, д. 27",37.57151647354015,55.65556497789299,KRYSHECHKI,,0.0
11470,RC,Контейнеры для зубных щёток и крышечек магазине «Перекрёсток»,"Москва, Азовская улица, 24к3",37.595555,55.647533999999986,"PLASTIK,KRYSHECHKI,INOE",,0.0
11474,RC,Контейнер для зубных щёток в магазине «Перекрёсток» от SPLAT,"Москва, Краснобогатырская улица, 90с2",37.71005999999999,55.800419999999974,"PLASTIK,INOE",,0.0
11475,RC,Контейнер для зубных щёток в магазине «Перекрёсток» от SPLAT,"Москва, Заревый проезд, 14/12",37.656077999999994,55.887295,"PLASTIK,INOE",,0.0
11476,RC,"Пункт приёма зубных щёток в магазине ""Перекрёсток""","Долгопрудный, Старое Дмитровское шоссе, 2с1",37.532053,55.96650899999998,INOE,,0.0
11477,RC,Контейнер для зубных щёток в магазине «Перекрёсток» от SPLAT,"Москва, Широкая улица, 9к1",37.658759999999994,55.888281,"PLASTIK,INOE",,0.0
11478,RC,Контейнер для зубных щёток в магазине «Перекрёсток» от SPLAT,"Москва, Сухонская улица, 9",37.652481,55.87716700000001,"PLASTIK,INOE",,0.0
11480,RC,"Точка приема крышечек в магазине ""Перекресток""","г. Москва, Дмитровское ш., д. 13, к. 1",37.573188906743866,55.81808783382453,KRYSHECHKI,,0.0
11481,RC,"ТОЧКА ПРИЕМА КРЫШЕЧЕК В МАГАЗИНЕ ""ПЕРЕКРЕСТОК""","г. Москва, Дмитровское шоссе  73с3",37.54612000000002,55.879150000000024,KRYSHECHKI,,0.0
11482,RC,"Пункт приёма зубных щёток в магазине ""Перекрёсток""","Люберцы, Побратимов улица, 7",37.896717,55.69240500000001,INOE,,0.0
11488,RC,"Пункт приёма зубных щёток в магазине ""Перекрёсток""","Одинцово, Белорусская улица, 5",37.30343,55.66344,INOE,,0.0
11490,RC,Контейнер для зубных щёток в магазине «Перекрёсток» от SPLAT,"Москва, п. Внуковское, Летчика Ульянина улица, 5",37.307894999999995,55.625944999999994,"PLASTIK,INOE",,0.0
11492,RC,Контейнер для зубных щёток в магазине «Перекрёсток» от SPLAT,"Москва, п. Сосенское, Сосновая улица, 6",37.451665,55.57155599999999,"PLASTIK,INOE",,0.0
11495,RC,Контейнер для зубных щёток в магазине «Перекрёсток» от SPLAT,"Одинцово, Можайское шоссе, 159",37.305431999999996,55.68649199999999,"PLASTIK,INOE",,0.0
11497,RC,"Пункт приёма зубных щёток в магазине ""Перекрёсток""","Москва, п. Московский, Солнечная улица 3",37.366104,55.591655999999986,INOE,,0.0
11498,RC,Контейнер для зубных щёток в магазине «Перекрёсток» от SPLAT,"Москва, Волочаевская улица, 12Ас1",37.681969999999986,55.755959999999995,"PLASTIK,INOE",,0.0
11499,RC,Контейнер для зубных щёток в магазине «Перекрёсток» от SPLAT,"Москва, Полярная улица, 21",37.635177,55.87910799999996,"PLASTIK,INOE",,0.0
11501,RC,"Пункт приёма зубных щёток в магазине ""Перекрёсток""","Москва, Свободы улица, 44",37.454649999999994,55.847819999999984,INOE,,0.0
11502,RC,"Пункт приёма зубных щёток в магазине ""Перекрёсток""","Химки, Молодежная улица, 2",37.42306899999999,55.87875399999999,INOE,,0.0
11503,RC,"Пункт приёма зубных щёток в магазине ""Перекрёсток""","Щербинка, Брусилова улица 29А",37.593569,55.500258999999986,INOE,,0.0
11511,RC,Контейнер для зубных щёток в магазине «Перекрёсток» от SPLAT,"Москва, Снежная улица, 26",37.653388,55.85499699999999,"PLASTIK,INOE",,0.0
11512,RC,"Пункт приёма зубных щёток в магазине ""Перекрёсток""","Москва, Ярославское шоссе, 12к1",37.682082,55.85399000000001,INOE,,0.0
11515,RC,"Пункт приёма зубных щёток в магазине ""Перекрёсток""","Москва, Шелепихинская набережная, 34к2",37.50818,55.76342999999997,INOE,,0.0
11516,RC,Контейнер для зубных щёток в магазине «Перекрёсток» от SPLAT,"Москва, Озёрная улица, 35",37.447616,55.66912000000001,"PLASTIK,INOE",,0.0
11517,RC,Контейнер для зубных щёток в магазине «Перекрёсток» от SPLAT,"Москва, Академика Анохина улица, 58",37.469287,55.650225,"PLASTIK,INOE",,0.0
11521,RC,"Точка приема крышечек в магазине ""Перекресток""","г. Москва, ул. Островитянова, д. 7",37.495108813490134,55.64408472688579,KRYSHECHKI,,0.0
11523,RC,Контейнер для зубных щёток в магазине «Перекрёсток» от SPLAT,"Москва, Академика Варги улица, 8к1",37.474509999999995,55.63022,"PLASTIK,INOE",,1.0
11525,RC,"Пункт приёма зубных щёток в магазине ""Перекрёсток""","Москва, 26 Бакинских комиссаров улица, 7к6",37.484669999999994,55.655469999999994,INOE,,0.0
11526,RC,"Пункт приёма батареек в магазине ""Перекрёсток""","Москва, ул. Академика Капицы, 34/121",37.51753,55.628198999999995,BATAREJKI,,0.0
11528,RC,Контейнер для зубных щёток в магазине «Перекрёсток» от SPLAT,"Москва, Боровское шоссе 35",37.359466999999995,55.641218,"PLASTIK,INOE",,0.0
11532,RC,Контейнер для зубных щёток в магазине «Перекрёсток» от SPLAT,"Одинцово, улица Чистяковой, 3",37.331253,55.694392,"PLASTIK,INOE",,0.0
11535,RC,Контейнер для зубных щёток в магазине «Перекрёсток» от SPLAT,"Москва, Скульптора Мухиной улица, 12",37.341417,55.639473,"PLASTIK,INOE",,1.0
11537,RC,"Точка приёма крышечек и зубных щёток в магазине ""Перекрёсток""","г. Москва, Лебедянская ул., д.14, к.1, стр. 2",37.672839999999994,55.58618999999999,"KRYSHECHKI,INOE",,0.0
11538,RC,Контейнер для зубных щёток в магазине «Перекрёсток» от SPLAT,"Москва, Липецкая улица, 7А",37.682772,55.583632,"PLASTIK,INOE",,0.0
11539,RC,Контейнер для зубных щёток в магазине «Перекрёсток» от SPLAT,"Москва, Михневская улица, 4",37.665334,55.578711999999996,"PLASTIK,INOE",,0.0
11540,RC,"Пункт приёма зубных щёток в магазине ""Перекрёсток""","Москва, Кантемировская улица, 6к1",37.67768,55.637829999999994,INOE,,0.0
11542,RC,Контейнер для зубных щёток в магазине «Перекрёсток» от SPLAT,"Москва, Бирюлёвская улица, 21к1",37.66497999999999,55.5941,"PLASTIK,INOE",,0.0
11543,RC,"Пункт приёма зубных щёток в магазине ""Перекрёсток""","Москва, Чонгарский бульвар, 16к1",37.60990000000001,55.65376,INOE,,0.0
11545,RC,Точка приема крышечек в магазине Перекресток,"г. Москва, Луганская улица 5",37.66632899999999,55.62616999999999,KRYSHECHKI,,1.0
11546,RC,Точка приема крышечек в магазине Перекресток,"г. Москва, Бакинская улица 17",37.657647000000004,55.620274999999985,KRYSHECHKI,,1.0
11550,RC,"Контейнер для зубных щёток, крышечек и батареек в магазине «Перекрёсток»","Москва, Кибальчича, 12, к. 2",37.653969999999994,55.815590999999976,"PLASTIK,KRYSHECHKI,BATAREJKI,INOE",,0.0
11552,RC,"Пункт приёма зубных щёток, крышечек и одежды в магазине ""Перекрёсток""","Москва, Милашенкова улица, 4с7",37.589184,55.82285299999999,"ODEZHDA,INOE",,0.0
11553,RC,"Пункт приёма зубных щёток в магазине ""Перекрёсток""","Москва, Столярный переулок, 3к6",37.571639999999995,55.76472999999998,INOE,,0.0
11554,RC,Контейнер для зубных щёток в магазине «Перекрёсток» от SPLAT,"Москва, Ленинградский проспект, 31Ас1",37.559475,55.78367,"PLASTIK,INOE",,0.0
11562,RC,"Пункт приёма зубных щёток в магазине ""Перекрёсток""","Химки, д. Голиково, Горетовская, 1",37.31416699999999,55.937991,INOE,,0.0
11563,RC,"Точка приема крышечек в магазине ""Перекресток""","г. Москва, ул. Удальцова, д. 85 к. 5",37.48551450106731,55.68096069158294,KRYSHECHKI,,0.0
11565,RC,Контейнер для зубных щёток в магазине «Перекрёсток» от SPLAT,"Москва, Ясногорская улица, 2",37.536453,55.61025399999999,"PLASTIK,INOE",,0.0
11567,RC,Контейнер для зубных щёток в магазине «Перекрёсток» от SPLAT,"Москва, Славянский бульвар, 9к1",37.46806699999999,55.726396999999956,"PLASTIK,INOE",,1.0
11568,RC,Контейнер для зубных щёток в магазине «Перекрёсток» от SPLAT,"Москва, Матвеевская улица, 2",37.479113,55.70533299999998,"PLASTIK,INOE",,0.0
11569,RC,Контейнер для зубных щёток в магазине «Перекрёсток» от SPLAT,"Москва, Минская улица, 14А",37.484787,55.738991999999996,"PLASTIK,INOE",,0.0
11570,RC,Контейнер для зубных щёток в магазине «Перекрёсток» от SPLAT,"Москва, Свободный проспект, 33",37.81931,55.75277999999998,"PLASTIK,INOE",,0.0
11575,RC,Контейнер для зубных щёток в магазине «Перекрёсток» от SPLAT,"Москва, Россошанский проезд, 3",37.60896499999999,55.601117000000016,"PLASTIK,INOE",,0.0
11576,RC,Контейнер для зубных щёток в магазине «Перекрёсток» от SPLAT,"Москва, Варшавское шоссе, 26с8",37.62117899999999,55.68458499999998,"PLASTIK,INOE",,0.0
11577,RC,Контейнер для зубных щёток в магазине «Перекрёсток» от SPLAT,"Москва, Балаклавский проспект, 16А",37.603875,55.642209999999984,"PLASTIK,INOE",,0.0
11578,RC,Контейнер для зубных щёток в магазине «Перекрёсток» от SPLAT,"Москва, Варшавское шоссе, 152А",37.59913,55.59461000000001,"PLASTIK,INOE",,0.0
11579,RC,Контейнер для зубных щёток в магазине «Перекрёсток» от SPLAT,"Москва, бульвар Адмирала Ушакова, 7",37.551345,55.546192999999974,"PLASTIK,INOE",,0.0
11580,RC,Контейнер для зубных щёток в магазине «Перекрёсток» от SPLAT,"Москва, Грина улица, 7",37.569486999999995,55.56729499999999,"PLASTIK,INOE",,1.0
11581,RC,Контейнер для зубных щёток в магазине «Перекрёсток» от SPLAT,"Москва, Адмирала Лазарева, 24",37.532577,55.54691499999999,"PLASTIK,INOE",,0.0
11584,RC,Контейнер для сбора одежды «ЛидерТекс»,"Россия, Московская область, Балашиха, микрорайон Алексеевская Роща",37.925813,55.83332699999999,ODEZHDA,,0.0
11587,RC,"Пункт приёма зубных щёток и крышечек в магазине ""Перекрёсток""","Москва, Введенского улица, 13Б",37.54202399999999,55.642153999999984,"KRYSHECHKI,INOE",,0.0
11589,RC,Контейнер для зубных щёток в магазине «Перекрёсток» от SPLAT,"Москва, Алтуфьевское шоссе, 95",37.585545,55.902213,"PLASTIK,INOE",,0.0
11590,RC,Контейнер для зубных щёток в магазине «Перекрёсток» от SPLAT,"Москва, Лазоревый проезд, 5к5",37.635593,55.847294999999995,"PLASTIK,INOE",,0.0
11591,RC,Контейнер для зубных щёток в магазине «Перекрёсток» от SPLAT,"Москва, Мурановская улица, 15А",37.600594,55.89361199999998,"PLASTIK,INOE",,0.0
11592,RC,"Пункт приёма зубных щёток и крышечек в магазине ""Перекрёсток""","Москва, пр-кт Мира, 33к1",37.63216899999999,55.780423,"KRYSHECHKI,INOE",,1.0
11593,RC,Контейнер для зубных щёток в магазине «Перекрёсток» от SPLAT,"Москва, Дубнинская улица, 40А",37.55844,55.888999999999996,"PLASTIK,INOE",,0.0
11594,RC,Контейнер для зубных щёток в магазине «Перекрёсток» от SPLAT,"Москва, Керамический проезд, 52к1",37.56455999999999,55.875490000000006,"PLASTIK,INOE",,0.0
11605,RC,Контейнер для зубных щёток в магазине «Перекрёсток» от SPLAT,"Москва, Ленинский проспект, 109",37.511485,55.663794,"PLASTIK,INOE",,0.0
11606,RC,Контейнер для зубных щёток в магазине «Перекрёсток» от SPLAT,"Москва, Героев Панфиловцев улица, 7",37.43190799999999,55.857124000000006,"PLASTIK,INOE",,0.0
11607,RC,"Пункт приёма батареек в магазине ""Перекрёсток""","Москва, Ленинградское шоссе, 112к4",37.46458,55.865036,BATAREJKI,,0.0
11608,RC,"Пункт приёма зубных щёток в магазине ""Перекрёсток""","Москва, Ленинградский проспект, 37Б",37.54458699999999,55.78991699999999,INOE,,0.0
11609,RC,"Точка приема крышечек в магазине ""Перекресток""","г. Москва, ул. Маршала Федоренко, д.12",37.489006,55.881642000000014,KRYSHECHKI,,0.0
11610,RC,Контейнер для зубных щёток в магазине «Перекрёсток» от SPLAT,"Москва, Онежская улица, 34к1",37.51103,55.85872000000001,"PLASTIK,INOE",,0.0
11612,RC,Контейнер для зубных щёток в магазине «Перекрёсток» от SPLAT,"Москва, Зеленоградская , 33, к. 2",37.49031,55.87516899999999,"PLASTIK,INOE",,0.0
11613,RC,Контейнер для зубных щёток в магазине «Перекрёсток» от SPLAT,"Москва, Коровинское шоссе, 24к1",37.51993,55.88228999999998,"PLASTIK,INOE",,0.0
11614,RC,"Пункт приёма зубных щёток в магазине ""Перекрёсток""","Москва, Воротынская улица, 18",37.388389,55.88989799999999,INOE,,0.0
11615,RC,"Пункт приёма зубных щёток в магазине ""Перекрёсток""","Москва, Соколово-Мещерская улица, 29",37.38474500000001,55.904822999999986,INOE,,0.0
11616,RC,Контейнер для зубных щёток в магазине «Перекрёсток» от SPLAT,"Москва, Нежинская улица, 6к1",37.47068599999999,55.70962900000001,"PLASTIK,INOE",,0.0
11617,RC,Контейнер для зубных щёток в магазине «Перекрёсток» от SPLAT,"Москва, Малыгина улица, 7",37.694783,55.880502,"PLASTIK,INOE",,1.0
11618,RC,"Пункт приёма зубных щёток в магазине ""Перекрёсток""","Москва, Перовская улица, 61А",37.797301,55.745292,INOE,,0.0
11619,RC,Контейнер для зубных щёток в магазине «Перекрёсток» от SPLAT,"Москва, Перерва улица, 43к1",37.747954,55.659022,"PLASTIK,INOE",,0.0
11620,RC,Контейнер для зубных щёток в магазине «Перекрёсток» от SPLAT,"Москва, Карамышевская набережная, 2А",37.494521,55.769135,"PLASTIK,INOE",,0.0
11621,RC,"Пункт приёма зубных щёток в магазине ""Перекрёсток""","Москва, Варшавское шоссе, 210с1",37.581011999999994,55.535264,INOE,,1.0
11623,RC,Контейнер для зубных щёток в магазине «Перекрёсток» от SPLAT,"Москва, Шаболовка, 10",37.610036,55.723497,"PLASTIK,INOE",,1.0
11624,RC,"Точка приема крышечек в магазине ""Перекресток""","г. Москва, ул. Вавилова, д. 66, стр. 1",37.54921,55.68318,KRYSHECHKI,,1.0
11625,RC,"Пункт приёма зубных щёток в магазине ""Перекрёсток""","Москва, Академика Челомея улица, 3к2",37.52709,55.65948999999999,INOE,,0.0
11626,RC,"Контейнеры для зубных щёток, крышечек и батареек в магазине «Перекрёсток»","Москва, Новочеремушкинская улица, 26",37.57578,55.67934999999999,"PLASTIK,KRYSHECHKI,BATAREJKI,INOE",,0.0
11628,RC,"Точка приема крышечек в магазине ""Перекресток""","г. Москва, Нагатинская ул., д. 16",37.64424084194234,55.67860036692472,KRYSHECHKI,,0.0
11630,RC,Контейнер для зубных щёток в магазине «Перекрёсток» от SPLAT,"Москва, проспект Мира, 92c2",37.63636,55.79322999999997,"PLASTIK,INOE",,0.0
11631,RC,Контейнер для зубных щёток в магазине «Перекрёсток» от SPLAT,"Москва, Большая Новодмитровская улица, 23с3",37.58374,55.802949999999996,"PLASTIK,INOE",,0.0
11632,RC,Контейнер для зубных щёток в магазине «Перекрёсток» от SPLAT,"Москва, Новослободская улица, 4",37.602155999999994,55.77961899999998,"PLASTIK,INOE",,0.0
11633,RC,"Контейнеры для зубных щёток, крышечек и батареек в магазине «Перекрёсток»","Москва, Большая Дорогомиловская улица, 8",37.566147,55.746264000000004,"PLASTIK,KRYSHECHKI,BATAREJKI,INOE",,0.0
11634,RC,"Пункт приёма зубных щёток в магазине ""Перекрёсток""","Москва, Тихвинская улица, 3с1",37.60131,55.785519,INOE,,0.0
11635,RC,"Пункт приёма зубных щёток в магазине ""Перекрёсток""","Москва, Ладожская улица, 13с1",37.68479299999999,55.771848999999996,INOE,,0.0
11636,RC,Контейнер для зубных щёток в магазине «Перекрёсток» от SPLAT,"Москва, Стромынка улица, 25с1",37.700736,55.795603,"PLASTIK,INOE",,0.0
11638,RC,"Пункт приема батареек и крышечек в магазине ""Перекрёсток""","Москва, Театральная аллея, 3с1",37.560169,55.793032999999994,"KRYSHECHKI,BATAREJKI",,0.0
11639,RC,"Точка приема крышечек в магазине ""Перекресток""","г. Москва, Новопетровская ул., д. 6",37.516529999999996,55.82566,KRYSHECHKI,,0.0
11640,RC,"Пункт приёма зубных щёток в магазине ""Перекрёсток""","Видное, Берёзовая улица, 8",37.718326999999995,55.540715,INOE,,0.0
11641,RC,"Пункт приёма зубных щёток в магазине ""Перекрёсток""","Видное, Радужная улица, 2",37.71071,55.542422999999985,INOE,,0.0
11642,RC,"Точка приема крышечек в магазине ""Перекресток""","г. Москва, ул. Марксистская, д. 1, к. 1",37.6584576097886,55.74081999999921,KRYSHECHKI,,0.0
11643,RC,"Контейнеры для зубных щёток, крышечек и батареек в магазине «Перекрёсток»","Москва, Домодедовская улица, 28",37.712226,55.60500199999998,"PLASTIK,KRYSHECHKI,BATAREJKI,INOE",,0.0
11644,RC,"Точка приёма батареек и крышечек в магазине ""Перекрёсток""","г. Москва, Елецкая ул., д. 15",37.73378,55.60733999999999,"KRYSHECHKI,BATAREJKI",,0.0
11646,RC,Контейнер для зубных щёток в магазине «Перекрёсток» от SPLAT,"Москва, Борисовский проезд, 3к1",37.714479999999995,55.62524999999999,"PLASTIK,INOE",,0.0
11647,RC,Контейнер для зубных щёток в магазине «Перекрёсток» от SPLAT,"Москва, Борисовские пруды улица, 10к1",37.73974,55.63546000000001,"PLASTIK,INOE",,0.0
11648,RC,Контейнеры для зубных щёток и одежды в магазине «Перекрёсток»,"Москва, Пролетарский проспект 19к1",37.65618,55.641200000000005,"PLASTIK,ODEZHDA,INOE",,1.0
11651,RC,Контейнер для зубных щёток в магазине «Перекрёсток» от SPLAT,"Москва, Совхозная улица, 8",37.747407,55.67090400000001,"PLASTIK,INOE",,0.0
11653,RC,Контейнер для зубных щёток в магазине «Перекрёсток» от SPLAT,"Москва, Паперника улица, 9",37.787231,55.72069599999999,"PLASTIK,INOE",,0.0
11654,RC,"Контейнер для зубных щёток, крышечек и батареек в магазине «Перекрёсток»","Москва, Братиславская, 12",37.75298,55.659738999999995,"PLASTIK,KRYSHECHKI,BATAREJKI,INOE",,0.0
11655,RC,Контейнер для зубных щёток в магазине «Перекрёсток» от SPLAT,"Москва, Люблинская , 102а",37.74219,55.65229999999998,"PLASTIK,INOE",,0.0
11657,RC,Контейнер для зубных щёток в магазине «Перекрёсток» от SPLAT,"Москва, Дмитровское шоссе, 73с3",37.55759199999999,55.856853,"PLASTIK,INOE",,1.0
11668,RC,"Точка приёма зубных щёток в магазине ""Перекрёсток""","д. Сапроново, Северный квартал 2",37.72231,55.53702,INOE,,0.0
11673,RC,Контейнер для зубных щёток в магазине «Перекрёсток» от SPLAT,"Королёв, Лесная улица, 12",37.843656999999986,55.93348499999999,"PLASTIK,INOE",,0.0
11674,RC,Контейнер для зубных щёток в магазине «Перекрёсток» от SPLAT,"Королев, Горького улица, 79к13",37.882898,55.918361999999966,"PLASTIK,INOE",,0.0
11676,RC,"Пункт приёма зубных щёток в магазине ""Перекрёсток""","Королёв, Королёва улица, 6Г",37.83801,55.92054199999999,INOE,,0.0
11679,RC,"Пункт приёма зубных щёток в магазине ""Перекрёсток""","Москва, 3-й Крутицкий переулок, 18",37.663707,55.73177099999999,INOE,,1.0
11680,RC,Контейнер для зубных щёток в магазине «Перекрёсток» от SPLAT,"Москва, Профсоюзная улица, 129А",37.506989,55.61851099999999,"PLASTIK,INOE",,0.0
11682,RC,Контейнер для зубных щёток в магазине «Перекрёсток» от SPLAT,"Москва, Боровское шоссе 46",37.348216,55.636218,"PLASTIK,INOE",,0.0
11684,RC,Контейнер для зубных щёток в магазине «Перекрёсток» от SPLAT,"Москва, Мячковский бульвар, 18к1",37.759638,55.64979699999997,"PLASTIK,INOE",,0.0
11685,RC,"Контейнер для приема опасных отходов в магазине ""Lemana Pro""","Химки, ул. 9 Мая, вл. 20с1",37.415915,55.90296199999998,"ODEZHDA,LAMPOCHKI,BATAREJKI,OPASNYE_OTHODY",,0.0
11687,RC,"Контейнер для приема опасных отходов в магазине ""Lemana Pro""","Москва, Новорижское шоссе, 1с5",37.300449,55.79976999999998,"ODEZHDA,LAMPOCHKI,BATAREJKI,OPASNYE_OTHODY",,0.5
11689,RC,"Контейнер для приема опасных отходов в магазине ""Lemana Pro""","Москва, п. Московский квартал, 34 вл1 с1",37.391168,55.62120500000001,"LAMPOCHKI,BATAREJKI,OPASNYE_OTHODY,INOE",,1.0
11701,RC,"Пункт приема вещей в детском благотворительном секонд-хенде ""Крок и Зябра""","Россия, Москва, Ломоносовский проспект, 4к2",37.550124999999994,55.687107000000005,ODEZHDA,,0.0
11702,RC,"Пункт приема вещей для детского благотворительного секонд-хенда  ""Крок и Зябра""","г. Реутов, Юбилейный проспект д. 38",37.870659,55.749535999999985,ODEZHDA,,0.0
11704,RC,"Контейнер для приема одежды ""Доброворот""","г. Москва,  Панфилова улица, 4к1",37.499237,55.800463000000015,ODEZHDA,,0.0
11706,RC,"Контейнер для приема одежды ""Доброворот""","Россия, Москва, улица Академика Анохина, 4к2",37.47136999999999,55.670016000000004,ODEZHDA,,1.0
11708,RC,"Контейнер для приема одежды ""Доброворот""","г. Москва, аллея Жемчуговой, 7",37.82719,55.73349999999998,ODEZHDA,,0.0
11711,RC,"Контейнер для приема одежды ""Доброворот""","г. Москва, Южнобутовская улица, 6с1",37.54198199999999,55.54454699999998,ODEZHDA,,0.0
11712,RC,"Контейнер для сбора стекла от компании ""Стеклобой""","г. Москва, п. Коммунарка, Липовый парк, д. 4, к. 3",37.489585092987475,55.57093847095538,STEKLO,,0.0
13031,RC,"Контейнер-сетка для вторсырья ООО ""ЭкоЛайн-Воскресенск""","Люберцы г, Томилино рп, Пионерская ул, дом № 18",37.949329999999996,55.671389999999995,"BUMAGA,PLASTIK,STEKLO,METALL",,0.0
14518,RC,Контейнер для приема б/у шин,"Россия, Московская область, Королёв, микрорайон Болшево, Сосновая аллея",37.83417899999999,55.930556999999986,SHINY,,0.0
14519,RC,"Пункт приема шин, металлолома и электролома ООО ""ОрисПром""","г. Дзержинский, Академика Жукова улица 2",37.837004,55.63779400000001,"METALL,BYTOVAJA_TEHNIKA,SHINY",,1.0
14520,RC,"Пункт приема шин, металлолома и электролома ООО ""ОрисПром""","г. Москва, промзона № 46",37.497278,55.890219,"METALL,BYTOVAJA_TEHNIKA,SHINY",,0.0
14521,RC,"Пункт приема шин, металлолома и электролома ООО ""ОрисПром""","г. Москва, Востряковский проезд 10стр131,",37.618587,55.57925600000002,"METALL,BYTOVAJA_TEHNIKA,SHINY",,0.0
14524,RC,Пункт приема крышечек (крупные партии),"г. Москва, Липецкая улица вл5а",37.67464999999999,55.591499999999996,KRYSHECHKI,,0.0
14530,RC,Пункт приема крышечек (крупные партии),"г. Москва, Кузьминская улица 10стр1",37.78816,55.69338,KRYSHECHKI,,1.0
14628,RC,"Точка приема крышечек в магазине ""Магнит""","г. Москва, ул. Черняховского, д. 6",37.535921105708354,55.80463236865079,KRYSHECHKI,,0.0
14634,RC,"Пункт приема крышечек в экоцентре ""Царская Пасека""","г. Москва, п. Измайловская пасека",37.785053999999995,55.774081999999986,KRYSHECHKI,,1.0
14635,RC,"Пункт приема вторсырья в экоцентре ""Экошкола Кусково""","Россия, Москва, 3-я Музейная улица, 40с1",37.797475,55.736125000000015,"BUMAGA,ODEZHDA,KRYSHECHKI",,0.0
14636,RC,Экоцентр «Терлецкий»,"г. Москва, Металлургов 41 стр1",37.8101534,55.76125859999999,KRYSHECHKI,,0.5
14637,RC,Экоцентр «Скворечник»,"г. Москва, Каширское ш., д. 148, к. 1",37.72440378826036,55.59550054239191,KRYSHECHKI,,0.5
14646,RC,"Пункт приема вторсырья ""Первомайское""","г.Москва, 9я парковая улица 30стр3",37.80073899999999,55.795190000000005,"BUMAGA,METALL",,1.0
14647,RC,"Пункт приема вторсырья ""5 ПRАВИЛ""","Россия, Московская область, Химки, жилой комплекс Солнечная Система",37.415782,55.91629599999999,"BUMAGA,PLASTIK,STEKLO,METALL,TETRA_PAK,KRYSHECHKI,BYTOVAJA_TEHNIKA,BATAREJKI,INOE",Пункт работает каждые 2 недели в субботу и воскресенье с 12 до 13 часов. Проверяйте анонсы акций в соцсетях проекта.,1.0
14648,RC,"Пункт приема электроники в сервисном центре ""Samsung""","Россия, Москва, проспект Мира, 76",37.635187,55.790784,BYTOVAJA_TEHNIKA,,0.0
14649,RC,"Пункт приема электроники в сервисном центре ""Samsung""","г. Москва, Ходынский б-р, д. 4",37.532972692178845,55.789577517997145,"BYTOVAJA_TEHNIKA,BATAREJKI",,0.0
14651,RC,Пункт приема электроники в сервисном центре Samsung,"г. Москва, Новочеремушкинская ул., д. 57",37.56739686571615,55.670000938587535,BYTOVAJA_TEHNIKA,,0.0
14652,RC,Пункт приема электроники в сервисном центре Samsung,"г.Москва, Садовая-Кудринская ул., 20",37.58778566076515,55.76265395878266,BYTOVAJA_TEHNIKA,,0.0
14653,RC,Пункт приема электроники в сервисном центре Samsung ,"г.Москва, Тверская улица 22",37.601169,55.76741800000001,BYTOVAJA_TEHNIKA,,0.0
14770,RC,"Пункт приема батареек и газовых баллонов  в outdoor-центре ""АльпИндустрия""","Россия, Москва, Первомайская улица, 18",37.776733,55.791306000000006,"BATAREJKI,INOE",,1.0
14771,RC,"Пункт приема батареек и газовых баллонов  в магазине ""АльпИндустрия""","г. Москва, Сколковское шоссе 31",37.404219999999995,55.705723999999975,"BATAREJKI,INOE",,0.0
14772,RC,"Пункт приема батареек и газовых баллонов  в магазине ""Petzl""","г. Москва, Смольная улица 63б",37.47030199999999,55.86981400000001,"BATAREJKI,INOE",,0.0
14773,RC,"Пункт приема батареек и газовых баллонов  в магазине ""The North Face""","г. Москва, Смольная улица 63б",37.46980899999999,55.87032,"BATAREJKI,INOE",,0.0
14774,RC,"Пункт приема газовых баллонов  в магазине ""АльпИндустрия""","г. Москва, Смольная улица 63б",37.46981,55.87032100000001,INOE,,0.0
14775,RC,"Пункт приема газовых баллонов в магазине ""Patagonia""","г. Москва, Смольная улица 63б",37.46981099999999,55.870322,INOE,,0.0
14776,RC,"Пункт приема газовых баллонов в магазине ""АльпИндустрия Горные лыжи""","г. Москва, Смольная улица 63б",37.469812,55.870323000000006,INOE,,0.0
14777,RC,"Пункт приема газовых баллонов в магазине в дисконте ""Outdoor-дисконт Экстрим""","г. Москва, Смольная улица 63б",37.469813,55.87032399999999,INOE,,0.0
14780,RC,"Точка приема крышечек и батареек в магазине ""Вкусвилл""","Москва, Авиамоторная ул., 10, корп. 1",37.71524599999999,55.754252999999984,"KRYSHECHKI,BATAREJKI",,0.0
14781,RC,"Точка приёма батареек и крышечек в магазине ""ВкусВилл""","Москва, Садовая-Спасская ул., 21/1",37.649292,55.769423,"KRYSHECHKI,BATAREJKI",,0.0
14782,RC,"Точка приёма батареек и крышечек в магазине ""ВкусВилл""","Москва, Ленинский пр-т, 37А",37.58667,55.708607,"KRYSHECHKI,BATAREJKI",,1.0
14784,RC,"Точка приёма батареек, крышечек и пластиковых карточек в магазине ""ВкусВилл""","Москва, Большой Факельный пер., 3с2",37.663692,55.74263,"KRYSHECHKI,BATAREJKI,INOE",,1.0
14785,RC,"Точка приёма батареек и крышечек в магазине ""ВкусВилл""","Москва, Верхняя Красносельская ул., 38/19с1",37.66556899999999,55.77952,"KRYSHECHKI,BATAREJKI",,1.0
14786,RC,"Точка приёма батареек и крышечек в магазине ""ВкусВилл""","Москва, Верхняя Радищевская ул., 22",37.653218,55.742656000000004,"KRYSHECHKI,BATAREJKI",,0.0
14788,RC,"Точка приёма батареек и крышечек в магазине ""ВкусВилл""","Москва, пгт Московский, 3, мкр-н 9",37.542553999999996,55.92448199999999,"KRYSHECHKI,BATAREJKI",,0.0
14789,RC,"Точка приёма батареек, крышечек и пластиковых карточек в магазине ""ВкусВилл""","Москва, Пролетарский пр-т, 23",37.656586,55.636900000000004,"KRYSHECHKI,BATAREJKI,INOE",,0.0
14790,RC,"Точка приёма батареек и крышечек в магазине ""ВкусВилл""","Москва, Соколово-Мещерская ул., 25",37.384747000000004,55.90336299999999,"KRYSHECHKI,BATAREJKI",,0.0
14791,RC,"Точка приёма батареек и крышечек в магазине ""ВкусВилл""","Москва, Солнцевский пр-т, 26",37.40826499999999,55.649961999999995,"KRYSHECHKI,BATAREJKI",,0.0
14792,RC,"Точка приёма батареек и крышечек в магазине ""ВкусВилл""","Москва, Пятницкое ш., 21",37.370815,55.84690499999998,"KRYSHECHKI,BATAREJKI",,0.0
14795,RC,"Точка приёма батареек и крышечек в магазине ""ВкусВилл""","Москва, Балаклавский пр-т, 5Ас12",37.60840999999999,55.64085299999998,"KRYSHECHKI,BATAREJKI",,0.0
14796,RC,"Точка приёма батареек и крышечек в магазине ""ВкусВилл""","Москва, Ельнинская ул., 23с2",37.416727,55.74073,"KRYSHECHKI,BATAREJKI",,0.0
14797,RC,"Точка приёма батареек и крышечек в магазине ""ВкусВилл""","Москва, Истринская ул., 10к1",37.435178,55.73701,"KRYSHECHKI,BATAREJKI",,0.0
14798,RC,"Точка приёма батареек, крышечек, пластиковых карточек и блистеров в магазине ""ВкусВилл""","Москва, Можайское ш., 28",37.421623,55.72023099999998,"KRYSHECHKI,BATAREJKI,INOE",,0.0
14801,RC,"Точка приёма батареек и крышечек в магазине ""ВкусВилл""","Москва, Славянский б-р, 9к1",37.46753600000001,55.726244,"KRYSHECHKI,BATAREJKI",,0.0
14804,RC,"Точка приёма батареек и крышечек в магазине ""ВкусВилл""","Химки, квартал Клязьма, Набережный проезд, 27",37.446056,55.95786299999999,"KRYSHECHKI,BATAREJKI",,0.0
14805,RC,"Точка приёма батареек и крышечек в магазине ""ВкусВилл""","Химки, Совхозная ул., 6",37.479528,55.898422000000004,"KRYSHECHKI,BATAREJKI",,0.0
14807,RC,"Точка приёма батареек и крышечек в магазине ""ВкусВилл""","Одинцово, Белорусская ул., 5",37.303414,55.663451,"KRYSHECHKI,BATAREJKI",,0.0
14809,RC,"Точка приёма батареек и крышечек в магазине ""ВкусВилл""","Одинцово, ул. Маковского, 2А",37.280956,55.670731999999994,"KRYSHECHKI,BATAREJKI",,0.0
14810,RC,"Точка приёма батареек, крышечек и фандомат для пластиковых бутылок и алюминевых банок в магазине ""ВкусВилл""","Москва, Большая Спасская ул., 8с1А",37.64321,55.775676999999995,"PLASTIK,METALL,BATAREJKI",,1.0
14811,RC,"Точка приёма батареек и крышечек в магазине ""ВкусВилл""","Москва, пос. Коммунарка, ул. Липовый Парк, 7",37.490254,55.56896199999999,"KRYSHECHKI,BATAREJKI",,0.0
14813,RC,"Точка приёма батареек и крышечек в магазине ""ВкусВилл""","Долгопрудный, Первомайская ул., 56Б",37.51721299999999,55.939614999999996,"KRYSHECHKI,BATAREJKI",,1.0
14815,RC,"Точка приёма батареек и крышечек в магазине ""ВкусВилл""","Ивантеевка, ул. Дзержинского, 21/2, пом. 3",37.911034,55.96847899999998,"KRYSHECHKI,BATAREJKI",,1.0
14816,RC,"Точка приёма батареек и крышечек в магазине ""ВкусВилл""","Красногорск, Павшинский б-р, 30",37.36696899999999,55.81163900000001,"KRYSHECHKI,BATAREJKI",,0.0
14817,RC,"Точка приёма батареек, крышечек, одежды в магазине ""ВкусВилл""","Красногорск, Красногорский б-р, 23к1",37.373934999999996,55.82486099999999,"ODEZHDA,KRYSHECHKI,BATAREJKI",,0.0
14819,RC,"Точка приёма батареек и крышечек в магазине ""ВкусВилл""","Москва, ул. Азовская, 3",37.605715,55.66233400000001,"KRYSHECHKI,BATAREJKI",,1.0
14820,RC,"Точка приёма батареек и крышечек в магазине ""ВкусВилл""","Москва, Беломорская улица, 26с2",37.474218,55.86411200000001,"KRYSHECHKI,BATAREJKI",,0.0
14821,RC,"Точка приёма батареек, крышечек и пластиковых карточек в магазине ""ВкусВилл""","Москва, б-р Дмитрия Донского, 11",37.576385,55.56680699999999,"KRYSHECHKI,BATAREJKI,INOE",,0.0
14822,RC,"Точка приёма батареек в магазине ""ВкусВилл""","Москва, б-р Дмитрия Донского, 2к1",37.575693,55.570166,BATAREJKI,,0.0
14823,RC,"Точка приёма батареек и крышечек в магазине ""ВкусВилл""","Москва, б-р Яна Райниса, 2к1",37.43451399999999,55.85105000000001,"KRYSHECHKI,BATAREJKI",,0.0
14824,RC,"Точка приёма батареек в магазине ""ВкусВилл""","Москва, Бутырская ул., 95",37.580535,55.807394999999985,BATAREJKI,,0.0
14825,RC,"Точка приёма батареек и крышечек в магазине ""ВкусВилл""","Москва, Вучетича, 22",37.558113,55.81173499999999,"KRYSHECHKI,BATAREJKI",,0.0
14828,RC,"Точка приёма батареек и крышечек в магазине ""ВкусВилл""","Москва, Зелёный пр-т, 60А",37.817663,55.751010999999984,"KRYSHECHKI,BATAREJKI",,1.0
14829,RC,"Точка приёма батареек и крышечек в магазине ""ВкусВилл""","Москва, Лазоревый пр., 1Ак2",37.63756899999999,55.847294999999995,"KRYSHECHKI,BATAREJKI",,0.0
14830,RC,"Точка приёма батареек и крышечек в магазине ""ВкусВилл""","Москва, Ленинградский пр-кт, 54/1",37.53909099999999,55.798019,"KRYSHECHKI,BATAREJKI",,0.0
14831,RC,"Точка приёма батареек и крышечек в магазине ""ВкусВилл""","Москва, Ленинградский пр-кт, 74А",37.516952,55.806915999999994,"KRYSHECHKI,BATAREJKI",,1.0
14832,RC,"Точка приёма батареек и крышечек в магазине ""ВкусВилл""","Москва, Митинская ул., 36",37.363375999999995,55.846118,"KRYSHECHKI,BATAREJKI",,0.0
14834,RC,"Точка приёма батареек и крышечек в магазине ""ВкусВилл""","Москва, Петровско-Разумовский пр-д, 18",37.567671,55.79895000000002,"KRYSHECHKI,BATAREJKI",,1.0
14835,RC,"Точка приёма батареек и крышечек в магазине ""ВкусВилл""","Москва, Петрозаводская ул., 24Ас1",37.49347,55.86764699999999,"KRYSHECHKI,BATAREJKI",,1.0
14836,RC,"Точка приёма батареек, крышечек и пластиковых карточек в магазине ""ВкусВилл""","Москва, пр-т Маршала Жукова, 52",37.464257,55.77774799999999,"BATAREJKI,INOE",,0.0
14837,RC,"Точка приёма батареек и крышечек в магазине ""ВкусВилл""","Москва, пр-т Мира, 95с1",37.635853,55.808002,"KRYSHECHKI,BATAREJKI",,0.0
14838,RC,"Точка приёма батареек и крышечек в магазине ""ВкусВилл""","Москва, Рязанский пр-т, 75Б с1",37.793282999999995,55.717927999999986,"KRYSHECHKI,BATAREJKI",,0.0
14839,RC,"Точка приёма батареек и крышечек в магазине ""ВкусВилл""","Москва, Садовая-Триумфальная ул., 22/31",37.60342399999999,55.771772999999996,"KRYSHECHKI,BATAREJKI",,0.0
14840,RC,"Точка приёма батареек и крышечек в магазине ""ВкусВилл""","Москва, Скобелевская ул., 20",37.555445,55.546052999999986,"KRYSHECHKI,BATAREJKI",,0.0
14841,RC,"Точка приёма батареек и крышечек в магазине ""ВкусВилл""","Москва, Суздальская ул., 30/2",37.863423,55.743673999999984,"KRYSHECHKI,BATAREJKI",,0.0
14842,RC,"Точка приёма батареек и крышечек в магазине ""ВкусВилл""","Москва, ул. Академика Королёва, 5",37.628316000000005,55.820885,"KRYSHECHKI,BATAREJKI",,0.0
14844,RC,"Точка приёма батареек и крышечек в магазине ""ВкусВилл""","Москва, ул. Гризодубовой, 2",37.531935999999995,55.78257200000001,"KRYSHECHKI,BATAREJKI",,0.0
14845,RC,"Точка приёма батареек и крышечек в магазине ""ВкусВилл""","Москва, ул. Гризодубовой, 4к3",37.522321999999996,55.78491400000001,"KRYSHECHKI,BATAREJKI",,0.0
14846,RC,"Точка приёма батареек и крышечек в магазине ""ВкусВилл""","Москва, ул. Лескова, 2",37.590255,55.89769999999999,"KRYSHECHKI,BATAREJKI",,0.0
14847,RC,"Точка приёма батареек и крышечек в магазине ""ВкусВилл""","Москва, ул. Менжинского, 23",37.660377000000004,55.869762999999985,"KRYSHECHKI,BATAREJKI",,1.0
14848,RC,"Точка приёма батареек в магазине ""ВкусВилл""","Москва, ул. Раменки, 3с1",37.496704,55.693186,BATAREJKI,,0.0
14849,RC,"Точка приёма батареек в магазине ""ВкусВилл""","Москва, ул. Усачева, 29к1",37.56381699999999,55.724429,BATAREJKI,,0.0
14850,RC,"Точка приёма батареек, крышечек и пластиковых карточек в магазине ""ВкусВилл""","Москва, ул. Хачатуряна, 18А",37.60378599999999,55.861365000000006,"KRYSHECHKI,BATAREJKI,INOE",,0.0
14851,RC,"Точка приёма батареек и крышечек в магазине ""ВкусВилл""","Москва, ул. Черняховского, д. 6",37.535255,55.804179,"KRYSHECHKI,BATAREJKI",,0.0
14852,RC,"Точка приёма батареек и крышечек в магазине ""ВкусВилл""","Москва, ул. Ярославская, 11к2",37.646651,55.81815399999998,"KRYSHECHKI,BATAREJKI",,0.0
14854,RC,"Точка приёма батареек и крышечек в магазине ""ВкусВилл""","Мытищи, ул. Веры Волошиной, 10",37.72593599999999,55.89277899999999,"KRYSHECHKI,BATAREJKI",,0.0
14857,RC,"Точка приёма батареек и крышечек в магазине ""ВкусВилл""","Москва, Криворожская ул., 27",37.60976599999999,55.669492999999996,"KRYSHECHKI,BATAREJKI",,0.0
14859,RC,"Точка приема крышечек и батареек в магазине ""Вкусвилл""","Москва, Авиамоторная ул., 47",37.718489,55.75021099999998,"KRYSHECHKI,BATAREJKI",,1.0
14860,RC,"Точка приёма батареек и пластиковых карточек в магазине ""ВкусВилл""","Москва, ул. Большая Якиманка, 54",37.61147299999999,55.731383999999984,"BATAREJKI,INOE",,0.0
14864,RC,"Точка приёма батареек и крышечек в магазине ""ВкусВилл""","Москва, Новогиреевская ул., 20/34к2",37.794217,55.75911100000001,"KRYSHECHKI,BATAREJKI",,0.0
14865,RC,"Точка приёма батареек в магазине ""ВкусВилл""","Химки, Ленинский пр-т, 1к2",37.45266,55.895762,BATAREJKI,,0.0
14866,RC,"Точка приёма батареек и крышечек в магазине ""ВкусВилл""","Москва, Большая Академическая ул., 24к2",37.529574,55.824517999999976,"KRYSHECHKI,BATAREJKI",,0.0
14867,RC,"Точка приёма батареек и крышечек в магазине ""ВкусВилл""","Москва, ул. Куусинена, 4Ак1",37.51660199999999,55.780279,"KRYSHECHKI,BATAREJKI",,0.0
14868,RC,"Точка приёма батареек и крышечек в магазине ""ВкусВилл""","Москва, Сокольническая пл., 4А",37.678540999999996,55.78995199999999,"KRYSHECHKI,BATAREJKI",,0.0
14870,RC,"Точка приёма батареек и крышечек в магазине ""ВкусВилл""","ВНИИССОК, Берёзовая ул., 6",37.203072,55.658042999999985,"KRYSHECHKI,BATAREJKI",,0.0
14871,RC,Точка приема батареек в магазине ВкусВилл,"Москва, 1-я Мясниковская ул., 2",37.70215799999999,55.816480000000006,BATAREJKI,,0.0
14875,RC,"Контейнеры приёма батареек и крышечек, экообменник крышечек в магазине ""ВкусВилл""","Россия, Москва, Большая Черкизовская улица, 5к1",37.721463,55.797537999999996,"KRYSHECHKI,BATAREJKI",,0.0
14876,RC,"Точка приёма батареек и крышечек в магазине ""ВкусВилл""","Москва, Большая Черкизовская ул., 6",37.719593999999994,55.79620300000001,"KRYSHECHKI,BATAREJKI",,0.0
14877,RC,"Точка приёма батареек, крышечек и пластиковых карточек в магазине ""ВкусВилл""","Москва, Весёлая ул., 4",37.666467999999995,55.621876999999984,"KRYSHECHKI,BATAREJKI,INOE",,1.0
14878,RC,"Точка приёма батареек, крышечек и пластиковых карточек в магазине ""ВкусВилл""","Москва, ул. Долгоруковская, 39/6",37.600258999999994,55.77871199999998,"KRYSHECHKI,BATAREJKI,INOE",,0.0
14879,RC,"Точка приёма батареек и крышечек в магазине ""ВкусВилл""","Москва, Игральная ул., 10",37.71433,55.81564999999999,"KRYSHECHKI,BATAREJKI",,1.0
14880,RC,"Точка приёма батареек и крышечек в магазине ""ВкусВилл""","Москва, Измайловский б-р, 38",37.800712,55.796395000000004,"KRYSHECHKI,BATAREJKI",,0.0
14881,RC,"Точка приёма батареек и крышечек в магазине ""ВкусВилл""","Москва, Измайловский б-р, 58",37.81187799999999,55.796405,"KRYSHECHKI,BATAREJKI",,0.0
14883,RC,"Точка приёма батареек и крышечек в магазине ""ВкусВилл""","Москва, Лубянский пр-д, 27/1с1",37.635098,55.75415699999998,"KRYSHECHKI,BATAREJKI",,1.0
14884,RC,"Точка приёма батареек и крышечек в магазине ""ВкусВилл""","Москва, Новопесчаная ул., 21к1",37.51165,55.794489000000006,"KRYSHECHKI,BATAREJKI",,0.0
14885,RC,"Точка приёма батареек и крышечек в магазине ""ВкусВилл""","Москва, Оружейный пер., 5",37.598004,55.77131,"KRYSHECHKI,BATAREJKI",,0.0
14886,RC,"Точка приёма батареек и крышечек в магазине ""ВкусВилл""","Москва, п. Внуковское, ул. Самуила Маршака, 16",37.32689599999999,55.63824700000001,"KRYSHECHKI,BATAREJKI",,0.0
14887,RC,"Точка приёма батареек и крышечек в магазине ""ВкусВилл""","Москва, ул. Первомайская, 34/16",37.78375199999999,55.79253899999999,"KRYSHECHKI,BATAREJKI",,0.0
14888,RC,"Точка приёма батареек и крышечек в магазине ""ВкусВилл""","Москва, ул. Первомайская, 46",37.78964499999999,55.79287799999999,"KRYSHECHKI,BATAREJKI",,0.0
14889,RC,"Точка приёма батареек и крышечек в магазине ""ВкусВилл""","Москва, Первомайская ул., 74",37.800685,55.793009000000005,"KRYSHECHKI,BATAREJKI",,1.0
14890,RC,"Точка приёма батареек и крышечек в магазине ""ВкусВилл""","Москва, Просторная ул., 6",37.71625199999999,55.804299,"KRYSHECHKI,BATAREJKI",,1.0
14891,RC,"Точка приёма батареек в магазине ""ВкусВилл""","Москва, пр-т Буденного, 24к1",37.73181099999999,55.765169,BATAREJKI,,0.0
14892,RC,"Точка приёма батареек, крышечек и пластиковых карточек в магазине ""ВкусВилл""","Москва, Садовническая ул., 51, стр. 1",37.639976,55.742847999999995,"KRYSHECHKI,BATAREJKI,INOE",,0.0
14893,RC,"Точка приёма батареек и крышечек в магазине ""ВкусВилл""","Москва, Сиреневый б-р, 28",37.800326,55.802426999999994,"KRYSHECHKI,BATAREJKI",,0.0
14894,RC,"Точка приёма батареек, крышечек и блистеров в магазине ""ВкусВилл""","Москва, Сиреневый б-р, 59с1",37.817491999999994,55.80358499999998,"KRYSHECHKI,BATAREJKI,INOE",,0.0
14895,RC,"Точка приёма батареек и крышечек в магазине ""ВкусВилл""","Москва, Сиреневый б-р, 69к1",37.824678999999996,55.803651,"KRYSHECHKI,BATAREJKI",,0.0
14896,RC,"Точка приёма батареек и крышечек в магазине ""ВкусВилл""","Москва, Снежная ул., 21",37.65091799999999,55.85480499999999,"KRYSHECHKI,BATAREJKI",,0.0
14897,RC,"Точка приёма батареек и крышечек в магазине ""ВкусВилл""","Москва, Солдатская ул., 8к1",37.70197799999999,55.764465,"KRYSHECHKI,BATAREJKI",,0.0
14898,RC,"Точка приёма батареек и крышечек в магазине ""ВкусВилл""","Москва, Солнцевский пр-т, 2с3",37.396416,55.65298899999997,"KRYSHECHKI,BATAREJKI",,0.0
14899,RC,"Точка приёма батареек и крышечек в магазине ""ВкусВилл""","Москва, ул. 800-летия Москвы, 22к2",37.556541,55.87920200000001,"KRYSHECHKI,BATAREJKI",,0.0
14900,RC,"Фандомат для приема пластиковых бутылок и алюминиевых банок в магазине ""ВкусВилл""","г. Москва, ул. Александра Невского, д. 1",37.59285541621193,55.774866796681,"PLASTIK,METALL",,1.0
14901,RC,"Точка приёма батареек в магазине ""ВкусВилл""","Москва, ул. Газопровод, 1к6А",37.604286,55.59428,BATAREJKI,,1.0
14902,RC,"Точка приёма батареек в магазине ""ВкусВилл""","Москва, ул. Гарибальди, 23",37.55833899999999,55.66972799999998,BATAREJKI,,0.0
14903,RC,"Точка приёма батареек, крышечек и пластиковых карточек в магазине ""ВкусВилл""","Москва, ул. Декабристов, 15с2",37.60284,55.865474999999996,"KRYSHECHKI,BATAREJKI,INOE",,0.0
14904,RC,"Точка приёма батареек, крышечек и пластиковых карточек в магазине ""ВкусВилл""","Москва, ул. Мастеркова, 1",37.65887699999999,55.71009300000001,"KRYSHECHKI,BATAREJKI,INOE",,1.0
14906,RC,"Точка приёма батареек и крышечек в магазине ""ВкусВилл""","Москва, ул. Покровка, 35/17с1",37.65060299999999,55.76131499999999,"KRYSHECHKI,BATAREJKI",,0.0
14907,RC,"Точка приёма батареек и крышечек в магазине ""ВкусВилл""","Москва, ул. Покровка, 8",37.642689,55.75879699999999,"KRYSHECHKI,BATAREJKI",,0.0
14908,RC,"Точка приёма батареек и крышечек в магазине ""ВкусВилл""","Москва, ул. Руставели, 6к6",37.589239,55.812352,"KRYSHECHKI,BATAREJKI",,0.0
14909,RC,"Точка приёма батареек и крышечек в магазине ""ВкусВилл""","Москва, ул. Трофимова, 35/20",37.68545799999999,55.70545799999999,"KRYSHECHKI,BATAREJKI",,0.0
14910,RC,"Точка приёма батареек и крышечек в магазине ""ВкусВилл""","Москва, ул. Шолохова, 15А",37.345419,55.641951,"KRYSHECHKI,BATAREJKI",,0.0
14912,RC,"Точка приёма батареек и крышечек в магазине ""ВкусВилл""","Москва, Хабаровская улица, 8",37.827383999999995,55.819620999999984,"KRYSHECHKI,BATAREJKI",,0.0
14913,RC,"Точка приёма батареек и крышечек в магазине ""ВкусВилл""","Москва, Халтуринская ул., 17",37.72465199999999,55.80345400000001,"KRYSHECHKI,BATAREJKI",,1.0
14915,RC,"Точка приёма батареек и крышечек в магазине ""ВкусВилл""","Москва, Чапаевский пер., 10/2",37.51911499999999,55.799913999999994,"KRYSHECHKI,BATAREJKI",,0.0
14916,RC,"Точка приёма батареек и крышечек в магазине ""ВкусВилл""","Москва, Чусовская ул., 15",37.81106,55.816282999999984,"KRYSHECHKI,BATAREJKI",,0.0
14917,RC,"Точка приёма батареек и крышечек в магазине ""ВкусВилл""","Москва, Шарикоподшипниковская ул., 36/18",37.676906,55.71529699999999,"KRYSHECHKI,BATAREJKI",,0.0
14918,RC,"Точка приёма батареек и крышечек в магазине ""ВкусВилл""","Москва, Шелепихинское ш., 17к1",37.52109299999999,55.75908599999999,"KRYSHECHKI,BATAREJKI",,0.0
14919,RC,"Точка приёма батареек и крышечек в магазине ""ВкусВилл""","Москва, Шипиловская ул., 41к3",37.739492,55.62237000000001,"KRYSHECHKI,BATAREJKI",,0.0
14920,RC,"Точка приёма батареек в магазине ""ВкусВилл""","Москва, Шоссейная улица, 2к3",37.727535,55.692409,BATAREJKI,,1.0
14921,RC,"Точка приёма батареек и крышечек в магазине ""ВкусВилл""","Москва, Щёлковское ш.,12к1",37.770078999999996,55.806104999999995,"KRYSHECHKI,BATAREJKI",,1.0
14922,RC,"Точка приёма батареек и крышечек в магазине ""ВкусВилл""","Москва, Щербаковская ул., 35",37.729619,55.782835,"KRYSHECHKI,BATAREJKI",,0.0
14923,RC,"Точка приёма батареек и крышечек в магазине ""ВкусВилл""","Москва, Южнопортовая ул., 18",37.684712,55.70621799999999,"KRYSHECHKI,BATAREJKI",,0.0
14925,RC,"Точка приёма батареек и крышечек в магазине ""ВкусВилл""","Москва, Строгинский б-р, 30",37.40654,55.80220399999999,"KRYSHECHKI,BATAREJKI",,0.0
14927,RC,"Точка приёма батареек, крышечек и пластиковых карточек в магазине ""ВкусВилл""","Москва, ул. Дмитрия Ульянова, 24",37.573645,55.68717800000001,"KRYSHECHKI,BATAREJKI,INOE",,1.0
14928,RC,"Точка приёма батареек и крышечек в магазине ""ВкусВилл""","Москва, ул. Щепкина, 5с2",37.62755799999999,55.775054,"KRYSHECHKI,BATAREJKI",,1.0
14931,RC,"Точка приёма батареек и крышечек в магазине ""ВкусВилл""","Видное, Берёзовая ул., 1",37.721093999999994,55.545869,"KRYSHECHKI,BATAREJKI",,0.0
14934,RC,"Точка приёма батареек в магазине ""ВкусВилл""","Москва, Бирюлевская ул., 51к1",37.67150699999999,55.582654999999995,BATAREJKI,,0.0
14935,RC,"Точка приёма батареек и крышечек в магазине ""ВкусВилл""","Москва, ул. Маршала Бирюзова, 24",37.488691,55.79627299999998,"KRYSHECHKI,BATAREJKI",,0.0
14936,RC,"Точка приёма батареек в магазине ""ВкусВилл""","Москва, ул. Островитянова, 13",37.50274999999999,55.640847999999984,BATAREJKI,,0.0
14939,RC,"Точка приёма батареек и крышечек в магазине ""ВкусВилл""","Томилино, Егорьевское шоссе, стр. 2",37.922766,55.65818499999999,"KRYSHECHKI,BATAREJKI",,0.0
14943,RC,"Точка приёма батареек и крышечек в магазине ""ВкусВилл""","Долгопрудный, Московская ул., 56к2",37.524776,55.96070399999999,"KRYSHECHKI,BATAREJKI",,0.0
14944,RC,"Точка приёма батареек, крышечек и пластиковых карточек в магазине ""ВкусВилл""","Москва, ул. Мичуринский пр-кт, Олимпийская Деревня, вл. 19с1",37.458238,55.672776999999996,"KRYSHECHKI,BATAREJKI,INOE",,0.0
14945,RC,"Точка приёма батареек и крышечек в магазине ""ВкусВилл""","Москва, Волгоградский пр-т, 94к1",37.771292,55.70412900000001,"KRYSHECHKI,BATAREJKI",,0.0
14947,RC,"Точка приёма батареек и крышечек в магазине ""ВкусВилл""","Москва, Нахимовский пр-т, 22",37.588871,55.669553999999984,"KRYSHECHKI,BATAREJKI",,0.0
14948,RC,"Точка приёма батареек в магазине ""ВкусВилл""","Москва, Мичуринский пр-т, 21",37.503729,55.69937,BATAREJKI,,0.0
14949,RC,"Точка приёма батареек и крышечек в магазине ""ВкусВилл""","Москва, ул. Васильцовский Стан, 5, корп. 1",37.75071199999999,55.71382600000001,"KRYSHECHKI,BATAREJKI",,0.0
14950,RC,"Точка приёма батареек и крышечек в магазине ""ВкусВилл""","Москва, Большая Филёвская ул., 4",37.513143,55.753686000000016,"KRYSHECHKI,BATAREJKI",,0.0
14951,RC,"Точка приёма батареек в магазине ""ВкусВилл""","Москва, Новокосинская ул., 18",37.859218999999996,55.739259999999994,BATAREJKI,,0.0
14952,RC,"Точка приёма батареек и крышечек в магазине ""ВкусВилл""","Москва, ул. Красноказарменная, 14Ак4",37.707009,55.75172499999998,"KRYSHECHKI,BATAREJKI",,0.0
14953,RC,"Точка приёма батареек и крышечек в магазине ""ВкусВилл""","Москва, ул. Улофа Пальме, 1",37.512191,55.717847,"KRYSHECHKI,BATAREJKI",,0.0
14954,RC,"Точка приёма батареек и крышечек в магазине ""ВкусВилл""","Москва, Шереметьевская улица, 6к1",37.616737,55.79576699999999,"KRYSHECHKI,BATAREJKI",,0.5
14956,RC,"Точка приёма батареек и крышечек в магазине ""ВкусВилл""","Одинцовский г.о., с. Немчиновка, Советский пр-т, 98",37.353276,55.72450399999998,"KRYSHECHKI,BATAREJKI",,0.0
14957,RC,"Точка приёма батареек и крышечек в магазине ""ВкусВилл""","Совхоз им. Ленина, 4а",37.734946,55.586904,"KRYSHECHKI,BATAREJKI",,1.0
14958,RC,"Точка приёма батареек и крышечек в магазине ""ВкусВилл""","Москва, пос. Коммунарка, ул. Лазурная, 3",37.472852,55.568089999999984,"KRYSHECHKI,BATAREJKI",,1.0
14962,RC,"Точка приёма батареек и крышечек в магазине ""ВкусВилл""","Москва, мкр-н Северное Чертаново, 1А",37.600387999999995,55.637392999999996,"KRYSHECHKI,BATAREJKI",,1.0
14963,RC,"Точка приёма батареек в магазине ""ВкусВилл""","Москва, Святоозерская ул., 1а",37.883571999999994,55.714648000000004,BATAREJKI,,0.0
14965,RC,"Точка приёма батареек и крышечек в магазине ""ВкусВилл""","Москва, Фестивальная ул., 13к1",37.477380999999994,55.85577999999999,"KRYSHECHKI,BATAREJKI",,0.0
14968,RC,"Точка приёма батареек и крышечек в магазине ""ВкусВилл""","Балашиха, Балашихинское ш., 10",37.932782,55.82264499999999,"KRYSHECHKI,BATAREJKI",Режим работы требует уточнения,0.0
14969,RC,"Точка приёма батареек и крышечек в магазине ""ВкусВилл""","Балашиха, квартал Изумрудный, 12",37.888109,55.823631999999996,"KRYSHECHKI,BATAREJKI",.,0.0
14970,RC,"Точка приёма батареек и крышечек в магазине ""ВкусВилл""","Балашиха, Кольцевая улица, 20",37.873881,55.820719000000004,"KRYSHECHKI,BATAREJKI",Режим работы требует уточнения,0.0
14974,RC,"Точка приёма батареек и крышечек в магазине ""ВкусВилл""","Балашиха, Советская улица, 10А",37.935299,55.79978100000001,"KRYSHECHKI,BATAREJKI",Режим работы требует уточнения,1.0
14976,RC,"Точка приёма батареек и крышечек в магазине ""ВкусВилл""","Балашиха, шоссе Энтузиастов, вл11с4",37.886315,55.79092599999998,"KRYSHECHKI,BATAREJKI",Режим работы требует уточнения,0.0
14977,RC,"Точка приёма батареек и крышечек в магазине ""ВкусВилл""","Балашиха, ш. Энтузиастов, 32",37.936771,55.79303000000001,"KRYSHECHKI,BATAREJKI",Режим работы требует уточнения,0.0
14979,RC,"Точка приёма батареек в магазине ""ВкусВилл""","Видное, б-р Зелёные аллеи, 9",37.704412,55.56022399999999,BATAREJKI,Режим работы требует уточнения,0.0
14980,RC,"Точка приёма батареек и крышечек в магазине ""ВкусВилл""","Видное, Завидная ул., 10",37.721516,55.54064799999998,"KRYSHECHKI,BATAREJKI",Режим работы требует уточнения,0.0
14982,RC,"Точка приёма батареек и крышечек в магазине ""ВкусВилл""","Долгопрудный, Лихачевское ш., 11А",37.491212,55.940207,"KRYSHECHKI,BATAREJKI",,0.0
14983,RC,"Точка приёма батареек и крышечек в магазине ""ВкусВилл""","Долгопрудный, пр-кт Ракетостроителей, 1",37.496154999999995,55.93112399999999,"KRYSHECHKI,BATAREJKI",,0.0
14989,RC,"Точка приёма батареек и крышечек в магазине ""ВкусВилл""","п. Заречье, Заречная ул., 2",37.394431,55.688486999999995,"KRYSHECHKI,BATAREJKI",Режим работы требует уточнения,0.0
14992,RC,"Точка приёма батареек и крышечек в магазине ""ВкусВилл""","Королёв, мкр-н Болшево, Станционная пл., 4Б",37.857342,55.92687699999999,"KRYSHECHKI,BATAREJKI",Режим работы требует уточнения,0.0
14993,RC,"Точка приёма батареек и крышечек в магазине ""ВкусВилл""","Королёв, пр-т Королёва, 20",37.848574,55.921223000000005,"KRYSHECHKI,BATAREJKI",Режим работы требует уточнения,0.0
14994,RC,"Точка приёма батареек и крышечек в магазине ""ВкусВилл""","Королёв, пр-т Космонавтов, 33к1",37.867708,55.91064399999998,"KRYSHECHKI,BATAREJKI",Режим работы требует уточнения,0.0
14995,RC,"Точка приёма батареек и крышечек в магазине ""ВкусВилл""","Королёв, пр-т Космонавтов, 4Г",37.867843,55.919795999999984,"KRYSHECHKI,BATAREJKI",Режим работы требует уточнения,0.0
14996,RC,"Точка приёма батареек и крышечек в магазине ""ВкусВилл""","Королёв, улица Горького, 6Е",37.85995,55.912871999999986,"KRYSHECHKI,BATAREJKI",,0.0
14997,RC,"Точка приёма батареек и крышечек в магазине ""ВкусВилл""","Королёв, ул. Горького, 79к13",37.883186,55.918348,"KRYSHECHKI,BATAREJKI",Режим работы требует уточнения,0.0
14998,RC,"Точка приёма батареек и крышечек в магазине ""ВкусВилл""","Котельники, Кузьминская ул., 17",37.860611999999996,55.66688800000001,"KRYSHECHKI,BATAREJKI",,1.0
14999,RC,"Точка приёма батареек и крышечек в магазине ""ВкусВилл""","Красногорск, Заводская ул., 27",37.323617000000006,55.809959999999975,"KRYSHECHKI,BATAREJKI",Режим работы требует уточнения,0.0
15001,RC,"Точка приёма батареек и крышечек в магазине ""ВкусВилл""","Красногорск, ул. Ленина, 26А",37.301688999999996,55.831666,"KRYSHECHKI,BATAREJKI",Режим работы требует уточнения,0.0
15003,RC,"Точка приёма батареек и крышечек в магазине ""ВкусВилл""","Лыткарино, Советская ул., 3/12",37.906632,55.581876999999984,"KRYSHECHKI,BATAREJKI",Режим работы требует уточнения,0.0
15005,RC,"Точка приёма батареек и крышечек в магазине ""ВкусВилл""","Люберцы, Октябрьский пр-т, 304",37.906839,55.66801099999999,"KRYSHECHKI,BATAREJKI",Режим работы требует уточнения,0.0
15006,RC,"Точка приёма батареек в магазине ""ВкусВилл""","Люберцы, ул. 3-е Почтовое отделение, 60",37.867196,55.68430999999998,BATAREJKI,Режим работы требует уточнения,0.0
15008,RC,"Точка приёма батареек и крышечек в магазине ""ВкусВилл""","Люберцы, ул. Кирова, 1",37.862094,55.691384,"KRYSHECHKI,BATAREJKI",Режим работы требует уточнения,0.0
15009,RC,"Точка приёма батареек и крышечек в магазине ""ВкусВилл""","Люберцы, ул. Кирова, 9к2",37.868067999999994,55.688095999999994,"KRYSHECHKI,BATAREJKI",Режим работы требует уточнения,0.0
15010,RC,"Точка приёма батареек и крышечек в магазине ""ВкусВилл""","Люберцы, ул. Урицкого, 14",37.892412,55.700233,"KRYSHECHKI,BATAREJKI",Режим работы требует уточнения,0.0
15011,RC,"Точка приёма батареек и крышечек в магазине ""ВкусВилл""","Люберцы,ул. Воинов-Интернационалистов, 10",37.900811,55.69538300000001,"KRYSHECHKI,BATAREJKI",Режим работы требует уточнения,0.0
15012,RC,"Точка приёма батареек и крышечек в магазине ""ВкусВилл""","Молоково, Новомолоковский б-р, 12",37.85541899999999,55.56313599999998,"KRYSHECHKI,BATAREJKI",Режим работы требует уточнения,0.0
15014,RC,"Точка приема крышечек и пластиковых карт в магазине ""Вкусвилл""","г. Москва, 1-й Нагатинский пр-д, д. 11, к. 1",37.63571997685716,55.67871909854262,"KRYSHECHKI,INOE",,0.0
15015,RC,"Точка приема крышечек и батареек в магазине ""ВкусВилл""","г. Москва, 1-й Смоленский пер., д. 21",37.579178,55.749334,"KRYSHECHKI,BATAREJKI",,0.0
15016,RC,Точка приема батареек в магазине ВкусВилл,"Москва, 1-я Владимирская ул., 21",37.777068,55.75611800000001,BATAREJKI,Режим работы требует уточнения,1.0
15017,RC,Точка приема батареек в магазине ВкусВилл,"Москва, 1-я Новокузьминская ул., 18",37.790965,55.713953000000004,"KRYSHECHKI,BATAREJKI",Режим работы требует уточнения,1.0
15019,RC,"Точка приема крышечек и батареек в магазине ""Вкусвилл""","Москва, 3-я Владимирская ул., 25, корп. 1",37.79092,55.75464399999999,"KRYSHECHKI,BATAREJKI",Режим работы требует уточнения,0.0
15020,RC,"Точка приема крышечек и батареек в магазине ""Вкусвилл""","Москва, 3-я Владимирская ул., 4",37.784183,55.76296099999999,"KRYSHECHKI,BATAREJKI",Режим работы требует уточнения,0.0
15021,RC,"Точка приема батареек в магазине ""ВкусВилл""","г. Москва, 3-я ул. Ямского Поля, д. 9",37.580893999999994,55.78162600000001,BATAREJKI,,0.0
15022,RC,"Точка приема батареек в магазине ""ВкусВилл""","г. Москва, 9-я Парковая ул., д. 59, к. 2",37.797945,55.80806299999999,BATAREJKI,,0.0
15023,RC,"Точка приема крышечек и батареек в магазине ""Вкусвилл""","Москва, Авангардная ул., 16",37.48971499999999,55.84737599999999,"KRYSHECHKI,BATAREJKI",Режим работы требует уточнения,0.0
15024,RC,"Точка приёма батареек, крышечек и пластиковых карточек в магазине ""ВкусВилл""","Москва, Автозаводская ул., д. 13/1",37.656174,55.705685999999986,"KRYSHECHKI,BATAREJKI,INOE",,0.0
15025,RC,"Точка приёма батареек и крышечек в магазине ""ВкусВилл""","Москва, Бакунинская ул., 38-42, стр. 1",37.686679,55.77595099999998,"KRYSHECHKI,BATAREJKI",,0.0
15026,RC,"Точка приёма батареек и крышечек в магазине ""ВкусВилл""","Москва, Беговая ул., 11",37.556783,55.779180000000004,"KRYSHECHKI,BATAREJKI",,0.0
15028,RC,"Точка приёма батареек в магазине ""ВкусВилл""","Москва, Белореченская ул., 14",37.763521999999995,55.67004599999999,BATAREJKI,Режим работы требует уточнения,0.0
15029,RC,"Точка приёма батареек и крышечек в магазине ""ВкусВилл""","Москва, Белореченская ул., 36к3",37.776071,55.66103400000001,"KRYSHECHKI,BATAREJKI",Режим работы требует уточнения,0.0
15030,RC,"Точка приёма батареек и крышечек в магазине ""ВкусВилл""","Москва, Большая Грузинская ул., 57к1",37.583662999999994,55.771606000000006,"KRYSHECHKI,BATAREJKI",,0.0
15031,RC,"Точка приёма батареек и крышечек в магазине ""ВкусВилл""","Москва, Большая Садовая ул., д. 1",37.590489,55.766172999999995,"KRYSHECHKI,BATAREJKI",,0.0
15033,RC,"Точка приёма батареек и крышечек в магазине ""ВкусВилл""","Москва, Большой Кисловский пер., 4, стр. 1",37.606505,55.754177,"KRYSHECHKI,BATAREJKI",Режим работы требует уточнения,0.6666666666666666
15034,RC,"Точка приёма батареек и крышечек в магазине ""ВкусВилл""","Москва, Большой Козловский пер., 11с1",37.647773,55.76648599999998,"KRYSHECHKI,BATAREJKI",,0.0
15035,RC,"Точка приёма батареек и крышечек в магазине ""ВкусВилл""","Москва, Ботаническая ул., 19",37.601088,55.828100999999975,"KRYSHECHKI,BATAREJKI",Режим работы требует уточнения,0.0
15036,RC,"Точка приёма батареек и крышечек в магазине ""ВкусВилл""","Москва, б-р Маршала Рокоссовского, 4",37.730006,55.811102999999996,"KRYSHECHKI,BATAREJKI",,1.0
15037,RC,"Точка приёма батареек и крышечек в магазине ""ВкусВилл""","Москва, Братиславская ул., 29к1",37.76706099999999,55.653807000000015,"KRYSHECHKI,BATAREJKI",,0.0
15038,RC,"Точка приёма батареек и крышечек в магазине ""ВкусВилл""","Москва, Валовая ул., 11/19",37.632757,55.73026599999999,"KRYSHECHKI,BATAREJKI",,1.0
15039,RC,"Точка приёма батареек, крышечек и пластиковых карточек в магазине ""ВкусВилл""","Москва, ул. Валовая, д. 32/75, с. 1",37.625909,55.730263999999984,"KRYSHECHKI,BATAREJKI,INOE",,0.0
15042,RC,"Точка приёма батареек, крышечек и пластиковых карточек в магазине ""ВкусВилл""","Москва, Воронцовская ул., 46",37.663098999999995,55.732959999999984,"KRYSHECHKI,BATAREJKI,INOE",Режим работы требует уточнения,0.0
15043,RC,"Точка приёма батареек в магазине ""ВкусВилл""","Москва, Голубинская улица, 32/2",37.545283,55.594293,BATAREJKI,Режим работы требует уточнения,0.0
15044,RC,"Точка приёма батареек и крышечек в магазине ""ВкусВилл""","Москва, Дегунинская ул., 17",37.531029,55.86700599999999,"KRYSHECHKI,BATAREJKI",Режим работы требует уточнения,1.0
15045,RC,"Точка приёма батареек и крышечек в магазине ""ВкусВилл""","Москва, Денисовский пер., д. 22",37.67535699999999,55.76660300000002,"KRYSHECHKI,BATAREJKI",,0.0
15046,RC,"Точка приёма батареек и крышечек в магазине ""ВкусВилл""","Москва, Дмитровское ш., 68",37.55982,55.858553999999984,"KRYSHECHKI,BATAREJKI",,1.0
15047,RC,"Точка приёма батареек, крышечек и пластиковых карточек в магазине ""ВкусВилл""","Москва, Домодедовская ул., 44",37.7145,55.601796,"KRYSHECHKI,BATAREJKI,INOE",,0.0
15048,RC,"Точка приёма батареек и крышечек в магазине ""ВкусВилл""","Москва, Дубнинская ул., 10к4",37.57214499999999,55.864049999999985,"KRYSHECHKI,BATAREJKI",Режим работы требует уточнения,0.0
15050,RC,"Точка приёма батареек и крышечек в магазине ""ВкусВилл""","Москва, Енисейская ул., 22к2",37.664905,55.86891499999999,"KRYSHECHKI,BATAREJKI",Режим работы требует уточнения,0.0
15051,RC,"Точка приёма батареек и крышечек в магазине ""ВкусВилл""","Москва, Жулебинский б-р, 9",37.848501999999996,55.69783299999999,"KRYSHECHKI,BATAREJKI",Режим работы требует уточнения,1.0
15054,RC,"Точка приёма батареек и крышечек в магазине ""ВкусВилл""","Москва, Зеленодольская ул., 25",37.769504,55.70985,"KRYSHECHKI,BATAREJKI",Режим работы требует уточнения,0.0
15055,RC,"Точка приёма батареек и крышечек в магазине ""ВкусВилл""","Москва, Зелёный пр-т, 24Г",37.789447,55.75119299999999,"KRYSHECHKI,BATAREJKI",Режим работы требует уточнения,0.0
15057,RC,"Точка приёма батареек, крышечек и пластиковых карточек в магазине ""ВкусВилл""","Москва, Зоологическая ул., 4",37.581163999999994,55.765377,"KRYSHECHKI,BATAREJKI,INOE",Режим работы требует уточнения,0.0
15058,RC,"Точка приема пластиковых карточек в магазине ""ВкусВилл""","г. Москва, Зубовский б-р, д. 17",37.590497,55.736305999999985,INOE,,0.0
15060,RC,"Точка приёма батареек и крышечек в магазине ""ВкусВилл""","Москва, Изумрудная ул., д. 24",37.68449699999999,55.872237,"KRYSHECHKI,BATAREJKI",,0.0
15062,RC,"Точка приёма батареек и крышечек в магазине ""ВкусВилл""","Москва, Каширское ш. 40к2",37.661725,55.648946,"KRYSHECHKI,BATAREJKI",Режим работы требует уточнения,0.0
15063,RC,"Точка приёма батареек и крышечек в магазине ""ВкусВилл""","Москва, Каширское ш. 53к4",37.693597,55.639343999999994,"KRYSHECHKI,BATAREJKI",Режим работы требует уточнения,0.0
15064,RC,"Точка приёма батареек и крышечек в магазине ""ВкусВилл""","Москва, Самаркандский Бульвар, 137Ак6",37.817448,55.69917699999999,"KRYSHECHKI,BATAREJKI",Режим работы требует уточнения,0.0
15065,RC,"Точка приёма батареек и крышечек в магазине ""ВкусВилл""","Москва, ул. Кировоградская, 23А",37.598995,55.600388999999986,"KRYSHECHKI,BATAREJKI",,0.0
15066,RC,"Точка приёма батареек, крышечек и пластиковых карточек в магазине ""ВкусВилл""","Москва, Ключевая ул., 6к1",37.757484999999996,55.637718,"KRYSHECHKI,BATAREJKI,INOE",Режим работы требует уточнения,0.0
15067,RC,"Точка приёма батареек и крышечек в магазине ""ВкусВилл""","Москва, Коломенский пр., 10А",37.65030699999999,55.665782000000014,"KRYSHECHKI,BATAREJKI",,0.0
15068,RC,"Точка приёма батареек и крышечек в магазине ""ВкусВилл""","Москва, Краснобогатырская ул., 29",37.704799,55.810425000000016,"KRYSHECHKI,BATAREJKI",Режим работы требует уточнения,0.0
15069,RC,"Точка приёма батареек и крышечек в магазине ""ВкусВилл""","Москва, Кунцевская ул., 10",37.412980999999995,55.731287999999985,"KRYSHECHKI,BATAREJKI",Режим работы требует уточнения,0.0
15070,RC,"Точка приёма батареек и крышечек в магазине ""ВкусВилл""","Москва, Кутузовский пр-т, д. 24",37.546297,55.74471899999999,"KRYSHECHKI,BATAREJKI",,0.0
15072,RC,"Точка приема пластиковых карточек в магазине ""ВкусВилл""","г. Москва, Ленинский пр-т, д. 43",37.57627699999999,55.70478799999999,INOE,,0.0
15073,RC,"Точка приёма батареек в магазине ""ВкусВилл""","Москва, ул. Люсиновская, 36/50",37.621534,55.722294000000005,BATAREJKI,,0.0
15074,RC,"Точка приёма батареек и крышечек в магазине ""ВкусВилл""","Москва, Малая Грузинская ул.,12",37.572043,55.76400199999999,"KRYSHECHKI,BATAREJKI",,0.0
15075,RC,"Точка приёма батареек и крышечек в магазине ""ВкусВилл""","Москва, ул. Малая Грузинская, 29с2",37.571524999999994,55.768896999999996,"KRYSHECHKI,BATAREJKI",,0.0
15076,RC,"Точка приёма батареек, крышечек и пластиковых карточек в магазине ""ВкусВилл""","Москва, Малый Палашевский пер., 6",37.602612,55.765289999999986,"KRYSHECHKI,BATAREJKI,INOE",,0.0
15077,RC,"Точка приёма батареек, крышечек и пластиковых карточек в магазине ""ВкусВилл""","Москва, Медынская ул., 2к1с2",37.646623999999996,55.591471999999996,"KRYSHECHKI,BATAREJKI,INOE",Режим работы требует уточнения,0.0
15078,RC,"Точка приёма батареек и крышечек в магазине ""ВкусВилл""","Москва, Мироновская ул., 18",37.733689,55.787007,"KRYSHECHKI,BATAREJKI",Режим работы требует уточнения,0.0
15079,RC,"Точка приёма батареек в магазине ""ВкусВилл""","Москва, мкр-н Град Московский, Радужная ул., 14к2",37.373069,55.589553999999985,BATAREJKI,Режим работы требует уточнения,1.0
15080,RC,"Точка приёма батареек, крышечек и пластиковых карточек в магазине ""ВкусВилл""","Москва, Можайское ш., 41к1",37.41189399999999,55.716984999999994,"KRYSHECHKI,BATAREJKI,INOE",Режим работы требует уточнения,0.0
15081,RC,"Точка приёма батареек и крышечек в магазине ""ВкусВилл""","Москва, Молодогвардейская ул., 26к1",37.419269,55.73423300000001,"KRYSHECHKI,BATAREJKI",Режим работы требует уточнения,0.0
15083,RC,"Точка приёма батареек, крышечек, пластиковых карточек и блистеров в магазине ""ВкусВилл""","Москва, Нижегородская ул., 13Б",37.686806,55.73785600000001,"KRYSHECHKI,BATAREJKI,INOE",Режим работы требует уточнения,0.0
15084,RC,"Точка приёма батареек и крышечек в магазине ""ВкусВилл""","Россия, Москва, Нижняя Красносельская улица, 35с48",37.672783,55.775092,"KRYSHECHKI,BATAREJKI",,0.0
15086,RC,"Точка приёма батареек и крышечек в магазине ""ВкусВилл""","Москва, Новочерёмушкинская ул., 66к1",37.56050199999999,55.6634,"KRYSHECHKI,BATAREJKI",Режим работы требует уточнения,0.0
15087,RC,"Точка приёма батареек в магазине ""ВкусВилл""","Москва, Оболенский пер., 9к1",37.57925,55.73035999999998,BATAREJKI,,0.0
15088,RC,"Точка приёма батареек и крышечек в магазине ""ВкусВилл""","Москва, Олимпийский пр-т, 30с1",37.622809999999994,55.791486000000006,"KRYSHECHKI,BATAREJKI",Режим работы требует уточнения,1.0
15089,RC,"Точка приёма батареек, крышечек и пластиковых карточек в магазине ""ВкусВилл""","Москва, Ореховый б-р, 12к1",37.710521,55.608922999999976,"KRYSHECHKI,BATAREJKI,INOE",Режим работы требует уточнения,1.0
15090,RC,"Точка приёма батареек в магазине ""ВкусВилл""","Москва, Осенний б-р, 18",37.40866,55.761766,BATAREJKI,Режим работы требует уточнения,1.0
15092,RC,"Точка приёма батареек и крышечек в магазине ""ВкусВилл""","Москва, Перовская ул., 33к1",37.775856,55.747485,"KRYSHECHKI,BATAREJKI",Режим работы требует уточнения,0.0
15093,RC,"Точка приёма батареек в магазине ""ВкусВилл""","Москва, пл. Победы, 2к2",37.519991,55.73768800000001,BATAREJKI,,0.0
15094,RC,"Точка приёма батареек и крышечек в магазине ""ВкусВилл""","Москва, Поварская ул., 8/1с1",37.598645,55.754197999999995,"KRYSHECHKI,BATAREJKI",,0.75
15095,RC,"Точка приёма батареек и крышечек в магазине ""ВкусВилл""","Москва, Преображенская пл., 6",37.71115,55.794830999999995,"KRYSHECHKI,BATAREJKI",Режим работы требует уточнения,0.0
15096,RC,"Точка приёма батареек и крышечек в магазине ""ВкусВилл""","Москва, Пролетарский пр-т, 29",37.658122000000006,55.63524299999999,"KRYSHECHKI,BATAREJKI",Режим работы требует уточнения,1.0
15097,RC,"Точка приёма батареек в магазине ""ВкусВилл""","Москва, Профсоюзная ул., 104",37.523815,55.641088,BATAREJKI,,0.0
15098,RC,"Точка приёма батареек в магазине ""ВкусВилл""","Москва, ул. Профсоюзная, 109к2",37.519862999999994,55.632901,BATAREJKI,,0.0
15099,RC,"Точка приёма батареек и крышечек в магазине ""ВкусВилл""","Россия, Москва, Профсоюзная улица, 128к2",37.51517,55.630201,"KRYSHECHKI,BATAREJKI",,0.0
15100,RC,"Точка приёма батареек в магазине ""ВкусВилл""","Москва, ул. Профсоюзная, 142к1",37.508804,55.625349,BATAREJKI,,0.0
15103,RC,"Точка приёма батареек, крышечек и пластиковых карточек в магазине ""ВкусВилл""","Москва, пр-кт Вернадского, 39",37.505894,55.675544,"KRYSHECHKI,BATAREJKI,INOE",,0.0
15104,RC,"Точка приёма батареек в магазине ""ВкусВилл""","Москва, пр-т Вернадского, 9/10",37.53251099999999,55.690755,BATAREJKI,Режим работы требует уточнения,0.0
15105,RC,"Точка приёма батареек и крышечек в магазине ""ВкусВилл""","Москва, пр-т Маршала Жукова, 19к1",37.48985,55.775322,"KRYSHECHKI,BATAREJKI",Режим работы требует уточнения,0.0
15106,RC,"Точка приёма батареек и крышечек в магазине ""ВкусВилл""","Москва, пр-кт Мира, 116",37.63798,55.80884999999999,"KRYSHECHKI,BATAREJKI",,0.0
15107,RC,"Точка приёма батареек, крышечек и пластиковых карточек в магазине ""ВкусВилл""","Москва, пр-кт Мира, 76с1",37.635178999999994,55.79073699999999,"KRYSHECHKI,BATAREJKI,INOE",,1.0
15108,RC,"Точка приёма батареек и крышечек в магазине ""ВкусВилл""","Москва, Рождественская ул., 29",37.928868,55.707340999999985,"KRYSHECHKI,BATAREJKI",,0.0
15109,RC,"Точка приёма батареек и крышечек в магазине ""ВкусВилл""","Москва, Садовая-Кудринская ул., 8-10-12с1",37.586634,55.76110199999999,"KRYSHECHKI,BATAREJKI",,0.0
15110,RC,"Точка приёма батареек, крышечек, пластиковых карт и блистеров в магазине ""ВкусВилл""","Москва, Саянская ул., 6А",37.82672699999999,55.76709399999999,"PLASTIK,KRYSHECHKI,BATAREJKI,INOE",,0.0
15111,RC,"Точка приёма батареек и крышечек в магазине ""ВкусВилл""","Москва, Старая Басманная ул., 38",37.669256,55.769237000000004,"KRYSHECHKI,BATAREJKI",,0.0
15113,RC,"Точка приёма батареек в магазине ""ВкусВилл""","Москва, Студенческая ул., 20",37.54998299999999,55.743334999999995,BATAREJKI,Режим работы требует уточнения,0.0
15114,RC,"Точка приёма батареек, крышечек и блистеров в магазине ""ВкусВилл""","Москва, ул. Судостроительная, 41",37.68751499999999,55.68495,"KRYSHECHKI,BATAREJKI",,1.0
15115,RC,"Точка приёма батареек и крышечек в магазине ""ВкусВилл""","Москва, Таганская ул., 26с1",37.663458,55.739665999999986,"KRYSHECHKI,BATAREJKI",Режим работы требует уточнения,0.0
15116,RC,"Точка приёма батареек, крышечек и пластиковых карточек в магазине ""ВкусВилл""","Москва, Таганская ул., 31/22",37.670672,55.739747,"KRYSHECHKI,BATAREJKI,INOE",Режим работы требует уточнения,0.0
15119,RC,"Точка приёма батареек и крышечек в магазине ""ВкусВилл""","Москва, Тимирязевская ул., 19",37.566359,55.81288399999999,"KRYSHECHKI,BATAREJKI",Режим работы требует уточнения,0.0
15120,RC,"Точка приёма батареек и крышечек в магазине ""ВкусВилл""","Москва, Украинский б-р, 6",37.564728,55.748065,"KRYSHECHKI,BATAREJKI",,0.0
15121,RC,"Точка приёма батареек и крышечек в магазине ""ВкусВилл""","Москва, ул. Алабяна, 10к1",37.504106,55.80066599999999,"KRYSHECHKI,BATAREJKI",Режим работы требует уточнения,0.0
15122,RC,"Точка приёма батареек, крышечек и пластиковых карточек в магазине ""ВкусВилл""","Москва, ул. Багрицкого, 3к1",37.437173,55.723967,"KRYSHECHKI,BATAREJKI,INOE",Режим работы требует уточнения,0.0
15123,RC,"Точка приёма батареек и крышечек в магазине ""ВкусВилл""","Москва, ул. Бажова, 8",37.661096,55.831998999999996,"KRYSHECHKI,BATAREJKI",Режим работы требует уточнения,0.0
15124,RC,"Точка приёма батареек и крышечек в магазине ""ВкусВилл""","Москва, ул. Большая Полянка, 30",37.61892,55.734151,"KRYSHECHKI,BATAREJKI",Режим работы требует уточнения,0.0
15125,RC,"Точка приёма батареек, крышечек и пластиковых карточек в магазине ""ВкусВилл""","Москва, ул. Большие Каменщики, 6с1",37.65503199999999,55.73609299999999,"KRYSHECHKI,BATAREJKI,INOE",Режим работы требует уточнения,0.0
15126,RC,"Точка приёма батареек и крышечек в магазине ""ВкусВилл""","Москва, ул. Борисовские Пруды, 12к1",37.742447,55.636011,"KRYSHECHKI,BATAREJKI",Режим работы требует уточнения,0.5
15128,RC,"Точка приёма батареек и крышечек в магазине ""ВкусВилл""","Москва, ул. Генерала Белобородова, 11",37.35464399999999,55.83677699999998,"KRYSHECHKI,BATAREJKI",Режим работы требует уточнения,0.0
15129,RC,"Точка приёма батареек и крышечек в магазине ""ВкусВилл""","Москва, ул. Генерала Кузнецова, 28к1",37.852015,55.683052,"KRYSHECHKI,BATAREJKI",Режим работы требует уточнения,0.0
15130,RC,"Точка приёма батареек и крышечек в магазине ""ВкусВилл""","Москва, ул. Гиляровского, 40",37.632763,55.78310899999998,"KRYSHECHKI,BATAREJKI",Режим работы требует уточнения,0.0
15131,RC,"Точка приёма батареек и крышечек в магазине ""ВкусВилл""","Москва, ул. Грекова, 22",37.662856,55.892006,"KRYSHECHKI,BATAREJKI",,0.0
15132,RC,"Точка приёма батареек и крышечек в магазине ""ВкусВилл""","Москва, ул. Земляной Вал, 38-40/15, стр. 9",37.656523,55.75501299999999,"KRYSHECHKI,BATAREJKI",,0.0
15133,RC,"Точка приёма батареек и крышечек в магазине ""ВкусВилл""","Москва, ул. Зои и Александра Космодемьянских, 17/2",37.514796,55.82230099999999,"KRYSHECHKI,BATAREJKI",,1.0
15134,RC,"Точка приёма батареек и крышечек в магазине ""ВкусВилл""","Москва, ул. Зои и Александра Космодемьянских, 35/1",37.525899,55.825157999999995,"KRYSHECHKI,BATAREJKI",Режим работы требует уточнения,0.0
15135,RC,"Точка приёма батареек и крышечек в магазине ""ВкусВилл""","Москва, ул. Зои и Александра Космодемьянских, 4к2",37.502207999999996,55.81847299999999,"KRYSHECHKI,BATAREJKI",,0.0
15137,RC,"Точка приёма батареек и крышечек в магазине ""ВкусВилл""","Москва, ул. Лавочкина, 34",37.493991,55.856285,"KRYSHECHKI,BATAREJKI",Режим работы требует уточнения,0.0
15138,RC,"Точка приёма батареек и крышечек в магазине ""ВкусВилл""","Москва, ул. Лётчика Бабушкина, 11/2к1",37.673421,55.86092799999999,"KRYSHECHKI,BATAREJKI",Режим работы требует уточнения,0.0
15139,RC,"Точка приёма батареек, крышечек и пластиковых карточек в магазине ""ВкусВилл""","Москва, ул. Марии Ульяновой, 9к4",37.525431999999995,55.680001000000004,"BATAREJKI,INOE",Режим работы требует уточнения,0.0
15140,RC,"Точка приёма батареек и крышечек в магазине ""ВкусВилл""","Москва, ул. Маршала Бирюзова, 16",37.492033,55.794573,"KRYSHECHKI,BATAREJKI",Режим работы требует уточнения,0.0
15142,RC,"Точка приёма батареек, крышечек и пластиковых карточек в магазине ""ВкусВилл""","Москва, ул. Маршала Захарова, 16к2",37.698105999999996,55.621586999999984,"KRYSHECHKI,BATAREJKI,INOE",Режим работы требует уточнения,0.0
15143,RC,"Точка приёма батареек в магазине ""ВкусВилл""","Москва, ул. Маршала Катукова, 25",37.414418,55.805513,BATAREJKI,,0.0
15144,RC,"Точка приёма батареек и крышечек в магазине ""ВкусВилл""","Москва, ул. Медиков, 20",37.67864,55.63295200000001,"KRYSHECHKI,BATAREJKI",Режим работы требует уточнения,0.0
15145,RC,"Точка приёма батареек и крышечек в магазине ""ВкусВилл""","Москва, ул. Молостовых, 14к1",37.831362,55.75435499999999,"KRYSHECHKI,BATAREJKI",Режим работы требует уточнения,1.0
15146,RC,"Точка приёма батареек и крышечек в магазине ""ВкусВилл""","Москва, ул. Мусы Джалиля, 16",37.742151,55.62395599999999,"KRYSHECHKI,BATAREJKI",Режим работы требует уточнения,0.0
15147,RC,"Точка приёма батареек и крышечек в магазине ""ВкусВилл""","Москва, ул. Народного Ополчения, 23к1",37.478441,55.779084000000005,"KRYSHECHKI,BATAREJKI",Режим работы требует уточнения,0.0
15148,RC,"Точка приёма батареек и крышечек в магазине ""ВкусВилл""","Москва, ул. Паустовского, 2/34",37.541431,55.603180999999985,"KRYSHECHKI,BATAREJKI",Режим работы требует уточнения,0.0
15149,RC,"Точка приёма батареек, крышечек и пластиковых карточек в магазине ""ВкусВилл""","Москва, ул. Паустовского, 8к1",37.538269,55.599036000000005,"KRYSHECHKI,BATAREJKI,INOE",Режим работы требует уточнения,0.0
15151,RC,"Точка приёма батареек и крышечек в магазине ""ВкусВилл""","Москва, ул. Плеханова, 24к1",37.767286,55.741353,"KRYSHECHKI,BATAREJKI",,0.0
15152,RC,"Точка приёма батареек, крышечек и пластиковых карточек в магазине ""ВкусВилл""","Москва, ул. Рогожский вал, 5с9",37.67873,55.74427699999998,"KRYSHECHKI,BATAREJKI,INOE",Режим работы требует уточнения,1.0
15153,RC,"Точка приёма батареек и крышечек в магазине ""ВкусВилл""","Москва, ул. Соловьиная Роща, 11",37.39677499999999,55.896761,"KRYSHECHKI,BATAREJKI",Режим работы требует уточнения,0.0
15154,RC,"Точка приёма батареек в магазине ""ВкусВилл""","Москва, ул. Толбухина, 9к1",37.400656,55.72143199999999,BATAREJKI,Режим работы требует уточнения,0.0
15155,RC,"Точка приёма батареек и крышечек в магазине ""ВкусВилл""","Москва, ул. Юных Ленинцев, 89к1",37.774912,55.69927899999999,"KRYSHECHKI,BATAREJKI",Режим работы требует уточнения,1.0
15157,RC,"Точка приёма батареек в магазине ""ВкусВилл""","Москва, ул. Яблочкова, 37",37.57906299999999,55.82673100000001,BATAREJKI,,0.0
15158,RC,"Точка приёма батареек, крышечек и пластиковых карточек в магазине ""ВкусВилл""","Москва, улица Маршала Захарова, 2",37.707142999999995,55.624026999999984,"KRYSHECHKI,BATAREJKI,INOE",Режим работы требует уточнения,0.0
15160,RC,"Точка приёма батареек и крышечек в магазине ""ВкусВилл""","Москва, Уральская ул., 11",37.79744199999999,55.81758799999998,"KRYSHECHKI,BATAREJKI",,0.0
15161,RC,"Точка приёма батареек и крышечек в магазине ""ВкусВилл""","Москва, Химкинский бульвар, 21",37.44275499999999,55.849460999999984,"KRYSHECHKI,BATAREJKI",,0.0
15163,RC,"Точка приёма батареек и крышечек в магазине ""ВкусВилл""","Москва, Широкая ул., 12",37.659461,55.886731,"KRYSHECHKI,BATAREJKI",Режим работы требует уточнения,0.0
15164,RC,"Точка приёма батареек и крышечек в магазине ""ВкусВилл""","Москва, Ярославское ш., 2к2",37.680319999999995,55.852501,"KRYSHECHKI,BATAREJKI",Режим работы требует уточнения,0.0
15165,RC,"Точка приёма батареек и крышечек в магазине ""ВкусВилл""","Мытищи, 2-я Институтская ул., 24",37.795367,55.93005499999999,"KRYSHECHKI,BATAREJKI",Режим работы требует уточнения,0.0
15166,RC,"Точка приёма батареек и пластиковых карточек в магазине ""ВкусВилл""","Мытищи, Новомытищинский пр-т, 52/11",37.728649,55.906591999999996,"BATAREJKI,INOE",Режим работы требует уточнения,0.0
15167,RC,"Точка приёма батареек и крышечек в магазине ""ВкусВилл""","Мытищи, Олимпийский пр-т, 21к1",37.75583199999999,55.923942,"KRYSHECHKI,BATAREJKI",Режим работы требует уточнения,0.0
15168,RC,"Точка приёма батареек и крышечек в магазине ""ВкусВилл""","Мытищи, Осташковское ш., 22к2",37.667249,55.96292099999999,"KRYSHECHKI,BATAREJKI",Режим работы требует уточнения,0.0
15169,RC,"Точка приёма батареек, крышечек и пластиковых карточек в магазине ""ВкусВилл""","Мытищи, ул. Борисовка, 14",37.709506,55.915093999999996,"KRYSHECHKI,BATAREJKI,INOE",Режим работы требует уточнения,0.0
15170,RC,"Точка приёма батареек, крышечек и пластиковых карточек в магазине ""ВкусВилл""","Мытищи, ул. Веры Волошиной, 22",37.717034,55.89517599999998,"KRYSHECHKI,BATAREJKI,INOE",Режим работы требует уточнения,0.0
15171,RC,"Точка приёма батареек в магазине ""ВкусВилл""","Мытищи, ул. Кадомцева, 6",37.72533399999999,55.924088000000005,BATAREJKI,Режим работы требует уточнения,1.0
15172,RC,"Точка приёма батареек и крышечек в магазине ""ВкусВилл""","Мытищи, ул. Колпакова, 29",37.72686099999999,55.919438,"KRYSHECHKI,BATAREJKI",Режим работы требует уточнения,0.0
15174,RC,"Точка приёма батареек и крышечек в магазине ""ВкусВилл""","Одинцово, Можайское ш., 79А",37.28392,55.67911799999998,"KRYSHECHKI,BATAREJKI",Режим работы требует уточнения,0.0
15175,RC,"Точка приёма батареек и крышечек в магазине ""ВкусВилл""","Одинцово, ул. Маршала Неделина, 9",37.270436,55.674920000000014,"KRYSHECHKI,BATAREJKI",Режим работы требует уточнения,0.0
15179,RC,"Точка приёма батареек и крышечек в магазине ""ВкусВилл""","Развилка, 16",37.754826,55.591909999999984,"KRYSHECHKI,BATAREJKI",Режим работы требует уточнения,0.0
15188,RC,"Точка приёма батареек и крышечек в магазине ""ВкусВилл""","Химки, ул. Бабакина, 9",37.421039,55.880101,"KRYSHECHKI,BATAREJKI",,0.0
15189,RC,"Точка приёма батареек и крышечек в магазине ""ВкусВилл""","Химки, ул. Маяковского, 14",37.44230199999999,55.893681999999984,"KRYSHECHKI,BATAREJKI",Режим работы требует уточнения,0.0
15190,RC,"Точка приёма батареек и крышечек в магазине ""ВкусВилл""","Химки, мкр. Подрезково, ул. Новозаводская, д. 10А",37.346650999999994,55.941828,"KRYSHECHKI,BATAREJKI",,0.0
15195,RC,Точка приема крышечек и батареек в магазине Вкусвилл,"Балашиха, б-р Нестерова, 6",37.94451399999999,55.822655,"KRYSHECHKI,BATAREJKI",Режим работы требует уточнения,0.0
15196,RC,"Точка приёма батареек и крышечек в магазине ""ВкусВилл""","Балашиха, Вишняковское ш., 95",37.900569,55.775954999999996,"KRYSHECHKI,BATAREJKI",Режим работы требует уточнения,0.0
15203,RC,"Точка приёма батареек и крышечек в магазине ""ВкусВилл""","Балашиха, мкр-н 1 Мая, 17",37.842897,55.806444,"KRYSHECHKI,BATAREJKI",Режим работы требует уточнения,0.0
15206,RC,"Точка приёма батареек, крышечек и пластиковых карточек в магазине ""ВкусВилл""","Балашиха, улица Дмитриева, 34",37.934645999999994,55.83467999999999,"KRYSHECHKI,BATAREJKI,INOE",,0.0
15212,RC,"Точка приёма батареек и крышечек в магазине ""ВкусВилл""","Бутово, ЖК Бутово Парк, 8к1",37.58684099999999,55.545884999999984,"KRYSHECHKI,BATAREJKI",Режим работы требует уточнения,0.0
15213,RC,"Точка приёма батареек и крышечек в магазине ""ВкусВилл""","Видное, мкр-н Солнечный, 10",37.702543999999996,55.551740999999986,"KRYSHECHKI,BATAREJKI",Режим работы требует уточнения,0.0
15214,RC,"Точка приёма батареек в магазине ""ВкусВилл""","Видное, Радужная ул., 2",37.710162,55.54296099999998,BATAREJKI,Режим работы требует уточнения,0.0
15217,RC,"Точка приёма батареек и крышечек в магазине ""ВкусВилл""","Володарского, Ленинский р-н пос.Володарского ул. Центральная, 22",37.94596,55.50182399999999,"KRYSHECHKI,BATAREJKI",Режим работы требует уточнения,0.0
15222,RC,"Точка приёма батареек и крышечек в магазине ""ВкусВилл""","Дзержинский, Лесная ул., 11",37.858526999999995,55.63058900000001,"KRYSHECHKI,BATAREJKI",Режим работы требует уточнения,0.0
15223,RC,"Точка приёма батареек, крышечек и пластиковых карточек в магазине ""ВкусВилл""","Дзержинский, Поклонная ул., 3А",37.847829,55.63205700000001,"KRYSHECHKI,BATAREJKI,INOE",Режим работы требует уточнения,0.0
15226,RC,"Точка приёма батареек и крышечек в магазине ""ВкусВилл""","Долгопрудный, Новый б-р, 21А",37.497971,55.938007000000006,"KRYSHECHKI,BATAREJKI",,0.0
15227,RC,"Точка приёма батареек и крышечек в магазине ""ВкусВилл""","Долгопрудный, Дирижабельная ул., 13",37.508906,55.940423,"KRYSHECHKI,BATAREJKI",,0.0
15228,RC,"Точка приёма батареек в магазине ""ВкусВилл""","Долгопрудный, Новый б-р, 7к1",37.506774,55.93630799999999,BATAREJKI,,0.0
15229,RC,"Точка приёма батареек и крышечек в магазине ""ВкусВилл""","Долгопрудный, Старое Дмитровское ш., 11",37.53009399999999,55.964428000000005,"KRYSHECHKI,BATAREJKI",,0.0
15236,RC,"Точка приёма батареек и крышечек в магазине ""ВкусВилл""","Дрожжино, ш. Новое, 2",37.585368,55.52683699999999,"KRYSHECHKI,BATAREJKI",Режим работы требует уточнения,0.0
15250,RC,"Точка приёма батареек и крышечек в магазине ""ВкусВилл""","Москва, пос. Коммунарка, ул. Ясная, д. 5",37.47571,55.567260000000005,"KRYSHECHKI,BATAREJKI",,0.0
15253,RC,"Точка приёма батареек и крышечек в магазине ""ВкусВилл""","Королёв, Пионерская ул., 30к9",37.827347,55.912481,"KRYSHECHKI,BATAREJKI",Режим работы требует уточнения,0.0
15254,RC,"Точка приёма батареек и крышечек в магазине ""ВкусВилл""","Королёв, Пионерская ул., 8",37.813369,55.91348499999999,"KRYSHECHKI,BATAREJKI",Режим работы требует уточнения,0.0
15255,RC,"Точка приёма батареек и крышечек в магазине ""ВкусВилл""","Королёв, ул. Грабина, 18",37.81889799999999,55.92602399999998,"KRYSHECHKI,BATAREJKI",,0.0
15256,RC,"Точка приёма батареек и крышечек в магазине ""ВкусВилл""","Королёв, ул. Исаева, 2А",37.861850999999994,55.92318999999999,"KRYSHECHKI,BATAREJKI",Режим работы требует уточнения,0.0
15257,RC,"Точка приёма батареек и крышечек в магазине ""ВкусВилл""","Королёв, ул. Тихонравова, 35к7",37.85186199999999,55.937704000000004,"KRYSHECHKI,BATAREJKI",Режим работы требует уточнения,0.0
15258,RC,"Точка приёма батареек и крышечек в магазине ""ВкусВилл""","Котельники, Сосновая ул., 1к1",37.855114,55.672377,"KRYSHECHKI,BATAREJKI",Режим работы требует уточнения,1.0
15259,RC,"Точка приёма батареек в магазине ""ВкусВилл""","Красногорск, 7-ой километр Пятницкого шоссе, вл. 2",37.331549,55.876274,BATAREJKI,Режим работы требует уточнения,0.0
15260,RC,"Точка приёма батареек и крышечек в магазине ""ВкусВилл""","Красногорск, б-р Космонавтов, 5",37.27428999999999,55.835407,"KRYSHECHKI,BATAREJKI",,0.0
15262,RC,"Точка приёма батареек и крышечек в магазине ""ВкусВилл""","Красногорск, Подмосковный б-р, 2",37.36504,55.81871199999998,"KRYSHECHKI,BATAREJKI",,0.0
15263,RC,"Точка приёма батареек и крышечек в магазине ""ВкусВилл""","Красногорск, Дачная ул., 11А",37.312316,55.820172,"KRYSHECHKI,BATAREJKI",Режим работы требует уточнения,0.0
15265,RC,"Точка приёма батареек и крышечек в магазине ""ВкусВилл""","Красногорск, Красногорский б-р, 17",37.37359,55.81909499999999,"KRYSHECHKI,BATAREJKI",,0.0
15268,RC,"Точка приёма батареек в магазине ""ВкусВилл""","Красногорск, п. Отрадное Кленовая ул, 5",37.325925,55.87124299999998,BATAREJKI,,0.0
15269,RC,"Точка приёма батареек и крышечек в магазине ""ВкусВилл""","Красногорск, Павшинский б-р, 7",37.368111,55.82269899999999,"KRYSHECHKI,BATAREJKI",,0.0
15270,RC,"Точка приёма батареек и крышечек в магазине ""ВкусВилл""","Красногорск, ул. Вокзальная, 20Б",37.341529,55.81488199999999,"KRYSHECHKI,BATAREJKI",Режим работы требует уточнения,0.0
15271,RC,"Точка приёма батареек и крышечек в магазине ""ВкусВилл""","Красногорск, ул. Дежнёва, 6",37.239328,55.834203999999986,"KRYSHECHKI,BATAREJKI",,0.0
15273,RC,"Точка приёма батареек и крышечек в магазине ""ВкусВилл""","Красногорск, ул. Ленина, 55",37.298706,55.835345999999994,"KRYSHECHKI,BATAREJKI",Режим работы требует уточнения,0.0
15274,RC,"Точка приёма батареек, крышечек и пластиковых карточек в магазине ""ВкусВилл""","Красногорск, ул. Народного Ополчения, 2А",37.316511000000006,55.835816,"KRYSHECHKI,BATAREJKI,INOE",Режим работы требует уточнения,0.0
15275,RC,"Точка приёма батареек и крышечек в магазине ""ВкусВилл""","Красногорск, ул. Успенская, 28",37.292751,55.83417799999999,"KRYSHECHKI,BATAREJKI",Режим работы требует уточнения,0.0
15276,RC,"Точка приёма батареек, крышечек, пластиковых карточек и блистеров в магазине ""ВкусВилл""","Красногорский р-он, село Ильинское, ул.Ленина, 11",37.236732,55.758842999999985,BATAREJKI,Режим работы требует уточнения,0.0
15280,RC,"Точка приёма батареек и крышечек в магазине ""ВкусВилл""","Лесной Городок, ул. Молодежная, 7",37.218827999999995,55.638515999999996,"KRYSHECHKI,BATAREJKI",Режим работы требует уточнения,0.0
15284,RC,"Точка приёма батареек в магазине ""ВкусВилл""","Лопатино, ул. Сухановская, 1с1",37.640695,55.535614999999986,BATAREJKI,Режим работы требует уточнения,0.0
15286,RC,"Точка приёма батареек и крышечек в магазине ""ВкусВилл""","Лыткарино, ул. Комсомольская, 24сВ",37.900532999999996,55.582919999999994,"KRYSHECHKI,BATAREJKI",Режим работы требует уточнения,0.0
15287,RC,"Точка приёма батареек и крышечек в магазине ""ВкусВилл""","Люберцы, пр-кт Победы, 10/18",37.912544999999994,55.68878600000001,"KRYSHECHKI,BATAREJKI",,0.0
15288,RC,"Точка приёма батареек и крышечек в магазине ""ВкусВилл""","Мисайлово, Литературный б-р, 5",37.812245999999995,55.558920999999984,"KRYSHECHKI,BATAREJKI",Режим работы требует уточнения,1.0
15289,RC,"Точка приема батареек и крышечек в магазине ""ВкусВилл""","г. Москва, ул. 1-я Квесисская, д. 18",37.57893547927091,55.794866819996855,"KRYSHECHKI,BATAREJKI",,0.0
15291,RC,"Точка приема батареек и крышечек в магазине ""ВкусВилл""","Москва, 2-я Прядильная ул., 4",37.776916,55.79516,"KRYSHECHKI,BATAREJKI",Режим работы требует уточнения,0.0
15292,RC,Точка приема батареек в магазине ВкусВилл,"Москва, 3-й Крутицкий пер., 13, стр. 2",37.664887,55.730958000000015,BATAREJKI,Режим работы требует уточнения,0.0
15293,RC,"Точка приема батареек в магазине ""ВкусВилл""","г. Москва, 7-я ул. Текстильщиков, д. 16",37.7478589411374,55.69520213845043,BATAREJKI,,0.0
15294,RC,Точка приема крышечек и батареек в магазине ВкусВилл,"Москва, 8-я ул. Текстильщиков, 15",37.74543899999999,55.70277399999999,"KRYSHECHKI,BATAREJKI",,0.0
15295,RC,"Точка приема крышечек и батареек в магазине ""Вкусвилл""","Москва, Абрамцевская ул., 24А",37.574588,55.90406899999999,"KRYSHECHKI,BATAREJKI",Режим работы требует уточнения,1.0
15296,RC,"Точка приема крышечек и батареек в магазине ""Вкусвилл""","Москва, Абрамцевская ул., 3",37.57305199999999,55.89487900000001,"KRYSHECHKI,BATAREJKI",Режим работы требует уточнения,0.0
15297,RC,"Точка приёма батареек и крышечек в магазине ""ВкусВилл""","Москва, Алтуфьевское ш., 58",37.58770299999999,55.881747,"KRYSHECHKI,BATAREJKI",,0.0
15299,RC,"Точка приёма батареек и крышечек в магазине ""ВкусВилл""","Москва, Алтуфьевское ш., 93",37.585745,55.900102999999994,"KRYSHECHKI,BATAREJKI",Режим работы требует уточнения,0.0
15300,RC,"Точка приёма батареек и крышечек в магазине ""ВкусВилл""","Москва, Багратионовский пр-д, 1А",37.513107,55.74579699999999,"KRYSHECHKI,BATAREJKI",Режим работы требует уточнения,0.0
15301,RC,"Точка приёма крышечек в магазине ""ВкусВилл""","Москва, Берёзовая аллея, 17к1",37.617527,55.850908999999994,KRYSHECHKI,Режим работы требует уточнения,0.0
15302,RC,"Точка приёма батареек, крышечек и пластиковых карточек в магазине ""ВкусВилл""","Москва, Большая Очаковская ул., 32",37.451564,55.68011800000001,"KRYSHECHKI,BATAREJKI,INOE",,1.0
15305,RC,"Точка приёма батареек в магазине ""ВкусВилл""","Москва, Большая Филёвская ул., 19/18к1",37.496776,55.747485,BATAREJKI,Режим работы требует уточнения,0.0
15306,RC,"Точка приёма батареек, крышечек и пластиковых карточек в магазине ""ВкусВилл""","Москва, ул. Большая Черемушкинская, 1",37.600719,55.68923900000001,"KRYSHECHKI,BATAREJKI,INOE",,1.0
15307,RC,"Точка приёма батареек, крышечек и пластиковых карточек в магазине ""ВкусВилл""","Москва, Ботаническая ул., 27",37.595123,55.83304599999999,"KRYSHECHKI,BATAREJKI,INOE",Режим работы требует уточнения,0.0
15308,RC,"Точка приёма батареек в магазине ""ВкусВилл""","Москва, б-р Академика Ландау, 1",37.550216999999996,55.9203,BATAREJKI,Режим работы требует уточнения,0.0
15309,RC,"Точка приёма батареек в магазине ""ВкусВилл""","Москва, б-р Андрея Тарковского, 1",37.340739,55.629537,BATAREJKI,Режим работы требует уточнения,0.0
15311,RC,"Точка приёма батареек и крышечек в магазине ""ВкусВилл""","Москва, б-р Генерала Карбышева, 13к1",37.46961099999999,55.781235999999986,"KRYSHECHKI,BATAREJKI",Режим работы требует уточнения,0.0
15312,RC,"Точка приёма батареек и крышечек в магазине ""ВкусВилл""","Москва, Кронштадский б-р, д. 7",37.487396999999994,55.840901999999986,"KRYSHECHKI,BATAREJKI",,0.0
15313,RC,"Точка приёма батареек, крышечек и пластиковых карточек в магазине ""ВкусВилл""","Москва, б-р Новинский, 18",37.58455,55.754800999999986,"KRYSHECHKI,BATAREJKI,INOE",,0.0
15314,RC,"Точка приёма батареек и крышечек в магазине ""ВкусВилл""","Москва, б-р Ореховый, 45",37.74269,55.614582,"KRYSHECHKI,BATAREJKI",,1.0
15315,RC,"Точка приёма батареек и крышечек в магазине ""ВкусВилл""","Москва, Скандинавский б-р, 6",37.497457,55.56644599999999,"KRYSHECHKI,BATAREJKI",,1.0
15316,RC,"Точка приёма батареек, крышечек и пластиковых карточек в магазине ""ВкусВилл""","Москва, б-р Химкинский, 16к1",37.44303,55.851964999999986,"KRYSHECHKI,BATAREJKI,INOE",Режим работы требует уточнения,0.0
15317,RC,"Точка приёма батареек и крышечек в магазине ""ВкусВилл""","Москва, б-р Ходынский, 20А",37.523204,55.790776999999984,"KRYSHECHKI,BATAREJKI",Режим работы требует уточнения,0.0
15318,RC,"Точка приёма батареек и крышечек в магазине ""ВкусВилл""","Москва, б-р Чистопрудный, 9с1",37.643668,55.76286999999999,"KRYSHECHKI,BATAREJKI",,0.0
15319,RC,"Точка приёма батареек, крышечек и пластиковых карточек в магазине ""ВкусВилл""","Москва, б-р Яна Райниса, 30к1",37.410187,55.850995,"KRYSHECHKI,BATAREJKI,INOE",,0.0
15320,RC,"Точка приёма батареек и крышечек в магазине ""ВкусВилл""","Москва, Братиславская ул., 16к1",37.757439999999995,55.659358,"KRYSHECHKI,BATAREJKI",,0.0
15322,RC,"Точка приёма батареек и крышечек в магазине ""ВкусВилл""","Москва, Веерная ул., 3к6",37.476986000000004,55.70576200000001,"KRYSHECHKI,BATAREJKI",Режим работы требует уточнения,0.0
15323,RC,"Точка приёма батареек и крышечек в магазине ""ВкусВилл""","Москва, Веерная ул., 30к6",37.476016,55.710423,"KRYSHECHKI,BATAREJKI",Режим работы требует уточнения,0.0
15324,RC,"Точка приёма батареек и крышечек в магазине ""ВкусВилл""","Москва, ул. Вешняковская, 15А",37.829823999999995,55.735197,"KRYSHECHKI,BATAREJKI",,1.0
15325,RC,"Точка приёма батареек и крышечек в магазине ""ВкусВилл""","Москва, Вешняковская ул., 29",37.827922,55.72403799999999,"KRYSHECHKI,BATAREJKI",,0.0
15326,RC,"Точка приёма батареек и крышечек в магазине ""ВкусВилл""","Москва, Вильнюсская ул., 5",37.52310599999999,55.603756,"KRYSHECHKI,BATAREJKI",Режим работы требует уточнения,0.0
15327,RC,"Точка приёма батареек и крышечек в магазине ""ВкусВилл""","Москва, Вишнёвая ул., 2/14",37.446794,55.827256999999996,"KRYSHECHKI,BATAREJKI",Режим работы требует уточнения,0.0
15328,RC,"Точка приёма батареек и крышечек в магазине ""ВкусВилл""","Москва, Волгоградский проспект, 10с2",37.673505,55.73035900000001,"KRYSHECHKI,BATAREJKI",Режим работы требует уточнения,0.0
15329,RC,"Точка приёма батареек и крышечек в магазине ""ВкусВилл""","Москва, Волгоградский пр-т, 3-5с2",37.672379,55.731905999999995,"KRYSHECHKI,BATAREJKI",Режим работы требует уточнения,1.0
15330,RC,"Точка приёма батареек и крышечек в магазине ""ВкусВилл""","Москва, Волгоградский пр-т, 70",37.75934399999999,55.705685999999986,"KRYSHECHKI,BATAREJKI",Режим работы требует уточнения,0.0
15331,RC,"Точка приёма батареек и крышечек в магазине ""ВкусВилл""","Москва, Воротынская ул., 6",37.40035099999999,55.88812899999998,"KRYSHECHKI,BATAREJKI",Режим работы требует уточнения,0.0
15332,RC,"Точка приёма батареек и крышечек в магазине ""ВкусВилл""","Москва, Головинское ш., 5с1",37.490479,55.840120000000006,"KRYSHECHKI,BATAREJKI",,0.0
15333,RC,"Точка приёма батареек и крышечек в магазине ""ВкусВилл""","Москва, Дегунинская ул., 10к1",37.537649,55.86547000000001,"KRYSHECHKI,BATAREJKI",Режим работы требует уточнения,0.0
15334,RC,"Точка приёма батареек и крышечек в магазине ""ВкусВилл""","Москва, Дубнинская ул., 16к1",37.562918999999994,55.868829000000005,"KRYSHECHKI,BATAREJKI",Режим работы требует уточнения,0.0
15335,RC,"Точка приёма батареек и крышечек в магазине ""ВкусВилл""","Москва, Дубнинская ул., 2к2",37.567509,55.85615899999999,"KRYSHECHKI,BATAREJKI",Режим работы требует уточнения,0.0
15336,RC,"Точка приёма батареек в магазине ""ВкусВилл""","Москва, Духовской пер., 14",37.615649999999995,55.705609999999986,BATAREJKI,Режим работы требует уточнения,0.0
15348,RC,"Точка приёма батареек и крышечек в магазине ""ВкусВилл""","Москва, ул. Каргопольская, 18с1",37.593937999999994,55.86447999999998,"KRYSHECHKI,BATAREJKI",,1.0
15349,RC,"Точка приёма батареек и крышечек в магазине ""ВкусВилл""","Москва, Кастанаевская ул., 51к2",37.460384999999995,55.73149999999999,"KRYSHECHKI,BATAREJKI",Режим работы требует уточнения,0.0
15350,RC,"Точка приёма батареек и крышечек в магазине ""ВкусВилл""","Москва, Киевская ул., 20",37.546722,55.738875,"KRYSHECHKI,BATAREJKI",Режим работы требует уточнения,0.0
15351,RC,"Точка приёма батареек и крышечек в магазине ""ВкусВилл""","Москва, Кировоградская ул., 23А",37.599004,55.600388999999986,"KRYSHECHKI,BATAREJKI",Режим работы требует уточнения,0.0
15353,RC,"Точка приёма батареек и крышечек в магазине ""ВкусВилл""","Москва, Краснодарская ул., 15/17",37.746436,55.677575,"KRYSHECHKI,BATAREJKI",Режим работы требует уточнения,1.0
15354,RC,"Точка приёма батареек и крышечек в магазине ""ВкусВилл""","Москва, Краснодонская ул., д. 2А",37.750404,55.684269999999984,"KRYSHECHKI,BATAREJKI",,0.0
15355,RC,"Точка приёма батареек, крышечек и пластиковых карточек в магазине ""ВкусВилл""","Москва, Красностуденческий пр-д, 2",37.5675,55.82579499999999,"KRYSHECHKI,BATAREJKI,INOE",Режим работы требует уточнения,0.0
15357,RC,"Точка приёма батареек и крышечек в магазине ""ВкусВилл""","Москва, Кутузовский пр-т, д. 35",37.53733,55.74029500000002,"KRYSHECHKI,BATAREJKI",,0.0
15358,RC,"Точка приёма батареек и крышечек в магазине ""ВкусВилл""","Москва, Кутузовский пр-т, 45с1",37.525854,55.737076,"KRYSHECHKI,BATAREJKI",Режим работы требует уточнения,0.0
15359,RC,"Точка приёма батареек, крышечек и пластиковых карточек в магазине ""ВкусВилл""","Москва, Ленинский пр-кт, 131",37.473492,55.64414499999999,"KRYSHECHKI,BATAREJKI,INOE",,0.0
15360,RC,"Точка приёма батареек, крышечек и пластиковых карточек в магазине ""ВкусВилл""","Москва, Ленинский пр-кт, 148с1",37.49295699999999,55.65623299999998,"KRYSHECHKI,BATAREJKI,INOE",,0.0
15361,RC,"Точка приёма батареек и крышечек в магазине ""ВкусВилл""","Москва, Ленинский пр-кт, 62/1",37.55445699999999,55.693991999999994,"KRYSHECHKI,BATAREJKI",,1.0
15362,RC,"Точка приёма батареек в магазине ""ВкусВилл""","Москва, Ленинский пр-кт, 73/8",37.54740499999999,55.68855299999999,BATAREJKI,,0.0
15363,RC,"Точка приёма батареек в магазине ""ВкусВилл""","Москва, Ломоносовский пр-кт, 34",37.510635,55.708519999999986,BATAREJKI,,0.0
15364,RC,"Точка приёма батареек и крышечек в магазине ""ВкусВилл""","Москва, Лухмановская ул., 24",37.902930999999995,55.72125499999999,"KRYSHECHKI,BATAREJKI",Режим работы требует уточнения,0.0
15365,RC,"Точка приёма батареек в магазине ""ВкусВилл""","Москва, Люблинская ул., 76к2",37.73246700000001,55.663624000000006,BATAREJKI,Режим работы требует уточнения,0.0
15366,RC,"Точка приёма батареек пластиковых карточек в магазине ""ВкусВилл""","Москва, Малая Пироговская ул., 21",37.56681799999999,55.72716099999999,"BATAREJKI,INOE",Режим работы требует уточнения,0.0
15367,RC,"Точка приёма батареек и крышечек в магазине ""ВкусВилл""","Москва, Малая Филёвская ул., 18",37.468183,55.737061,"KRYSHECHKI,BATAREJKI",,1.0
15368,RC,"Точка приёма батареек и крышечек в магазине ""ВкусВилл""","Москва, Матвеевская ул., 34к1",37.46113999999999,55.704042,"KRYSHECHKI,BATAREJKI",Режим работы требует уточнения,0.0
15370,RC,"Точка приёма батареек и крышечек в магазине ""ВкусВилл""","Москва, Митинская ул., 25",37.362855,55.84442999999999,"KRYSHECHKI,BATAREJKI",Режим работы требует уточнения,1.0
15371,RC,"Точка приёма батареек и крышечек в магазине ""ВкусВилл""","Москва, ул. Михалковская, 20",37.530148,55.839172999999995,"KRYSHECHKI,BATAREJKI",,1.0
15373,RC,"Точка приёма батареек и крышечек в магазине ""ВкусВилл""","Москва, Олимпийская деревня, Мичуринский пр-т, 4к1",37.470665,55.67604999999999,"KRYSHECHKI,BATAREJKI",Режим работы требует уточнения,0.0
15374,RC,"Точка приёма батареек и крышечек в магазине ""ВкусВилл""","Москва, МКАД, 87-й километр, 8",37.629367,55.898563,"KRYSHECHKI,BATAREJKI",Режим работы требует уточнения,0.0
15375,RC,"Точка приёма батареек и крышечек в магазине ""ВкусВилл""","Москва, ул. Бутлерова, 4",37.525001,55.65322799999999,"KRYSHECHKI,BATAREJKI",,0.0
15376,RC,"Точка приёма батареек в магазине ""ВкусВилл""","Москва, Мосфильмовская ул., 70",37.50560599999999,55.714977000000005,BATAREJKI,Режим работы требует уточнения,0.0
15377,RC,"Точка приёма батареек, крышечек и пластиковых карточек в магазине ""ВкусВилл""","Москва, Мурановская ул., 7",37.597440999999996,55.892259,"KRYSHECHKI,BATAREJKI,INOE",Режим работы требует уточнения,0.0
15378,RC,"Точка приёма батареек и крышечек в магазине ""ВкусВилл""","Москва, Мытная ул., 52",37.618614,55.717518,"KRYSHECHKI,BATAREJKI",Режим работы требует уточнения,0.0
15380,RC,"Точка приёма батареек и крышечек в магазине ""ВкусВилл""","Москва, наб. Шелепихинская, 34к1",37.512505,55.76131999999999,"KRYSHECHKI,BATAREJKI",Режим работы требует уточнения,0.0
15381,RC,"Точка приёма батареек и крышечек в магазине ""ВкусВилл""","Москва, ул. Нагорная, 21к1",37.602735,55.67802799999998,"KRYSHECHKI,BATAREJKI",,0.0
15382,RC,"Точка приёма батареек и крышечек в магазине ""ВкусВилл""","Москва, Нагорная ул., 30к1",37.597288,55.67551399999999,"KRYSHECHKI,BATAREJKI",Режим работы требует уточнения,0.0
15383,RC,"Точка приёма батареек и крышечек в магазине ""ВкусВилл""","Москва, Новая ул., 10",37.513296,55.875203,"KRYSHECHKI,BATAREJKI",Режим работы требует уточнения,0.0
15384,RC,"Точка приёма батареек и крышечек в магазине ""ВкусВилл""","Москва, Новокосинская ул., 15Ас1",37.854592999999994,55.73773499999999,"KRYSHECHKI,BATAREJKI",Режим работы требует уточнения,0.0
15385,RC,"Точка приёма батареек и крышечек в магазине ""ВкусВилл""","Москва, Новокосинская ул., 47",37.874464,55.74392799999999,"KRYSHECHKI,BATAREJKI",Режим работы требует уточнения,0.0
15386,RC,"Точка приёма батареек и крышечек в магазине ""ВкусВилл""","Москва, Новокузнецкая ул., 13с1",37.631747999999995,55.73756799999999,"KRYSHECHKI,BATAREJKI",Режим работы требует уточнения,0.0
15387,RC,"Точка приёма батареек в магазине ""ВкусВилл""","Москва, Новопеределкинская ул., 9А",37.36607099999999,55.640309,BATAREJKI,Режим работы требует уточнения,0.0
15388,RC,"Точка приёма батареек и крышечек в магазине ""ВкусВилл""","Москва, Новослободская ул., 50/1с2",37.594548,55.786818000000004,"KRYSHECHKI,BATAREJKI",,0.0
15389,RC,"Точка приёма батареек и крышечек в магазине ""ВкусВилл""","Москва, Новотушинский пр-д, 10к2",37.380929,55.840487,"KRYSHECHKI,BATAREJKI",,0.0
15390,RC,"Точка приёма батареек и крышечек в магазине ""ВкусВилл""","Москва, Новочеремушкинская ул., 44с1",37.56846899999999,55.672484,"KRYSHECHKI,BATAREJKI",,0.0
15391,RC,"Точка приёма батареек в магазине ""ВкусВилл""","Москва, Новочеркасский б-р, 51",37.73992899999999,55.648271,BATAREJKI,,0.0
15392,RC,"Точка приёма батареек и крышечек в магазине ""ВкусВилл""","Москва, Окская ул., 2",37.748699,55.70992600000001,"KRYSHECHKI,BATAREJKI",,1.0
15393,RC,"Точка приёма батареек в магазине ""ВкусВилл""","Москва, Онежская ул., 11/11",37.520294,55.84917999999999,BATAREJKI,Режим работы требует уточнения,0.0
15394,RC,"Точка приёма батареек в магазине ""ВкусВилл""","Москва, Открытое шоссе, 24к11",37.757557,55.82301399999999,BATAREJKI,Режим работы требует уточнения,1.0
15397,RC,"Точка приёма крышечек в магазине ""ВкусВилл""","Балашиха, Школьная улица, 7к4",37.925138,55.749075999999995,KRYSHECHKI,Режим работы требует уточнения,0.0
15398,RC,"Точка приёма батареек, крышечек и пластиковых карточек в магазине ""ВкусВилл""","Москва, пер. Сивцев Вражек, 20",37.593692999999995,55.747761,"KRYSHECHKI,BATAREJKI,INOE",,0.0
15399,RC,"Точка приёма батареек и крышечек в магазине ""ВкусВилл""","Москва, пер. Юрьевский, 22к1",37.717447,55.76252999999999,"KRYSHECHKI,BATAREJKI",Режим работы требует уточнения,0.0
15400,RC,"Точка приёма батареек, крышечек, пластиковых карточек и блистеров в магазине ""ВкусВилл""","Москва, Перовская ул., 56/55",37.789573,55.745184,"KRYSHECHKI,BATAREJKI,INOE",Режим работы требует уточнения,0.0
15401,RC,"Точка приёма батареек и крышечек в магазине ""ВкусВилл""","Москва, ул. Планерная, 12к1",37.43663399999999,55.862140999999994,"KRYSHECHKI,BATAREJKI",,0.0
15402,RC,"Точка приёма батареек и крышечек в магазине ""ВкусВилл""","Москва, ул. Планерная, 14к1",37.436848999999995,55.864111,"KRYSHECHKI,BATAREJKI",,1.0
15403,RC,"Точка приёма батареек и крышечек в магазине ""ВкусВилл""","Москва, ул. Планерная, 7к1",37.433508,55.863358,"KRYSHECHKI,BATAREJKI",,0.0
15404,RC,"Точка приёма батареек и крышечек в магазине ""ВкусВилл""","Москва, Полярная ул., 10с1",37.63827,55.874561,"KRYSHECHKI,BATAREJKI",Режим работы требует уточнения,0.0
15405,RC,"Точка приёма батареек и крышечек в магазине ""ВкусВилл""","Москва, пос. Воскресенское, 29",37.445347,55.52965999999998,"KRYSHECHKI,BATAREJKI",Режим работы ежедневно с 09:00-22:00,1.0
15411,RC,"Точка приёма батареек и крышечек в магазине ""ВкусВилл""","Москва, пр. Погонный, А",37.702706,55.818948,"KRYSHECHKI,BATAREJKI",Режим работы требует уточнения,1.0
15412,RC,"Точка приёма батареек и крышечек в магазине ""ВкусВилл""","Москва, пр. Рижский, 7",37.660610999999996,55.814143,"KRYSHECHKI,BATAREJKI",Режим работы требует уточнения,0.0
15413,RC,"Точка приёма батареек и крышечек в магазине ""ВкусВилл""","Москва, пр-д Дежнёва, 27к1",37.633967,55.87006599999999,"KRYSHECHKI,BATAREJKI",Режим работы требует уточнения,1.0
15414,RC,"Точка приёма батареек в магазине ""ВкусВилл""","Москва, пр-д Одоевского, 11Ас1",37.516268999999994,55.59899,BATAREJKI,Режим работы требует уточнения,0.0
15415,RC,"Точка приёма батареек и крышечек в магазине ""ВкусВилл""","Москва, пр-д Русанова, 35",37.63756899999999,55.856982,"KRYSHECHKI,BATAREJKI",Режим работы требует уточнения,0.0
15416,RC,"Точка приёма батареек и крышечек в магазине ""ВкусВилл""","Москва, пр-д Шокальского, 2",37.647944,55.872233,"KRYSHECHKI,BATAREJKI",Режим работы требует уточнения,0.0
15418,RC,"Точка приёма батареек и крышечек в магазине ""ВкусВилл""","Москва, проспект Ленинский, 40",37.57025800000001,55.702942,"KRYSHECHKI,BATAREJKI",Режим работы требует уточнения,0.0
15419,RC,"Точка приёма батареек и крышечек в магазине ""ВкусВилл""","Москва, Профсоюзная ул., 26/44",37.563152,55.6789,"KRYSHECHKI,BATAREJKI",,1.0
15420,RC,"Точка приёма батареек и крышечек в магазине ""ВкусВилл""","Москва, Профсоюзная ул., 5/9",37.571129,55.684837999999985,"KRYSHECHKI,BATAREJKI",Режим работы требует уточнения,1.0
15421,RC,"Точка приёма батареек и пластиковых карточек в магазине ""ВкусВилл""","Москва, ул. Профсоюзная, д. 98, к. 1",37.526528,55.645877999999996,"BATAREJKI,INOE",,0.0
15422,RC,"Точка приёма батареек и крышечек в магазине ""ВкусВилл""","Москва, пр-т Андропова, 38",37.661608,55.674082000000006,"KRYSHECHKI,BATAREJKI",,0.5
15423,RC,"Точка приёма батареек и крышечек в магазине ""ВкусВилл""","Москва, пр-т Буденного, 29/1",37.73069699999999,55.768036,"KRYSHECHKI,BATAREJKI",Режим работы требует уточнения,0.0
15424,RC,"Точка приёма батареек в магазине ""ВкусВилл""","Россия, Москва, проспект Будённого, 51к5",37.738653,55.759408999999984,BATAREJKI,Режим работы требует уточнения,0.0
15426,RC,"Точка приёма батареек, крышечек и пластиковых карточек в магазине ""ВкусВилл""","Москва, пр-кт Вернадского, 33",37.514562999999995,55.680742,"KRYSHECHKI,BATAREJKI,INOE",,0.0
15427,RC,"Точка приёма батареек и крышечек в магазине ""ВкусВилл""","Москва, пр-кт Вернадского, 54",37.494914,55.673729,"KRYSHECHKI,BATAREJKI",,0.0
15428,RC,"Точка приёма батареек, крышечек и пластиковых карточек в магазине ""ВкусВилл""","Москва, пр-т Вернадского, 94к1",37.475513,55.65265899999999,"KRYSHECHKI,BATAREJKI,INOE",Режим работы требует уточнения,0.0
15429,RC,"Точка приёма батареек в магазине ""ВкусВилл""","Москва, пр-т Комсомольский, 27с5",37.581486999999996,55.72604599999998,BATAREJKI,Режим работы требует уточнения,0.5
15430,RC,"Точка приёма батареек в магазине ""ВкусВилл""","Москва, пр-т Комсомольский, 48/22",37.571174,55.719824999999986,BATAREJKI,Режим работы требует уточнения,0.0
15431,RC,"Точка приёма крышечек в магазине ""ВкусВилл""","Москва, пр-т Ленинградский проспект, 29к2",37.561859,55.785958999999984,KRYSHECHKI,Режим работы требует уточнения,0.0
15432,RC,"Точка приёма батареек и крышечек в магазине ""ВкусВилл""","Москва, пр-т Маршала Жукова, 39к1",37.471237,55.77530699999998,"KRYSHECHKI,BATAREJKI",Режим работы требует уточнения,0.0
15433,RC,"Точка приёма батареек и крышечек в магазине ""ВкусВилл""","Москва, пр-т Мира, 182",37.647845999999994,55.826103999999994,"KRYSHECHKI,BATAREJKI",Режим работы требует уточнения,0.0
15434,RC,"Точка приёма батареек и крышечек в магазине ""ВкусВилл""","Москва, пр-кт Мира, 40",37.63422899999999,55.78015399999999,"KRYSHECHKI,BATAREJKI",,0.5
15435,RC,"Точка приёма батареек и крышечек в магазине ""ВкусВилл""","Москва, пр-кт Мира, 56с2",37.63520199999999,55.784012,"KRYSHECHKI,BATAREJKI",,0.0
15436,RC,"Точка приёма батареек и крышечек в магазине ""ВкусВилл""","Москва, пр-т Мира,188Бк4",37.659622,55.83456799999998,"KRYSHECHKI,BATAREJKI",Режим работы требует уточнения,0.0
15437,RC,"Точка приёма батареек и мягкой пластиковой упаковки в магазине ""ВкусВилл""","Москва, пр-т Мичуринский, 34",37.49802499999999,55.69833999999999,"PLASTIK,BATAREJKI,INOE",Режим работы требует уточнения,0.0
15438,RC,"Точка приёма батареек и крышечек в магазине ""ВкусВилл""","Москва, пр-т Нововатутинский, 7",37.347988,55.51703099999999,"KRYSHECHKI,BATAREJKI",Режим работы требует уточнения,0.0
15439,RC,"Точка приёма батареек и крышечек в магазине ""ВкусВилл""","Москва, пр-т Новоясеневский, 11",37.536283999999995,55.606670000000015,"KRYSHECHKI,BATAREJKI",Режим работы требует уточнения,0.0
15440,RC,"Точка приёма батареек и крышечек в магазине ""ВкусВилл""","Москва, Псковская ул., 9к1",37.55199499999999,55.905856,"KRYSHECHKI,BATAREJKI",Режим работы требует уточнения,0.0
15441,RC,"Точка приёма батареек и крышечек в магазине ""ВкусВилл""","Москва, Рогачёвский пер., 4, корп. 1",37.552741,55.86771299999999,"KRYSHECHKI,BATAREJKI",Режим работы требует уточнения,0.0
15442,RC,"Точка приёма батареек и крышечек в магазине ""ВкусВилл""","Москва, Родионовская ул., 12",37.389607,55.893854000000005,"KRYSHECHKI,BATAREJKI",Режим работы требует уточнения,0.0
15443,RC,"Точка приёма батареек и крышечек в магазине ""ВкусВилл""","Москва, Рублёвское ш., 16к1",37.43437,55.740192999999984,"KRYSHECHKI,BATAREJKI",Режим работы требует уточнения,0.0
15444,RC,"Точка приёма батареек и крышечек в магазине ""ВкусВилл""","Москва, Рублёвское ш., 62",37.380875,55.766212,"KRYSHECHKI,BATAREJKI",Режим работы требует уточнения,0.0
15446,RC,"Точка приёма батареек, крышечек и пластиковых карточек в магазине ""ВкусВилл""","Москва, Саратовская ул., 3к1",37.732224,55.713958,"KRYSHECHKI,BATAREJKI,INOE",Режим работы требует уточнения,0.0
15449,RC,"Точка приёма батареек и крышечек в магазине ""ВкусВилл""","Москва, Снежная ул., 16к6",37.646362999999994,55.851797999999995,"KRYSHECHKI,BATAREJKI",Режим работы требует уточнения,0.0
15450,RC,"Точка приёма батареек и крышечек в магазине ""ВкусВилл""","Москва, Солнечногорская ул., 15к1",37.519234,55.860752,"KRYSHECHKI,BATAREJKI",Режим работы требует уточнения,0.0
15451,RC,"Точка приёма батареек и крышечек в магазине ""ВкусВилл""","Москва, Стрельбищенский пер., 5",37.538548,55.75811900000001,"KRYSHECHKI,BATAREJKI",Режим работы требует уточнения,0.0
15452,RC,"Точка приёма батареек и крышечек в магазине ""ВкусВилл""","Москва, ул. Судостроительная, 11к1",37.671399,55.68055899999999,"KRYSHECHKI,BATAREJKI",,0.0
15453,RC,"Точка приёма батареек и крышечек в магазине ""ВкусВилл""","Москва, Сходненская ул., 25",37.438754,55.845501000000006,"KRYSHECHKI,BATAREJKI",Режим работы требует уточнения,0.0
15454,RC,"Точка приёма батареек (экообменник), крышечек, пластиковых карт в магазине ""ВкусВилл""","Москва, Тайнинская ул., 16к1",37.68474799999999,55.88092399999999,"KRYSHECHKI,BATAREJKI,INOE",,0.0
15455,RC,"Точка приёма батареек и крышечек в магазине ""ВкусВилл""","Москва, Талдомская ул., 15",37.52162299999999,55.873783999999986,"KRYSHECHKI,BATAREJKI",Режим работы требует уточнения,0.5
15456,RC,"Точка приёма батареек, крышечек, пластиковых карточек и блистеров в магазине ""ВкусВилл""","Москва, Тульская Малая ул., 2/1к4",37.619082,55.71071200000001,"KRYSHECHKI,BATAREJKI,INOE",,0.0
15457,RC,"Точка приёма батареек и крышечек в магазине ""ВкусВилл""","Москва, Туристская ул., 13к2",37.421874,55.85001399999998,"KRYSHECHKI,BATAREJKI",,0.0
15458,RC,"Точка приёма батареек и крышечек в магазине ""ВкусВилл""","Россия, Москва, Нижняя Первомайская улица, 35/9",37.80534599999999,55.79156999999999,"KRYSHECHKI,BATAREJKI",Режим работы требует уточнения,0.0
15459,RC,"Точка приёма батареек в магазине ""ВкусВилл""","Москва, ул. 26 Бакинских Комиссаров, 12к2",37.48861,55.660428999999986,BATAREJKI,Режим работы требует уточнения,1.0
15460,RC,"Точка приёма батареек, крышечек и пластиковых карточек в магазине ""ВкусВилл""","Москва, ул. 2-ая Вольская, 1к1",37.91897500000001,55.687246999999985,"KRYSHECHKI,BATAREJKI,INOE",,0.0
15461,RC,"Точка приёма батареек, крышечек и пластиковых карточек в магазине ""ВкусВилл""","Москва, ул. 2-я Звенигородская, 11",37.554643,55.76142499999999,"KRYSHECHKI,BATAREJKI,INOE",,0.0
15462,RC,"Точка приёма батареек и крышечек в магазине ""ВкусВилл""","Москва, ул. 2-я Карачаровская, 1с1",37.753101,55.73466299999997,"KRYSHECHKI,BATAREJKI",,1.0
15463,RC,"Точка приёма батареек в магазине ""ВкусВилл""","Москва, ул. Адмирала Лазарева, 63",37.506334,55.537428999999975,BATAREJKI,Режим работы требует уточнения,0.0
15464,RC,"Точка приёма батареек в магазине ""ВкусВилл""","Москва, улица Адмирала Лазарева, 58",37.512392999999996,55.541463000000014,BATAREJKI,,0.0
15465,RC,"Точка приёма батареек и крышечек в магазине ""ВкусВилл""","Москва, ул. Адмирала Руднева, 2",37.525585,55.54419899999999,"KRYSHECHKI,BATAREJKI",Режим работы требует уточнения,0.0
15466,RC,"Точка приёма батареек, крышечек и пластиковых карточек в магазине ""ВкусВилл""","Москва, ул. Академика Анохина, 2к1А",37.476654,55.670213999999994,"KRYSHECHKI,BATAREJKI,INOE",Режим работы требует уточнения,1.0
15467,RC,"Точка приёма батареек и крышечек в магазине ""ВкусВилл""","Москва, ул. Академика Анохина, д. 38, к. 1",37.471524,55.65831800000001,"KRYSHECHKI,BATAREJKI",,0.5
15468,RC,"Точка приёма батареек и крышечек в магазине ""ВкусВилл""","Москва, ул. Академика Арцимовича, д. 13",37.51300799999999,55.63917599999999,"KRYSHECHKI,BATAREJKI",,0.0
15469,RC,"Точка приема пластиковых карточек в магазине ""ВкусВилл""","г. Москва, ул. Академика Бакулева, д. 6",37.486041,55.643155,INOE,,0.0
15470,RC,"Точка приёма батареек, крышечек и пластиковых карточек в магазине ""ВкусВилл""","Москва, ул. Академика Виноградова, 1",37.48322,55.63193999999999,"KRYSHECHKI,BATAREJKI,INOE",Режим работы требует уточнения,0.0
15471,RC,"Точка приёма батареек, крышечек и пластиковых карточек в магазине ""ВкусВилл""","Москва, ул. Академика Виноградова, 5",37.484846,55.632819999999995,"KRYSHECHKI,BATAREJKI,INOE",Режим работы требует уточнения,0.0
15472,RC,"Точка приёма батареек и крышечек в магазине ""ВкусВилл""","Москва, ул. Академика Волгина, 8А",37.517140999999995,55.651561999999984,"KRYSHECHKI,BATAREJKI",Режим работы требует уточнения,0.0
15473,RC,"Точка приёма батареек и крышечек в магазине ""ВкусВилл""","Москва, ул. Академика Комарова, 5А",37.594908,55.829092,"KRYSHECHKI,BATAREJKI",Режим работы требует уточнения,0.0
15474,RC,"Точка приёма батареек и крышечек в магазине ""ВкусВилл""","Москва, ул. Академика Пилюгина, 18",37.533831,55.668446999999986,"KRYSHECHKI,BATAREJKI",Режим работы требует уточнения,0.0
15475,RC,"Точка приёма батареек в магазине ""ВкусВилл""","Москва, ул. Академика Янгеля, 1к1",37.598115,55.594056,BATAREJKI,Режим работы требует уточнения,0.0
15477,RC,"Точка приёма батареек в магазине ""ВкусВилл""","Москва, ул. Александры Монаховой, 84к2",37.48470999999999,55.545348000000004,BATAREJKI,,0.0
15479,RC,"Точка приёма батареек и крышечек в магазине ""ВкусВилл""","Москва, ул. Арбат, 1",37.599292,55.751811999999994,"KRYSHECHKI,BATAREJKI",Режим работы требует уточнения,1.0
15480,RC,"Точка приёма батареек и крышечек в магазине ""ВкусВилл""","Москва, ул. Базовская, 15к8",37.507906,55.878056,"KRYSHECHKI,BATAREJKI",Режим работы требует уточнения,0.0
15481,RC,"Точка приёма батареек и крышечек в магазине ""ВкусВилл""","Москва, ул. Барклая, 7к1",37.501285,55.740588,"KRYSHECHKI,BATAREJKI",Режим работы требует уточнения,0.0
15482,RC,"Точка приёма батареек в магазине ""ВкусВилл""","Москва, Бачуринская ул., 9Ак1",37.481191,55.579202,BATAREJKI,,1.0
15483,RC,"Точка приёма батареек и крышечек в магазине ""ВкусВилл""","Москва, ул. Берзарина, д. 23",37.473141,55.788045999999994,"KRYSHECHKI,BATAREJKI",,0.0
15484,RC,"Точка приёма батареек и крышечек в магазине ""ВкусВилл""","Москва, ул. Большая Очаковская, 11",37.458544,55.68366599999998,"KRYSHECHKI,BATAREJKI",Режим работы требует уточнения,0.0
15485,RC,"Точка приёма батареек и крышечек в магазине ""ВкусВилл""","Москва, ул. Бориса Галушкина, 16",37.655849999999994,55.823115000000016,"KRYSHECHKI,BATAREJKI",,0.0
15486,RC,"Точка приёма батареек в магазине ""ВкусВилл""","Москва, ул. Бориса Пастернака, 14",37.315549999999995,55.63766199999999,BATAREJKI,,1.0
15487,RC,"Точка приёма батареек и крышечек в магазине ""ВкусВилл""","Москва, ул. Братеевская, 37к1",37.769253,55.636971,"KRYSHECHKI,BATAREJKI",Режим работы требует уточнения,0.0
15488,RC,"Точка приёма батареек и крышечек в магазине ""ВкусВилл""","Москва, ул. Бутырская, 2/18",37.586473,55.79445199999998,"KRYSHECHKI,BATAREJKI",,0.0
15489,RC,"Точка приёма батареек и крышечек в магазине ""ВкусВилл""","Москва, ул. Бутырский Вал, 48",37.588027,55.78524499999999,"KRYSHECHKI,BATAREJKI",Режим работы требует уточнения,0.0
15490,RC,"Точка приёма батареек и крышечек в магазине ""ВкусВилл""","Москва, ул. Вавилова, 86",37.54109,55.676939999999995,"KRYSHECHKI,BATAREJKI",Режим работы требует уточнения,0.0
15491,RC,"Точка приёма батареек и крышечек в магазине ""ВкусВилл""","Москва, ул. Варшавское шоссе, 141к9",37.60081,55.588948999999985,"KRYSHECHKI,BATAREJKI",Режим работы требует уточнения,0.0
15492,RC,"Точка приёма батареек в магазине ""ВкусВилл""","Москва, ул. Ватутина, 9",37.454753,55.721265,BATAREJKI,Режим работы требует уточнения,0.0
15494,RC,"Точка приёма батареек и крышечек в магазине ""ВкусВилл""","Москва, ул. Воронежская, 16",37.73262,55.60998500000001,"KRYSHECHKI,BATAREJKI",,1.0
15495,RC,"Точка приёма батареек, крышечек и пластиковых карточек в магазине ""ВкусВилл""","Москва, ул. Гарибальди, 15",37.544695,55.674434,"KRYSHECHKI,BATAREJKI,INOE",,0.0
15496,RC,"Точка приёма батареек и крышечек в магазине ""ВкусВилл""","Москва, ул. Генерала Белова, 28с1",37.72449,55.60532699999998,"KRYSHECHKI,BATAREJKI",Режим работы требует уточнения,0.0
15497,RC,"Точка приёма батареек и крышечек в магазине ""ВкусВилл""","Москва, ул. Генерала Белова, 29",37.72132799999999,55.614973,"KRYSHECHKI,BATAREJKI",Режим работы требует уточнения,0.0
15498,RC,"Точка приёма батареек и крышечек в магазине ""ВкусВилл""","Москва, ул. Героев Панфиловцев, 16к1",37.4243,55.858822,"KRYSHECHKI,BATAREJKI",,0.0
15501,RC,"Точка приёма батареек и крышечек в магазине ""ВкусВилл""","Москва, ул. Грина, 11",37.56696099999999,55.567518999999976,"KRYSHECHKI,BATAREJKI",Режим работы требует уточнения,0.0
15502,RC,"Точка приёма батареек и крышечек в магазине ""ВкусВилл""","Москва, ул. Гришина, 23к1",37.415011,55.72454499999999,"KRYSHECHKI,BATAREJKI",Режим работы требует уточнения,0.0
15503,RC,"Точка приёма батареек и крышечек в магазине ""ВкусВилл""","Москва, ул. Миля Авиаконструктора, 3А",37.851943,55.68678699999998,"KRYSHECHKI,BATAREJKI",Режим работы требует уточнения,0.5
15504,RC,"Точка приёма батареек и крышечек в магазине ""ВкусВилл""","Москва, ул. Маршала Катукова, 11к1",37.403737,55.810981999999996,"KRYSHECHKI,BATAREJKI",Режим работы требует уточнения,0.0
15505,RC,"Точка приёма батареек и крышечек в магазине ""ВкусВилл""","Москва, улица Вавилова, 55/7",37.562991,55.69221100000001,"KRYSHECHKI,BATAREJKI",Режим работы требует уточнения,0.0
15506,RC,"Точка приёма батареек в магазине ""ВкусВилл""","Москва, ул. Дыбенко, 14к2",37.48600499999999,55.87053099999999,BATAREJKI,Режим работы требует уточнения,0.0
15507,RC,"Точка приёма батареек и крышечек в магазине ""ВкусВилл""","Москва, ул. Каширское шоссе, 65к2",37.724723,55.59972799999999,"KRYSHECHKI,BATAREJKI",Режим работы требует уточнения,1.0
15508,RC,"Точка приёма батареек и крышечек в магазине ""ВкусВилл""","Москва, ул. Корабельная, 11к2",37.69713599999999,55.68423399999999,"KRYSHECHKI,BATAREJKI",,0.0
15509,RC,"Точка приёма батареек в магазине ""ВкусВилл""","Москва, ул. Костякова, 9",37.571327,55.812772,BATAREJKI,Режим работы требует уточнения,0.0
15510,RC,"Точка приёма батареек, крышечек и пластиковых карточек в магазине ""ВкусВилл""","Москва, ул. Коштоянца, 15",37.491407,55.67865400000001,"KRYSHECHKI,BATAREJKI,INOE",,0.0
15511,RC,"Точка приема крышечек и батареек в магазине ""ВкусВилл""","Москва, ул. Красного Маяка, д. 2",37.601807,55.61183599999998,"KRYSHECHKI,BATAREJKI",,0.0
15512,RC,"Точка приёма батареек, крышечек и пластиковых карточек в магазине ""ВкусВилл""","Москва, ул. Красноказарменная, 10",37.697837,55.75737899999999,"KRYSHECHKI,BATAREJKI,INOE",Режим работы требует уточнения,0.0
15514,RC,"Точка приёма батареек в магазине ""ВкусВилл""","Москва, ул. Кржижановского, 4к1",37.562006999999994,55.68266299999999,BATAREJKI,,0.0
15516,RC,"Точка приёма батареек и крышечек в магазине ""ВкусВилл""","Москва, ул. Лескова, 19Ас2",37.616944,55.894307999999995,"KRYSHECHKI,BATAREJKI",Режим работы требует уточнения,0.0
15517,RC,"Точка приёма батареек и крышечек в магазине ""ВкусВилл""","Москва, ул. Лётчика Бабушкина, 31",37.67474,55.869887,"KRYSHECHKI,BATAREJKI",,1.0
15519,RC,"Точка приёма батареек в магазине ""ВкусВилл""","Москва, ул. Лечебная, 14",37.73727300000001,55.78998799999999,BATAREJKI,Режим работы требует уточнения,0.0
15520,RC,"Точка приёма батареек и крышечек в магазине ""ВкусВилл""","Москва, ул. Лихоборские Бугры, 6",37.548249,55.84243300000001,"KRYSHECHKI,BATAREJKI",Режим работы требует уточнения,0.0
15521,RC,"Точка приёма батареек в магазине ""ВкусВилл""","Москва, ул. Люсиновская, 70с2",37.620761,55.71482499999998,BATAREJKI,Режим работы требует уточнения,1.0
15522,RC,"Точка приёма батареек и крышечек в магазине ""ВкусВилл""","Москва, ул. Магнитогорская, 7",37.825343999999994,55.774319999999996,"KRYSHECHKI,BATAREJKI",Режим работы требует уточнения,0.0
15523,RC,"Точка приёма батареек и крышечек в магазине ""ВкусВилл""","Москва, ул. Малыгина, 7с2",37.69419,55.88062099999999,"KRYSHECHKI,BATAREJKI",Режим работы требует уточнения,1.0
15524,RC,"Точка приёма крышечек в магазине ""ВкусВилл""","Москва, ул. Мартеновская, 9/13",37.804997,55.756786,KRYSHECHKI,Режим работы требует уточнения,0.0
15525,RC,"Точка приёма батареек и крышечек в магазине ""ВкусВилл""","Москва, ул. Маршала Бирюзова, 19",37.491142999999994,55.79436599999999,"KRYSHECHKI,BATAREJKI",Режим работы требует уточнения,0.0
15526,RC,"Точка приёма батареек и крышечек в магазине ""ВкусВилл""","Москва, ул. Маршала Василевского, 5к1",37.47149699999999,55.80409100000001,"KRYSHECHKI,BATAREJKI",Режим работы требует уточнения,0.0
15527,RC,"Точка приёма батареек и крышечек в магазине ""ВкусВилл""","Москва, ул. Маршала Малиновского, 8",37.493587,55.79264499999998,"KRYSHECHKI,BATAREJKI",Режим работы требует уточнения,0.0
15528,RC,"Точка приёма батареек и крышечек в магазине ""ВкусВилл""","Москва, ул. Маршала Рыбалко, 5",37.493039,55.79648599999998,"KRYSHECHKI,BATAREJKI",Режим работы требует уточнения,0.0
15529,RC,"Точка приёма батареек и крышечек в магазине ""ВкусВилл""","Москва, ул. Маршала Савицкого, 26к2",37.594548999999994,55.50303800000001,"KRYSHECHKI,BATAREJKI",Режим работы требует уточнения,0.0
15530,RC,"Точка приёма батареек и крышечек в магазине ""ВкусВилл""","Москва, ул. Маршала Тухачевского, 49",37.464221,55.78503700000001,"KRYSHECHKI,BATAREJKI",Режим работы требует уточнения,0.0
15531,RC,"Точка приёма батареек и крышечек в магазине ""ВкусВилл""","Москва, ул. Миклухо-Маклая, 36а",37.532951,55.640111,"KRYSHECHKI,BATAREJKI",Режим работы требует уточнения,0.0
15532,RC,"Точка приема крышечек в магазине ""ВкусВилл""","г. Москва,  ул. Фонвизина, д. 17",37.586879051996306,55.82105282157289,KRYSHECHKI,,0.0
15533,RC,"Точка приёма батареек и крышечек в магазине ""ВкусВилл""","Москва, ул. Миля Авиаконструктора, 14",37.855571999999995,55.682391999999986,"KRYSHECHKI,BATAREJKI",Режим работы требует уточнения,0.0
15534,RC,"Точка приёма батареек и крышечек в магазине ""ВкусВилл""","Москва, ул. Михайлова, 22к1",37.769325,55.72648199999999,"KRYSHECHKI,BATAREJKI",Режим работы требует уточнения,1.0
15535,RC,"Точка приёма батареек в магазине ""ВкусВилл""","Москва, ул. Мневники, 11",37.486302,55.772861000000006,BATAREJKI,Режим работы требует уточнения,0.0
15537,RC,"Точка приёма батареек в магазине ""ВкусВилл""","Москва, ул. Муравская, 38к1",37.37238299999999,55.86435600000001,BATAREJKI,,0.0
15539,RC,"Точка приёма батареек и крышечек в магазине ""ВкусВилл""","Москва, ул. Недорубова, 7",37.93042299999999,55.700634999999984,"KRYSHECHKI,BATAREJKI",,0.0
15540,RC,"Точка приёма батареек и крышечек в магазине ""ВкусВилл""","Москва, ул. Новаторов, 16к1",37.524678,55.667278999999986,"KRYSHECHKI,BATAREJKI",Режим работы требует уточнения,0.0
15542,RC,"Точка приёма батареек, крышечек и пластиковых карточек в магазине ""ВкусВилл""","Москва, ул. Новорогожская, 6с1",37.682278,55.741166,"KRYSHECHKI,BATAREJKI,INOE",Режим работы требует уточнения,0.0
15543,RC,"Точка приёма батареек и крышечек в магазине ""ВкусВилл""","Москва, ул. Обручева, 11",37.515137,55.660221,"KRYSHECHKI,BATAREJKI",,0.0
15544,RC,"Точка приёма батареек и крышечек в магазине ""ВкусВилл""","Москва, ул. Обручева, 16к1",37.514603,55.65881300000001,"KRYSHECHKI,BATAREJKI",,0.0
15546,RC,"Точка приёма батареек и крышечек в магазине ""ВкусВилл""","Москва, ул. Олеко Дундича, 5",37.49664299999999,55.74188900000001,"KRYSHECHKI,BATAREJKI",,1.0
15548,RC,"Точка приёма батареек в магазине ""ВкусВилл""","Москва, ул. Орджоникидзе, 9к1",37.598483,55.70996199999999,BATAREJKI,,1.0
15549,RC,"Точка приёма батареек в магазине ""ВкусВилл""","Москва, Остоженка ул., 20",37.598276999999996,55.74126799999999,BATAREJKI,,0.0
15552,RC,"Точка приёма батареек и крышечек в магазине ""ВкусВилл""","Москва, ул. Плющиха, 42",37.576358,55.74101899999999,"KRYSHECHKI,BATAREJKI",Режим работы требует уточнения,1.0
15553,RC,"Точка приёма батареек и крышечек в магазине ""ВкусВилл""","Москва, ул. Покрышкина, 7к1",37.468192,55.664603999999976,"KRYSHECHKI,BATAREJKI",Режим работы требует уточнения,0.5
15554,RC,"Точка приёма батареек, крышечек и пластиковых карточек в магазине ""ВкусВилл""","Москва, ул. Пресненский Вал, 5",37.564051,55.76619199999999,"KRYSHECHKI,BATAREJKI,INOE",Режим работы требует уточнения,0.0
15555,RC,"Точка приёма батареек и крышечек в магазине ""ВкусВилл""","Москва, ул. Пришвина, 26",37.60372,55.884720999999985,"KRYSHECHKI,BATAREJKI",Режим работы требует уточнения,0.0
15557,RC,"Точка приёма батареек в магазине ""ВкусВилл""","Москва, ул. Пырьева, 5а",37.52635699999999,55.72589399999999,BATAREJKI,Режим работы требует уточнения,0.0
15558,RC,"Точка приёма крышечек в магазине ""ВкусВилл""","Москва, ул. Радиальная 6-ая, 3к5",37.66183199999999,55.60571399999999,KRYSHECHKI,Режим работы требует уточнения,0.0
15559,RC,"Точка приёма батареек и крышечек в магазине ""ВкусВилл""","Москва, ул. Римского-Корсакова, 18",37.608548,55.874444999999994,"KRYSHECHKI,BATAREJKI",,0.0
15560,RC,"Точка приёма батареек и крышечек в магазине ""ВкусВилл""","Москва, ул. Россошанская, 1",37.606388,55.595811,"KRYSHECHKI,BATAREJKI",Режим работы требует уточнения,0.0
15561,RC,"Точка приёма батареек, крышечек и пластиковых карточек в магазине ""ВкусВилл""","Москва, Саморы Машела  ул., 2А",37.498238,55.64932799999998,"KRYSHECHKI,BATAREJKI,INOE",,0.0
15562,RC,"Точка приёма батареек и крышечек в магазине ""ВкусВилл""","Москва, ул. Свободы, 12/8",37.453567,55.830498,"KRYSHECHKI,BATAREJKI",,0.0
15563,RC,"Точка приёма батареек и крышечек в магазине ""ВкусВилл""","Москва, ул. Свободы, 34",37.455795,55.84344900000001,"KRYSHECHKI,BATAREJKI",,1.0
15564,RC,"Точка приёма батареек, крышечек и пластиковых карточек в магазине ""ВкусВилл""","Москва, ул. Селезневская, 30кБ-В",37.60964,55.780654000000006,"KRYSHECHKI,BATAREJKI",Режим работы требует уточнения,0.0
15565,RC,"Точка приёма батареек и крышечек в магазине ""ВкусВилл""","Москва, ул. Сеславинская, 24",37.492419,55.742975,"KRYSHECHKI,BATAREJKI",Режим работы требует уточнения,1.0
15567,RC,"Точка приёма батареек и крышечек в магазине ""ВкусВилл""","Москва, ул. Смольная, 35с1",37.481246,55.860795,"KRYSHECHKI,BATAREJKI",,0.0
15568,RC,"Точка приёма батареек и крышечек в магазине ""ВкусВилл""","Москва, ул. Снайперская, 8",37.811904999999996,55.72217199999999,"KRYSHECHKI,BATAREJKI",,0.0
15569,RC,"Точка приёма батареек и добрых крышечек в магазине ""ВкусВилл""","Москва, ул. Софьи Ковалевской, 4",37.533697000000004,55.87955600000001,"KRYSHECHKI,BATAREJKI",Режим работы требует уточнения,0.0
15570,RC,"Точка приёма батареек, крышечек и мягкой пластиковой упаковки в магазине ""ВкусВилл""","Москва, ул. Сретенка, 26/1",37.632771999999996,55.770258999999996,"PLASTIK,BATAREJKI,INOE",,0.0
15571,RC,"Точка приёма батареек в магазине ""ВкусВилл""","Москва, ул. Старый Гай, 7",37.829233,55.738176,BATAREJKI,Режим работы требует уточнения,0.0
15572,RC,"Точка приёма батареек в магазине ""ВкусВилл""","Москва, ул. Столетова, 7",37.50335199999999,55.704413,BATAREJKI,Режим работы требует уточнения,0.0
15573,RC,"Точка приёма батареек, крышечек и пластиковых карточек в магазине ""ВкусВилл""","Москва, ул. Строителей, 11к1",37.533742,55.687349999999995,"ODEZHDA,BATAREJKI,INOE",Режим работы требует уточнения,0.0
15574,RC,"Точка приёма батареек и крышечек в магазине ""ВкусВилл""","Москва, ул. Сухонская, 15с2",37.655570999999995,55.881268000000006,"KRYSHECHKI,BATAREJKI",Режим работы требует уточнения,0.0
15575,RC,"Точка приёма батареек, крышечек и пластиковых карточек в магазине ""ВкусВилл""","Москва, ул. Ташкентская, 19",37.81433899999999,55.70206400000001,"ODEZHDA,BATAREJKI,INOE",Режим работы требует уточнения,0.0
15576,RC,"Точка приёма батареек и крышечек в магазине ""ВкусВилл""","Москва, ул. Трофимова, 3",37.662761,55.703481,"KRYSHECHKI,BATAREJKI",,0.0
15578,RC,"Точка приёма батареек, крышечек и пластиковых карточек в магазине ""ВкусВилл""","Москва, ул. Удальцова, 65",37.501072,55.67901200000001,"ODEZHDA,BATAREJKI,INOE",,0.0
15579,RC,"Точка приёма батареек и крышечек в магазине ""ВкусВилл""","Москва, ул. Фортунатовская, 33/44",37.73901599999999,55.783767,"KRYSHECHKI,BATAREJKI",,0.0
15580,RC,"Точка приёма батареек и крышечек в магазине ""ВкусВилл""","Москва, ул. Цюрупы, 13",37.570734,55.66622799999998,"KRYSHECHKI,BATAREJKI",,0.0
15581,RC,"Точка приёма батареек и крышечек в магазине ""ВкусВилл""","Москва, ул. Черняховского, 17А",37.539287,55.80787900000001,"KRYSHECHKI,BATAREJKI",,0.0
15582,RC,"Точка приёма батареек и крышечек в магазине ""ВкусВилл""","Москва, ул. Шаболовка, 20",37.609568,55.72154399999999,"KRYSHECHKI,BATAREJKI",Режим работы требует уточнения,1.0
15583,RC,"Точка приёма батареек и крышечек в магазине ""ВкусВилл""","Москва, Шарикоподшипниковская ул., д. 6/14",37.673461,55.720288999999994,"KRYSHECHKI,BATAREJKI",,0.0
15584,RC,"Точка приёма батареек в магазине ""ВкусВилл""","Москва, ул. Шверника, 13А",37.588356999999995,55.69188999999998,BATAREJKI,,0.0
15585,RC,"Точка приёма батареек и крышечек в магазине ""ВкусВилл""","Москва, ул. Шолохова, 30",37.343531999999996,55.64398299999999,"KRYSHECHKI,BATAREJKI",Режим работы требует уточнения,1.0
15586,RC,"Точка приёма батареек и крышечек в магазине ""ВкусВилл""","Москва, ул. Щербаковская, 3",37.723367,55.782622999999994,"KRYSHECHKI,BATAREJKI",Режим работы требует уточнения,0.0
15587,RC,"Точка приёма батареек и крышечек в магазине ""ВкусВилл""","Москва, ул. Юных Ленинцев, 3",37.736024,55.69955799999999,"KRYSHECHKI,BATAREJKI",Режим работы требует уточнения,0.0
15588,RC,"Точка приёма батареек, крышечек и пластиковых карточек в магазине ""ВкусВилл""","Москва, ул. Ягодная, 4",37.675792,55.577541,"KRYSHECHKI,BATAREJKI,INOE",Режим работы требует уточнения,0.0
15589,RC,"Точка приёма батареек и крышечек в магазине ""ВкусВилл""","Москва, ул. Ярцевская, 34к2",37.419422,55.741672999999984,"KRYSHECHKI,BATAREJKI",Режим работы требует уточнения,0.0
15590,RC,"Точка приёма батареек и крышечек в магазине ""ВкусВилл""","Москва, Университетский пр-т, 21к1",37.52106599999999,55.714151,"KRYSHECHKI,BATAREJKI",Режим работы требует уточнения,0.0
15591,RC,"Точка приёма батареек и крышечек в магазине ""ВкусВилл""","Москва, Университетский пр-т, 4",37.55380999999999,55.697067000000004,"KRYSHECHKI,BATAREJKI",Режим работы требует уточнения,1.0
15592,RC,"Точка приёма батареек и крышечек в магазине ""ВкусВилл""","Москва, Фестивальная ул., 28с1",37.50336099999999,55.860922999999985,"KRYSHECHKI,BATAREJKI",Режим работы требует уточнения,0.0
15595,RC,"Точка приёма батареек и крышечек в магазине ""ВкусВилл""","Москва, Ходынский б-р, 4",37.53272499999999,55.789476,"KRYSHECHKI,BATAREJKI",,0.0
15596,RC,"Точка приёма батареек и крышечек в магазине ""ВкусВилл""","Москва, Цандера, 8",37.630966,55.81820499999999,"KRYSHECHKI,BATAREJKI",Режим работы требует уточнения,0.0
15597,RC,"Точка приёма батареек и крышечек в магазине ""ВкусВилл""","Москва, ул. Чертановская, 32с1",37.59162,55.61862299999999,"KRYSHECHKI,BATAREJKI",,0.0
15598,RC,"Точка приёма батареек и крышечек в магазине ""ВкусВилл""","Москва, Чертановская ул., 48к3",37.589536,55.60682200000001,"KRYSHECHKI,BATAREJKI",Режим работы требует уточнения,0.0
15599,RC,"Точка приёма батареек и крышечек в магазине ""ВкусВилл""","Москва, Чертановская ул., 9с1",37.599732,55.62872300000001,"KRYSHECHKI,BATAREJKI",Режим работы требует уточнения,1.0
15600,RC,"Точка приёма батареек в магазине ""ВкусВилл""","Москва, Чечёрский пр-д, 128",37.514742,55.52382499999998,BATAREJKI,Режим работы требует уточнения,0.0
15601,RC,"Точка приёма батареек в магазине ""ВкусВилл""","Москва, Чечёрский пр-д, 64к1",37.525827,55.533129,BATAREJKI,Режим работы требует уточнения,0.0
15602,RC,"Точка приёма батареек и крышечек в магазине ""ВкусВилл""","Москва, Чонгарский б-р, 10к1",37.614365,55.653660000000016,"KRYSHECHKI,BATAREJKI",Режим работы требует уточнения,0.0
15604,RC,"Точка приёма батареек в магазине ""ВкусВилл""","Москва, ш. Боровское, 2Ак3",37.411526,55.661308,BATAREJKI,Режим работы требует уточнения,0.0
15605,RC,"Точка приёма батареек и крышечек в магазине ""ВкусВилл""","Москва, ш. Боровское, 36А",37.352802999999994,55.63906499999999,"KRYSHECHKI,BATAREJKI",Режим работы требует уточнения,0.0
15606,RC,"Точка приёма батареек и крышечек в магазине ""ВкусВилл""","Москва, ш. Дмитровское, 107к2",37.541897999999996,55.879701999999995,"KRYSHECHKI,BATAREJKI",Режим работы требует уточнения,0.0
15607,RC,"Точка приёма батареек и крышечек в магазине ""ВкусВилл""","Москва, ш. Дмитровское, 13А",37.57350099999999,55.818709999999996,"KRYSHECHKI,BATAREJKI",Режим работы требует уточнения,0.0
15608,RC,"Точка приёма батареек и крышечек в магазине ""ВкусВилл""","Москва, ш. Дмитровское, 169к6",37.540793,55.92897499999999,"KRYSHECHKI,BATAREJKI",Режим работы требует уточнения,0.0
15609,RC,"Точка приёма батареек и крышечек в магазине ""ВкусВилл""","Москва, ш. Дмитровское, 50к1",37.569351000000005,55.845571999999976,"KRYSHECHKI,BATAREJKI",Режим работы требует уточнения,0.0
15611,RC,"Точка приёма батареек и крышечек в магазине ""ВкусВилл""","Москва, Ленинградское ш., 9к1",37.49814299999999,55.81724599999999,"KRYSHECHKI,BATAREJKI",,0.0
15612,RC,"Точка приёма батареек и крышечек в магазине ""ВкусВилл""","Москва, Широкая ул., 1к1",37.649418,55.888426999999986,"KRYSHECHKI,BATAREJKI",,0.0
15613,RC,"Контейнеры для батареек, добрых крышечек, экообменник в магазине ""ВкусВилл"" экообменник","Москва, Широкая ул., 27",37.675711,55.88768499999999,"KRYSHECHKI,BATAREJKI",,1.0
15614,RC,"Точка приёма батареек и крышечек в магазине ""ВкусВилл""","Москва, Шмитовский пр-д, 19",37.547312,55.757163999999996,"KRYSHECHKI,BATAREJKI",,0.0
15615,RC,"Точка приёма батареек и крышечек в магазине ""ВкусВилл""","Москва, Шоссейная ул., 33",37.724885,55.679691999999996,"KRYSHECHKI,BATAREJKI",Режим работы требует уточнения,0.0
15617,RC,"Точка приёма батареек и крышечек в магазине ""ВкусВилл""","Москва, Юбилейная ул., 8а",37.568354,55.507452999999984,"KRYSHECHKI,BATAREJKI",Режим работы требует уточнения,0.0
15618,RC,"Точка приёма батареек в магазине ""ВкусВилл""","Москва, Южнобутовская ул., 113",37.517725,55.533674000000005,BATAREJKI,Режим работы требует уточнения,0.0
15619,RC,"Точка приёма батареек в магазине ""ВкусВилл""","Москва, Южнобутовская ул., 42",37.536365,55.539888999999995,BATAREJKI,Режим работы требует уточнения,0.0
15621,RC,"Точка приёма батареек, крышечек и пластиковых карточек в магазине ""ВкусВилл""","Москва, Ярославское ш., 122к1",37.712363,55.87024799999999,"KRYSHECHKI,BATAREJKI,INOE",Режим работы требует уточнения,1.0
15622,RC,"Точка приёма батареек, крышечек и пластиковых карточек в магазине ""ВкусВилл""","Москва, Ярцевская ул., 29к1",37.417706,55.74236700000001,"KRYSHECHKI,BATAREJKI,INOE",Режим работы требует уточнения,0.0
15623,RC,"Точка приёма батареек и крышечек в магазине ""ВкусВилл""","Москва, Ясный пр-д, 10",37.629215,55.873884999999994,"KRYSHECHKI,BATAREJKI",Режим работы требует уточнения,0.0
15624,RC,"Точка приёма батареек и крышечек в магазине ""ВкусВилл""","Мытищи, Рождественская улица, с8",37.754081,55.918395999999994,"KRYSHECHKI,BATAREJKI",,0.0
15625,RC,"Точка приёма батареек и крышечек в магазине ""ВкусВилл""","Мытищи, Силикатная ул., 39",37.778694,55.940296,"KRYSHECHKI,BATAREJKI",Режим работы требует уточнения,0.0
15626,RC,"Точка приёма батареек и крышечек в магазине ""ВкусВилл""","Мытищи, ул. Комарова, 5",37.744459,55.91764700000001,"KRYSHECHKI,BATAREJKI",Режим работы требует уточнения,0.0
15627,RC,"Точка приёма батареек и крышечек в магазине ""ВкусВилл""","Мытищи, ул. Колпакова, 10",37.738692,55.914937999999985,"KRYSHECHKI,BATAREJKI",Режим работы требует уточнения,0.0
15628,RC,"Точка приёма батареек и крышечек в магазине ""ВкусВилл""","Мытищи, ул. Сукромка, 7",37.713432,55.903534000000015,"KRYSHECHKI,BATAREJKI",,0.0
15629,RC,"Точка приёма батареек, крышечек и пластиковых карточек в магазине ""ВкусВилл""","Мытищи, Юбилейная ул., 4",37.720645,55.915427,"KRYSHECHKI,BATAREJKI,INOE",Режим работы требует уточнения,0.0
15636,RC,"Точка приёма батареек и крышечек в магазине ""ВкусВилл""","Одинцово, б-р Любы Новоселовой, 18А",37.25877599999999,55.67722499999999,"KRYSHECHKI,BATAREJKI",Режим работы требует уточнения,0.0
15637,RC,"Точка приёма батареек и крышечек в магазине ""ВкусВилл""","Одинцово, б-р Маршала Крылова, 25А",37.301285,55.68786299999999,"KRYSHECHKI,BATAREJKI",Режим работы требует уточнения,0.0
15643,RC,"Точка приёма батареек в магазине ""ВкусВилл""","Одинцово, ул. Каштановая, 10к1",37.270436,55.65496000000002,BATAREJKI,Режим работы требует уточнения,0.0
15645,RC,"Точка приёма батареек и крышечек в магазине ""ВкусВилл""","Одинцово, ул. Триумфальная, 8",37.230102,55.65613299999999,"KRYSHECHKI,BATAREJKI",Режим работы требует уточнения,0.0
15647,RC,"Точка приёма батареек и крышечек в магазине ""ВкусВилл""","Одинцово, ул. Чистяковой, 62",37.321217999999995,55.70455,"KRYSHECHKI,BATAREJKI",Режим работы требует уточнения,0.0
15649,RC,"Точка приёма батареек и крышечек в магазине ""ВкусВилл""","Одинцовский р-он. Новоивановское, ул. Агрохимиков, 9Б",37.363205,55.70423,"KRYSHECHKI,BATAREJKI",Режим работы требует уточнения,0.0
15668,RC,"Точка приёма батареек, крышечек, одежды и фандомат для пластиковых бутылок и алюминевых банок в магазине ""ВкусВилл""","Реутов, Комсомольская ул., 18/2",37.851386,55.75634599999999,"PLASTIK,METALL,ODEZHDA,KRYSHECHKI,BATAREJKI",Режим работы требует уточнения,1.0
15669,RC,"Точка приёма батареек в магазине ""ВкусВилл""","Реутов, Носовихинское шоссе, 9",37.860171,55.745544,BATAREJKI,Режим работы требует уточнения,0.0
15670,RC,"Точка приёма батареек и крышечек в магазине ""ВкусВилл""","Реутов, пр-т Юбилейный, 33",37.869855,55.75131999999999,"KRYSHECHKI,BATAREJKI",Режим работы требует уточнения,0.0
15671,RC,"Точка приёма батареек и крышечек в магазине ""ВкусВилл""","Реутов, ул. Калинина, 8",37.857629,55.75428899999999,"KRYSHECHKI,BATAREJKI",Режим работы требует уточнения,1.0
15672,RC,"Точка приёма батареек и крышечек в магазине ""ВкусВилл""","Реутов, ул. Котовского, 12",37.86699,55.74670399999998,"KRYSHECHKI,BATAREJKI",Режим работы требует уточнения,0.0
15673,RC,"Точка приёма батареек, крышечек и фандомат для пластиковых бутылок и алюминевых банок в магазине ""ВкусВилл""","Реутов, ул. Ленина, 10",37.85752099999999,55.75669,"PLASTIK,METALL,KRYSHECHKI,BATAREJKI",Режим работы требует уточнения,0.0
15674,RC,"Точка приёма батареек и крышечек в магазине ""ВкусВилл""","Реутов, ул. Парковая, 6",37.863342,55.76036799999999,"KRYSHECHKI,BATAREJKI",Режим работы требует уточнения,0.0
15675,RC,"Точка приёма батареек и крышечек в магазине ""ВкусВилл""","Реутов, ул. Победы, 18",37.853882999999996,55.76434399999998,"KRYSHECHKI,BATAREJKI",Режим работы требует уточнения,0.0
15676,RC,"Точка приёма батареек и крышечек в магазине ""ВкусВилл""","Реутов, ул. Реутовских Ополченцев, 2",37.846830999999995,55.77128700000001,"KRYSHECHKI,BATAREJKI",Режим работы требует уточнения,0.0
15677,RC,"Точка приёма батареек и крышечек в магазине ""ВкусВилл""","Реутов, ш. Носовихинское, д. 27",37.87688,55.74955699999999,"KRYSHECHKI,BATAREJKI",,0.0
15678,RC,"Точка приёма батареек в магазине ""ВкусВилл""","Реутов, ш. Носовихинское, 9",37.860279,55.745584999999984,BATAREJKI,Режим работы требует уточнения,0.0
15679,RC,"Точка приёма батареек и крышечек в магазине ""ВкусВилл""","Реутов, Юбилейный пр-т, 47",37.876403999999994,55.752560999999986,"KRYSHECHKI,BATAREJKI",,0.0
15691,RC,"Точка приёма батареек и крышечек в магазине ""ВкусВилл""","Химки, Ленинский пр-т, 9Б",37.454762,55.898109000000005,"KRYSHECHKI,BATAREJKI",Режим работы требует уточнения,0.0
15693,RC,"Точка приёма батареек и крышечек в магазине ""ВкусВилл""","Химки, мкр. Сходня, 2-й Мичуринский тупик, 1",37.301615,55.94680599999999,"KRYSHECHKI,BATAREJKI",,0.0
15695,RC,"Точка приёма батареек в магазине ""ВкусВилл""","Химки, Германа Титова, 2с5",37.413406,55.915212,BATAREJKI,Режим работы требует уточнения,0.0
15696,RC,"Точка приёма батареек и крышечек в магазине ""ВкусВилл""","Химки, ул. Академика Грушина, 4",37.454304,55.90719299999999,"KRYSHECHKI,BATAREJKI",Режим работы требует уточнения,0.0
15697,RC,"Точка приёма батареек и крышечек в магазине ""ВкусВилл""","Химки, ул. Библиотечная, 20",37.479268,55.894701999999995,"KRYSHECHKI,BATAREJKI",Режим работы требует уточнения,0.0
15698,RC,"Точка приёма батареек в магазине ""ВкусВилл""","Химки, ул. Калинина, 7",37.447094,55.886473,BATAREJKI,,0.0
15699,RC,"Точка приёма батареек и крышечек в магазине ""ВкусВилл""","Химки, ул. Кирова, 18с1",37.451501,55.88933100000001,"KRYSHECHKI,BATAREJKI",,0.0
15700,RC,"Точка приёма батареек и крышечек в магазине ""ВкусВилл""","Химки, мкр. Сходня, Кирова ул., 3с2",37.29962,55.949785999999996,"KRYSHECHKI,BATAREJKI",,0.0
15701,RC,"Точка приёма батареек и крышечек в магазине ""ВкусВилл""","Химки, ул. Пожарского, 2А",37.473456,55.891344999999994,"KRYSHECHKI,BATAREJKI",Режим работы требует уточнения,0.0
15702,RC,"Точка приёма батареек и крышечек в магазине ""ВкусВилл""","Химки, ул. 9 Мая, 21к1",37.406113,55.908803,"KRYSHECHKI,BATAREJKI",,0.0
15703,RC,"Точка приёма батареек и крышечек в магазине ""ВкусВилл""","Химки, ул. Юннатов, д. 10",37.460691,55.89662499999999,"KRYSHECHKI,BATAREJKI",Режим работы требует уточнения,0.0
15705,RC,"Точка приёма батареек и крышечек в магазине ""ВкусВилл""","Химки, Юбилейный пр-кт, 36",37.421696999999995,55.887155999999976,"KRYSHECHKI,BATAREJKI",,0.0
15714,RC,"Точка приёма батареек и крышечек в магазине ""ВкусВилл""","Щербинка, ул. Барышевская Роща, 22",37.538287,55.502665999999984,"KRYSHECHKI,BATAREJKI",Режим работы требует уточнения,0.0
15748,RC,"Контейнер для приема одежды фонда ""Второе дыхание""","г. Москва, Профсоюзная ул., д. 61",37.542244,55.656785000000006,ODEZHDA,,1.0
15749,RC,Пункт приема втосырья в районном центр «Эльбрус»,"г. Москва, Кавказский б-р, д. 17",37.670385185525504,55.63105132722432,"ODEZHDA,KRYSHECHKI,BATAREJKI,OPASNYE_OTHODY,INOE",,1.0
15751,RC,Пункт приема втосырья в районном центр «Ангара»,"Россия, Москва, Чонгарский бульвар, 7",37.61260599999999,55.651261999999996,"ODEZHDA,KRYSHECHKI,BATAREJKI,INOE",,1.0
15752,RC,"Пункт приема батареек, лампочек в гипермаркете ""Глобус""","г. Красногорск, Новорижское шоссе, 22-й километр, вл1с1",37.299811,55.801874999999995,"LAMPOCHKI,BATAREJKI",Режим работы требует уточнения,0.0
15753,RC,"Пункт приема батареек и лампочек в гипермаркете ""Глобус""","г. Королев, Коммунальная улица 1",37.845576,55.916208,"LAMPOCHKI,BATAREJKI",Режим работы требует уточнения,0.5
15754,RC,"Контейнер для приема крышечек, батареек и лампочек в гипермаркете ""Глобус""","Россия, Московская область, Балашиха, шоссе Энтузиастов, 48",37.94572099999999,55.792253,"LAMPOCHKI,KRYSHECHKI,BATAREJKI",,1.0
15756,RC,"Контейнер для приема батареек и лампочек в гипермаркете ""Глобус""","г. Москва, ул. Александры Монаховой, д. 61, стр. 1",37.494368,55.557266,"LAMPOCHKI,BATAREJKI,OPASNYE_OTHODY",,0.0
15757,RC,"Контейнер для приема батареек и лампочек в гипермаркете ""Глобус""","г. Котельники, Новорязанское ш., д. 24",37.885934999999996,55.658271000000006,"LAMPOCHKI,BATAREJKI",,1.0
15762,RC,"Контейнер для приема батареек и лампочек в гипермаркете ""Глобус""","Россия, Москва, Новомосковский административный округ, район Коммунарка, Киевское шоссе, 23-й километр, 1",37.42079,55.62406399999999,"LAMPOCHKI,BATAREJKI",Режим работы требует уточнения,1.0
15764,RC,"Фандомат для сбора вторсырья в магазине ""Магнит""","г. Красногорск, Спасская улица 1А",37.368937,55.827611,PLASTIK,,0.0
15765,RC,"Фандомат для сбора вторсырья в магазине ""Магнит""","г. Москва, Зеленоградская улица 18Астр3 пом1",37.507864,55.869457,PLASTIK,,0.0
15768,RC,"Фандомат для сбора вторсырья в магазине ""Магнит""","г. Москва, Суздальская улица 26А",37.859786,55.74321000000001,PLASTIK,,0.0
15771,RC,"Точка приёма батареек и крышечек в магазине ""ВкусВилл""","Москва, ул. Расковой, 12",37.57139,55.78643499999998,"KRYSHECHKI,BATAREJKI",,0.0
15773,RC,"Точка приёма батареек, крышечек и пластиковых карточек в магазине ""ВкусВилл""","Москва, Селезневская, 30",37.609607,55.780699,"KRYSHECHKI,BATAREJKI,INOE",,0.0
15775,RC,"Точка приёма батареек и крышечек в магазине ""ВкусВилл""","Москва, Октябрьская улица, 33",37.61313499999999,55.78898100000001,"KRYSHECHKI,BATAREJKI",,1.0
15776,RC,"Точка приёма батареек и крышечек в магазине ""ВкусВилл""","Москва, ул. Петровка, 24с2",37.616521,55.765275999999986,"KRYSHECHKI,BATAREJKI",,1.0
15777,RC,"Пункт приема в благотворительном магазине ""Лавка радостей""","Россия, Москва, Малый Сухаревский переулок, 7",37.624151999999995,55.770513999999984,"ODEZHDA,BYTOVAJA_TEHNIKA,INOE",,0.0
15778,RC,"Пункт приема в благотворительном магазине ""Лавка радостей""","г. Москва, Покровка 45стр4 ",37.65269,55.76335299999999,"ODEZHDA,BYTOVAJA_TEHNIKA,INOE",,1.0
15860,RC,"Пункт приема фильтров ""Аквафор""","Россия, Москва, Хорошёвское шоссе, 9",37.535954,55.77516899999999,INOE,,0.0
15861,RC,"Пункт приема фильтров ""Аквафор""","г. Москва, 1-я Дубровская ул., д. 1а",37.669100067461216,55.7287788488334,INOE,,1.0
15862,RC,"Пункт приема фильтров ""Аквафор""","г. Москва, ул. Шипиловская, 54, к. 1",37.74100099999999,55.62145999999999,INOE,,0.0
15863,RC,"Пункт приема фильтров ""Аквафор""","г. Москва, проезд Багратионовский, 7",37.502767999999996,55.74173999999999,INOE,,0.0
15864,RC,"Пункт приема фильтров ""Аквафор""","г. Москва, б-р Кронштадский, 3А",37.485421,55.840897,INOE,,0.0
15865,RC,"Пункт приема фильтров ""Аквафор""","г. Москва, ул. Маршала Соколовского, 3",37.489239,55.793257,INOE,,0.0
15866,RC,"Пункт приема фильтров ""Аквафор""","г. Москва, проезд Локомотивный, 4",37.576851999999995,55.838000000000015,INOE,,1.0
15867,RC,"Пункт приема фильтров ""Аквафор""","г. Москва, Колодезный пер., д. 3",37.697338,55.798157999999994,INOE,,0.0
15868,RC,"Пункт приема фильтров ""Аквафор""","г. Москва, ш. Киевское, 22 км, к. А
",37.442637,55.633876,INOE,,0.0
15869,RC,"Пункт приема фильтров ""Аквафор""","г. Москва, Азовская ул., д. 24, к. 3",37.59505610912191,55.64793054101857,INOE,,0.0
15870,RC,"Пункт приема фильтров ""Аквафор""","г. Москва, пр. Новоясеневский, 1",37.50927999999999,55.619467,INOE,,0.0
15871,RC,"Пункт приема фильтров ""Аквафор""","г. Видное, Жуковский проезд, 3А",37.71651299999999,55.543919,INOE,,0.0
15872,RC,"Пункт приема фильтров ""Аквафор""","г. Долгопрудный, Лихачевский пр-кт, д. 64",37.49394254875551,55.931329858565974,INOE,,0.0
15877,RC,"Пункт приема фильтров ""Аквафор""","г. Красногорск, мкр. Павшинская Пойма, ул. Спасская, 1А",37.368937,55.827611,INOE,,0.0
15878,RC,"Пункт приема фильтров ""Аквафор""","Россия, Московская область, Люберцы, Октябрьский проспект, 112",37.877388,55.68546499999999,INOE,,0.0
15880,RC,"Пункт приема фильтров ""Аквафор""","г. Одинцово, Можайское шоссе, 14Б",37.268182,55.671198999999994,INOE,,0.0
15890,RC,"Пункт приема фильтров ""Аквафор""","г. Химки, Набережный пр-д, 22",37.444476,55.958462,INOE,,0.0
15893,RC,"Пункт приема фильтров ""Аквафор""","г. Москва, ул. Вишневая, 9, к. 1",37.44602999999999,55.83123099999998,INOE,,0.0
15896,RC,"Контейнер для батареек в супермаркете ""Азбука Вкуса""","Москва, улица Алабяна, 7",37.507857,55.801829999999995,BATAREJKI,,1.0
15898,RC,"Контейнер для батареек в супермаркете ""Азбука Вкуса""","Москва, Бакунинская ул., 26-30с1",37.685131,55.775069999999985,BATAREJKI,,0.0
15899,RC,"Контейнер для батареек в супермаркете ""Азбука Вкуса""","Москва, Большая Грузинская, 63с1",37.578787999999996,55.764767999999975,BATAREJKI,,1.0
15900,RC,"Контейнер для батареек в супермаркете ""Азбука Вкуса""","Москва, Большая Грузинская ул., 42",37.58092899999999,55.768815000000004,BATAREJKI,,0.0
15903,RC,"Контейнер для батареек в супермаркете ""Азбука Вкуса""","Москва, Большая Тульская улица, 13",37.621707,55.70869399999999,BATAREJKI,,0.0
15904,RC,"Контейнер для батареек в супермаркете ""Азбука Вкуса""","Москва, Большая Якиманка, 32",37.612922,55.73536300000001,BATAREJKI,,0.0
15906,RC,"Контейнер для батареек в супермаркете ""Азбука Вкуса""","Москва, ул. Валовая, 18",37.631221,55.73079799999998,BATAREJKI,,0.0
15909,RC,"Контейнер для батареек в супермаркете ""Азбука Вкуса""","Москва, улица Генерала Глаголева, 14",37.462615,55.782215999999984,BATAREJKI,,0.0
15911,RC,"Контейнер для батареек в супермаркете ""Азбука Вкуса""","Москва, улица Гризодубовой, 1А",37.534315,55.781987,BATAREJKI,,0.0
15912,RC,"Контейнер для батареек в супермаркете ""Азбука Вкуса""","Москва, поселение Московский, деревня Лапшинка, вл8к20",37.33257299999999,55.608916999999984,BATAREJKI,,0.0
15913,RC,"Контейнер для батареек в супермаркете ""Азбука Вкуса""","Москва, Делегатская улица, 9с1",37.613677,55.775705,BATAREJKI,,1.0
15917,RC,"Контейнер для батареек в супермаркете ""Азбука Вкуса""","Москва, Дмитровское шоссе, 108Бс1",37.543563,55.886337,BATAREJKI,,0.0
15920,RC,"Контейнер для батареек в супермаркете ""Азбука Вкуса""","Москва, Жулебинский бульвар, 16",37.852908,55.69643,BATAREJKI,,0.0
15921,RC,"Контейнер для батареек в супермаркете ""Азбука Вкуса""","п.Заречье, Заречная улица, 2",37.39479099999999,55.68848899999999,BATAREJKI,,0.0
15923,RC,"Контейнер для батареек в супермаркете ""Азбука Вкуса""","Москва, ул. Исаковского, 33",37.419406,55.80489400000001,BATAREJKI,,0.0
15925,RC,"Контейнер для батареек в супермаркете ""Азбука Вкуса""","Москва, Каширское шоссе, 78к1А",37.682486,55.64113400000001,BATAREJKI,,0.0
15926,RC,"Контейнер для батареек в супермаркете ""Азбука Вкуса""","Москва, Комсомольский проспект, 34",37.577,55.72409999999999,BATAREJKI,,0.0
15927,RC,"Контейнер для батареек в супермаркете ""Азбука Вкуса""","Москва, Комсомольский пр-кт, 4",37.592385,55.733117,BATAREJKI,,0.0
15928,RC,"Контейнер для батареек в супермаркете ""Азбука Вкуса""","Королёв, проспект Космонавтов, 4В",37.86786599999999,55.920457000000006,BATAREJKI,,0.0
15930,RC,"Контейнер для батареек в супермаркете ""Азбука Вкуса""","Москва, улица Красная Пресня, 14",37.572199,55.76170099999999,BATAREJKI,,0.0
15931,RC,"Контейнер для батареек в супермаркете ""Азбука Вкуса""","Москва, Кутузовский пр-т, 8",37.526244000000005,55.73868199999999,BATAREJKI,,0.0
15934,RC,"Контейнер для батареек в супермаркете ""Азбука Вкуса""","Москва, Ленинградское ш., д. 112/1",37.465394,55.86363600000001,BATAREJKI,,0.0
15935,RC,"Контейнер для батареек в супермаркете ""Азбука Вкуса""","Москва,  Ленинградское ш., 46",37.486501,55.833643,BATAREJKI,,0.0
15936,RC,"Контейнер для батареек в супермаркете ""Азбука Вкуса""","Москва, Ленинский пр-т, 21",37.596166,55.71815799999999,BATAREJKI,,0.0
15937,RC,"Контейнер для батареек в супермаркете ""Азбука Вкуса""","Москва, Ленинский п-кт, 34/1",37.578027,55.70718699999998,BATAREJKI,,0.0
15938,RC,"Контейнер для батареек в супермаркете ""Азбука Вкуса""","Москва, Ленинский пр-кт, 54",37.560746,55.69784200000001,BATAREJKI,,0.0
15939,RC,"Контейнер для батареек в супермаркете ""Азбука Вкуса""","Москва, Ленинский проспект, 64",37.52971899999999,55.676645999999984,BATAREJKI,,0.0
15940,RC,"Контейнер для батареек в супермаркете ""Азбука Вкуса""","Москва, Люблинская улица, 96",37.7396,55.65699999999998,BATAREJKI,,0.0
15941,RC,"Контейнер для батареек в супермаркете ""Азбука Вкуса""","Москва, Марксистская улица, 38",37.66709999999999,55.73389999999999,BATAREJKI,,0.0
15943,RC,"Контейнер для батареек в супермаркете ""Азбука Вкуса""","Москва, Мичуринский проспект, 22к1с2",37.50343899999999,55.70095899999999,BATAREJKI,,0.0
15945,RC,"Контейнер для батареек в супермаркете ""Азбука Вкуса""","Москва, Мосфильмовская улица, 70к7",37.5091,55.716699999999996,BATAREJKI,,1.0
15946,RC,"Контейнер для батареек в супермаркете ""Азбука Вкуса""","Москва, Мосфильмовская улица, 88к2с4",37.49345,55.70416700000001,BATAREJKI,,0.0
15947,RC,"Контейнер для батареек в супермаркете ""Азбука Вкуса""","Мытищи, Коммунистическая улица, 10к1",37.745123,55.891928,BATAREJKI,,0.0
15949,RC,"Контейнер для батареек в супермаркете ""Азбука Вкуса""","Москва, Нахимовский пр-т, д. 61",37.559868,55.679164,BATAREJKI,,0.0
15950,RC,"Контейнер для батареек в супермаркете ""Азбука Вкуса""","Москва, Нижегородская улица, 16с1",37.683458,55.73768800000001,BATAREJKI,,1.0
15953,RC,"Контейнер для батареек в супермаркете ""Азбука Вкуса""","Красногорск, Новорижское шоссе, 7-й километр, с1",37.279606,55.799535000000006,BATAREJKI,,0.0
15958,RC,"Контейнер для батареек в супермаркете ""Азбука Вкуса""","Москва, ул. Островитянова, 2",37.486105,55.646188999999985,BATAREJKI,,0.0
15961,RC,"Контейнер для батареек в супермаркете ""Азбука Вкуса""","Одинцово, п. Новоивановское, Западная улица, 12",37.361793,55.70888699999999,BATAREJKI,,0.0
15963,RC,"Контейнер для батареек в супермаркете ""Азбука Вкуса""","Москва, пр-кт Мира, 49",37.63405,55.78349399999998,BATAREJKI,,0.0
15964,RC,"Контейнер для батареек в супермаркете ""Азбука Вкуса""","Москва, пр-кт Мира, 58",37.635934,55.785424,BATAREJKI,,0.0
15965,RC,"Контейнер для батареек в супермаркете ""Азбука Вкуса""","Москва, проспект Мира, 97",37.63663100000001,55.809804,BATAREJKI,,0.0
15966,RC,"Контейнер для батареек в супермаркете ""Азбука Вкуса""","Москва, Профсоюзная ул., 126к2",37.517138,55.63144499999998,BATAREJKI,,0.0
15967,RC,"Контейнер для батареек в супермаркете ""Азбука Вкуса""","Москва, Профсоюзная улица, 16/10",37.568964,55.68419899999998,BATAREJKI,,1.0
15968,RC,"Контейнер для батареек в супермаркете ""Азбука Вкуса""","Москва, ул. Профсоюзная, 64к2",37.547478999999996,55.665478,BATAREJKI,,0.0
15970,RC,"Контейнер для батареек в супермаркете ""Азбука Вкуса""","Москва, Пятницкое шоссе, 14",37.385898,55.84148699999998,BATAREJKI,,0.0
15971,RC,"Контейнер для батареек в супермаркете ""Азбука Вкуса""","Московская область, Пятницкое шоссе, вл8",37.30086099999999,55.89027699999998,BATAREJKI,,0.0
15973,RC,"Контейнер для батареек в супермаркете ""Азбука Вкуса""","Одинцово, деревня Жуковка, 201",37.247161,55.737345,BATAREJKI,,0.0
15974,RC,"Контейнер для батареек в супермаркете ""Азбука Вкуса""","Москва, Рублёвское шоссе, 42к1",37.41245399999999,55.750691,BATAREJKI,,0.0
15976,RC,"Контейнер для батареек в супермаркете ""Азбука Вкуса""","Москва, Садовая-Черногрязская ул., 13с1",37.656132,55.764705,BATAREJKI,,0.0
15977,RC,"Контейнер для батареек в супермаркете ""Азбука Вкуса""","Москва, улица Свободы, 42",37.455242999999996,55.845185999999984,BATAREJKI,,0.0
15978,RC,"Контейнер для батареек в супермаркете ""Азбука Вкуса""","Москва, ул. Серафимовича, 2",37.61310399999999,55.744553,BATAREJKI,,0.3333333333333333
15979,RC,"Контейнер для батареек в супермаркете ""Азбука Вкуса""","Москва, ул. Сергея Макеева, 9к1",37.550309,55.760673,BATAREJKI,,0.0
15980,RC,"Контейнер для батареек в супермаркете ""Азбука Вкуса""","Москва, улица Симоновский Вал, 12к2",37.662928,55.72463999999999,BATAREJKI,,0.0
15984,RC,"Контейнер для батареек в супермаркете ""Азбука Вкуса""","Москва, Тверская ул, 5/6",37.612242,55.75819,BATAREJKI,,1.0
15987,RC,"Контейнер для батареек в супермаркете ""Азбука Вкуса""","Москва, ул. Удальцова, 32с2",37.493164,55.681702,BATAREJKI,,0.0
15988,RC,"Контейнер для батареек в супермаркете ""Азбука Вкуса""","Химки, ул. Ленинградская, 16Б",37.438542,55.88806699999999,BATAREJKI,,0.0
15989,RC,"Контейнер для батареек в супермаркете ""Азбука Вкуса""","Химки, ул. Молодежная, 6А",37.41885499999999,55.88145599999999,BATAREJKI,,0.0
15991,RC,"Контейнер для батареек в супермаркете ""Азбука Вкуса""","Москва, 2-я Песчаная ул., 1/18",37.517897999999995,55.79597700000001,BATAREJKI,,0.0
16097,RC,"Пункт приема фильтров ""Барьер""","г. Москва, Ленинский проспект 31к1",37.58965499999999,55.713213,INOE,,0.0
16098,RC,"Пункт приема фильтров ""Барьер""","г. Москва, Проектируемый пр-д № 4062 6стр16",37.660548000000006,55.69350499999997,INOE,,0.0
16103,RC,Точка приема батареек в магазине OBI,"г.г. Москва, п. Сосенское, Калужское шоссе 21 км",37.498359,55.60208299999998,BATAREJKI,,0.0
16104,RC,Точка приема батареек в магазине OBI,"п.Московский, 47-й км МКАД",37.432852999999994,55.65819599999998,BATAREJKI,,0.0
16105,RC,"Точка приема батареек в магазине ""OBI""","г. Москва, Варшавское ш., д. 97",37.62392199999999,55.63278499999999,BATAREJKI,,0.0
16106,RC,Точка приема батареек в магазине OBI,"г. Котельники, 1-й Покровский проезд, 1",37.842712,55.658753000000004,BATAREJKI,,0.0
16107,RC,Точка приема батареек в магазине OBI,"г. г. Москва, Багратионовский проезд, 5",37.507108,55.74346700000001,BATAREJKI,,0.0
16108,RC,Точка приема батареек в магазине OBI,"Красногорский район, 7-й км Пятницкого ш. у поворота на д. Марьино",37.33026699999999,55.877128,BATAREJKI,,0.0
16109,RC,"Точка приема батареек в магазине ""OBI""","г. Москва, Ходынский б-р, д. 4",37.52794081349427,55.78992855124903,BATAREJKI,,0.0
16110,RC,Точка приема батареек в магазине OBI,"Красногорский район, вблизи д. Воронки",37.273361,55.798833,BATAREJKI,,0.0
16111,RC,"Точка приема батареек в магазине ""Большой мастер""","г. Москва, МКАД, 41-й км, 4, стр. 14",37.488214,55.611683000000006,BATAREJKI,,0.0
16112,RC,"Точка приема батареек в магазине ""Большой мастер""","г. Москва, МКАД, 41-й км, 4, стр. 13",37.48901699999999,55.61173099999999,BATAREJKI,,0.0
16113,RC,"Точка приема батареек в магазине ""Большой мастер""","г. Москва, МКАД, 41-й км, 11/4",37.486945,55.613758,BATAREJKI,,0.0
16114,RC,"Точка приема батареек в магазине ""Большой мастер""","г. Мытищи, Коммунистическая ул., 25Г",37.730652,55.883712,BATAREJKI,,0.0
16115,RC,"Точка приема батареек в магазине ""Большой мастер""","г. Москва, Новорижское шоссе, 23-й км",37.236475999999996,55.78562399999999,BATAREJKI,,0.0
16116,RC,"Точка приема батареек в магазине ""Комус""","г. Москва, Аптекарский пер., 10/1",37.677298,55.76811800000001,BATAREJKI,,0.0
16117,RC,"Точка приема батареек в магазине ""Комус""","г. Москва, Дубининская ул., 11, стр. 1",37.637561,55.727891,BATAREJKI,,0.0
16124,RC,"Точка приема батареек в магазине ""Лента""","г. Москва, пос. Воскресенское, Чечёрский пр., 51",37.51797799999999,55.523973999999995,BATAREJKI,,0.0
16125,RC,"Точка приема батареек в магазине ""Лента""","г. Москва, ул. Борисовские Пруды, 26, к. 2",37.758971,55.63895199999999,BATAREJKI,,0.0
16128,RC,"Точка приема батареек в магазине ""Лента""","с. Тарасовка, ул. Большая Тарасовская, влад. 2",37.847773999999994,55.96803399999999,BATAREJKI,,0.0
16129,RC,"Точка приема батареек в магазине ""Лента""","г. Москва, ул. Бибиревская, 10, к. 2",37.602315,55.88155,BATAREJKI,,0.0
16130,RC,"Точка приема батареек в магазине ""Лента""","г. Москва, Дмитровское ш., 116д",37.548117,55.902099999999976,BATAREJKI,,0.0
16131,RC,"Точка приема батареек в магазине ""Лента""","Видное, ул. Старо-Нагорная, 20",37.690416,55.56630299999999,BATAREJKI,,0.0
16134,RC,"Точка приема батареек в магазине ""Лента""","д. Говорово, МКАД 47 км., стр.20",37.430781999999994,55.658735999999976,BATAREJKI,,0.0
16138,RC,"Точка приема батареек в аптеке ""Медфармстандарт""","г. Москва, ул. Маршала Тухачевского, 16/1",37.48508,55.78245099999997,BATAREJKI,,0.0
16139,RC,Контейнер для батареек в магазине «METRO»,"Москва, Ленинградское шоссе, 71Г",37.447559,55.876202,BATAREJKI,,1.0
16140,RC,Контейнер для батареек в магазине «METRO»,"Москва, проспект Мира, 211к1",37.663413,55.84399299999999,BATAREJKI,,0.0
16141,RC,Контейнер для батареек в магазине «METRO»,"Москва, Дорожная улица, 1к1",37.624075,55.63098399999999,BATAREJKI,,0.0
16142,RC,Контейнер для батареек в магазине «METRO»,"Москва, Рябиновая улица, 59",37.431852,55.686137,BATAREJKI,,0.0
16143,RC,Контейнер для батареек в магазине «METRO»,"Дмитровское ш., 165Б",37.540864,55.916178,BATAREJKI,,0.0
16144,RC,Контейнер для батареек в магазине «METRO»,"Москва, улица Маршала Прошлякова, 14",37.38819099999999,55.791389,BATAREJKI,,0.0
16145,RC,Контейнер для батареек в магазине «METRO»,"Москва, Шоссейная улица, 2Б",37.725801,55.700923,BATAREJKI,,0.0
16154,RC,"Пункт приёма батареек, зубных щёток и одежды в магазине «METRO»","Москва, 1-ая Дубровская ул., 13Ас1",37.674891,55.7232,"ODEZHDA,BATAREJKI,INOE",,1.0
16155,RC,Контейнер для батареек в магазине «METRO»,"Московская область, городской округ Люберцы, посёлок городского типа Томилино, Новорязанское шоссе, 23-й километр, 17",37.90587999999999,55.65543400000001,BATAREJKI,,0.0
16157,RC,Контейнер для батареек в магазине «METRO»,"Московская область, Ленинский городской округ, посёлок Совхоза имени Ленина, вл8",37.755149,55.575329,BATAREJKI,,0.0
16160,RC,"Точка приема батареек в УК ""Юнисервис""","г. Москва, Трубецкая ул., 12",37.575270999999994,55.72803199999999,BATAREJKI,,0.0
16161,RC,"Точка приема батареек в УК ""Юнисервис""","г. Москва, ул. Ефремова, 10, корп. 1",37.57510599999999,55.725415999999996,BATAREJKI,,0.0
16162,RC,"Точка приема батареек в УК ""Юнисервис""","г. Москва, Попов пр-д, 4",37.697377,55.78499399999998,BATAREJKI,,0.0
16163,RC,"Точка приема батареек в УК ""Юнисервис""","г. Москва, ул. Вересаева, 11",37.445578,55.71935400000001,BATAREJKI,,0.0
16164,RC,"Точка приема батареек в УК ""Юнисервис""","г. Москва, ул. Козлова, 34",37.44756700000001,55.718033000000005,BATAREJKI,,0.0
16165,RC,"Точка приема батареек в УК ""Юнисервис""","г. Москва, Мичуринский пр-т, 3",37.466789,55.67807299999998,BATAREJKI,,0.0
16166,RC,"Точка приема батареек в УК ""Юнисервис""","г. Москва, Мичуринский пр-т, 5",37.465572,55.675768000000005,BATAREJKI,,0.0
16167,RC,"Точка приема батареек в УК ""Юнисервис""","г. Москва, Мичуринский пр-т, 7",37.510024,55.70294099999999,BATAREJKI,,0.0
16168,RC,"Точка приема батареек в УК ""Юнисервис""","г. Москва, Мичуринский пр-т, 7, корп. 1",37.509607,55.702487000000005,BATAREJKI,,0.0
16169,RC,"Точка приема батареек в УК ""Юнисервис""","г. Москва, Волоколамское ш., 71, корп. 1",37.434867,55.82359999999999,BATAREJKI,,0.0
16170,RC,"Точка приема батареек в УК ""Юнисервис""","г. Москва, Ходынский б-р, 2",37.53788699999999,55.789010999999995,BATAREJKI,,0.0
16171,RC,"Точка приема батареек в УК ""Юнисервис""","г. Москва, Мичуринский пр-т, 1, корп. 2",37.470227,55.68054599999999,BATAREJKI,,0.0
16172,RC,"Точка приема батареек в магазине ""Хозмаг 77""","г. Москва, Профсоюзная ул., д. 109",37.52152663487618,55.633156334247396,BATAREJKI,,0.0
16173,RC,"Точка приема батареек в магазине ""Хозмаг Прага""","г. Москва, Россошанский пр-д, 3",37.609346,55.60088599999999,BATAREJKI,,0.0
16174,RC,"Точка приема батареек в магазине ""Хозмаг Северное сияние""","г. Москва, б-р Дмитрия Донского, 1",37.579955999999996,55.57463699999999,BATAREJKI,,0.0
16176,RC,"Пункт сбора крышечек в офисе компании ""ЭкоЛайн Воскресенск""","г. Люберцы, Электрификации улица  3",37.916011,55.67087399999998,KRYSHECHKI,,0.0
16269,RC,"Точка приема детского товара в детском магазине ""Мамантин""","Россия, Москва, Россошанская улица, 6",37.613215,55.592686999999984,ODEZHDA,,0.0
16270,RC,"Точка приема детского товара в детском магазине ""Мамантин""","г. Москва, Амундсена улица 7стр2",37.657314,55.85101999999999,ODEZHDA,,0.0
16271,RC,"Пункт приема металлолома ""Интерлом""","Россия, Москва, Никулинская улица, 18к1",37.447728,55.673458,"METALL,BATAREJKI,OPASNYE_OTHODY",,0.0
16272,RC,"Пункт приема металлолома ""Интерлом""","г. Москва, Плеханова улица 12с3",37.762138,55.74920699999998,"METALL,OPASNYE_OTHODY",,0.0
16273,RC,"Пункт приема металлолома ""Интерлом""","г. Москва, Генерала Дорохова улица 27",37.43351299999999,55.68799199999999,"METALL,OPASNYE_OTHODY",,0.0
16274,RC,"Пункт приема металлолома ""Интерлом""","п. Лесные Поляны, Ленина улица 1А",37.862821,55.95932899999999,"METALL,OPASNYE_OTHODY",,0.0
16275,RC,"Пункт приема металлолома ""Интерлом""","г. Лыткарино, промзона Тураево, стр17",37.937265,55.55861499999999,"METALL,OPASNYE_OTHODY",,0.0
16277,RC,"Пункт приема металлолома ""Интерлом""","г. Москва, Дорожная улица 50к1",37.611814,55.582527999999996,"METALL,OPASNYE_OTHODY",,0.0
16287,RC,Точка приема батареек,"г. Москва, Автозаводская ул., д. 18",37.640078592590605,55.70455937572262,BATAREJKI,,1.0
16289,RC,"Пункт приема вещей в Фонде ""Справедливая помощь""","Россия, Москва, Пятницкая улица, 17/4с1",37.628935,55.74315199999999,ODEZHDA,,0.0
16290,RC,"Пункт приема вещей в ""Армии Спасения""","г. Москва, Хлебников переулок, 7стр2",37.673902,55.74792,"ODEZHDA,BYTOVAJA_TEHNIKA,INOE",,0.0
16291,RC,"Пункт приема вещей в центре ""Милосердие""","Россия, Москва, Николоямская улица, 55",37.666746,55.746709,ODEZHDA,,0.0
16294,RC,"Контейнер для приема вещей ""Добрый ящик""","г. Москва, Переведеновский переулок 18стр4",37.689825,55.77963299999998,ODEZHDA,,0.0
16295,RC,"Контейнер для приёма одежды ""Добрый ящик""","пос. Ватутинки, Дмитрия Рябинкина улица 13",37.332368,55.50253099999998,ODEZHDA,,0.0
16296,RC,"Контейнер для приема вещей ""Добрый ящик""","г. Москва, Казакова улица 8а",37.662148,55.76241200000001,ODEZHDA,,0.0
16297,RC,"Контейнер для приёма одежды ""Добрый ящик""","Москва, ул. Сретенка, д. 25",37.63226,55.77086399999999,ODEZHDA,,0.0
16299,RC,"Пункт приема старой посуды в магазине ""Fissman""","г. Москва, п. Московский, Киевского шоссе 23-й км",37.422243,55.62356899999998,METALL,,0.5
16300,RC,"Пункт приема старой посуды в магазине ""Fissman""","г. Москва, Александры Монаховой улица, 61стр1",37.494368,55.557266,METALL,,0.0
16301,RC,"Пункт приема старой посуды в магазине ""Fissman""","Россия, Москва, Сходненская улица, 56",37.444339,55.850272999999994,METALL,,0.0
16302,RC,"Пункт приема старой посуды в магазине ""Fissman""","г. Москва, Профсоюзная ул., д. 61а",37.540791,55.656199,METALL,,0.0
16303,RC,"Пункт приема старой посуды в магазине ""Fissman""","г. Москва, 85-й км МКАД ( пересечение МКАД и Алтуфьевского шоссе)",37.58498,55.91326999999999,METALL,,0.0
16304,RC,"Пункт приема старой посуды в магазине ""Fissman""","г. Москва, Перерва ул., д.43, к.1",37.74982099999999,55.659712000000006,METALL,,0.0
16305,RC,"Пункт приема старой посуды в магазине ""Fissman""","г. Москва, Андропова проспект 8",37.665252,55.69531499999998,METALL,,0.0
16307,RC,"Пункт приема старой посуды в магазине ""Fissman""","г. Москва, ул. Орджоникидзе, д. 11",37.595549999999996,55.70914899999999,METALL,,0.0
16308,RC,"Пункт приема старой посуды в магазине ""Fissman""","г. Москва, мкрн Северное Чертаново, вл1 к2",37.598358999999995,55.63700300000001,METALL,,0.0
16310,RC,"Пункт приема старой посуды в магазине ""Fissman""","г. Москва, Енисейская 19",37.663169,55.86920300000001,METALL,,0.0
16311,RC,"Пункт приема старой посуды в магазине ""Fissman""","г. Москва, Большая Семеновская 16",37.704127,55.781838,METALL,,0.0
16312,RC,"Пункт приема старой посуды в магазине ""Fissman""","г. Москва, Кутузовский проспект 57",37.47432599999999,55.727829000000014,METALL,,1.0
16313,RC,"Пункт приема старой посуды в магазине ""Fissman""","г. Москва, Шереметьевская улица 6к1",37.617143999999996,55.795462,METALL,,1.0
16314,RC,"Пункт приема старой посуды в магазине ""Fissman""","г. Москва, Зеленый проспект 62а",37.820444,55.75088000000001,METALL,,0.0
16315,RC,"Пункт приема старой посуды в магазине ""Fissman""","Россия, Московская область, Ленинский городской округ, посёлок Совхоза имени Ленина, МКАД, 24-й километр, 1",37.724472999999996,55.584307,METALL,,0.0
16316,RC,"Пункт приема старой посуды в магазине ""Fissman""","г. Москва, Энтузиастов шоссе 12к2",37.706952,55.747835999999985,METALL,,0.0
16317,RC,"Пункт приема старой посуды в магазине ""Fissman""","г. Москва, Хорошевское шоссе 27",37.52329199999999,55.777204000000005,METALL,,0.0
16318,RC,"Пункт приема старой посуды в магазине ""Fissman""","г. Москва, Мичуринский проспект 3к1",37.466939,55.67829799999998,METALL,,0.0
16319,RC,"Пункт приема старой посуды в магазине ""Fissman""","г. Москва, Киевского вокзала площадь 2",37.566278,55.744795999999994,METALL,,0.0
16320,RC,"Пункт приема старой посуды в магазине ""Fissman""","г. Москва, Снежная улица 27а",37.653417999999995,55.85618599999998,METALL,,1.0
16324,RC,"Пункт приема старой посуды в магазине ""Fissman""","г. Видное, Олимпийская улица 6к1",37.699153,55.545155999999984,METALL,,0.0
16328,RC,"Пункт приема старой посуды в магазине ""Fissman""","г. Ильинско-усово, а/д ""Балтия"" 26-й километр",37.235521999999996,55.78256699999998,METALL,,0.0
16330,RC,"Пункт приема старой посуды в магазине ""Fissman""","Россия, Московская область, Королёв, проспект Космонавтов, 20А",37.86669199999999,55.914593,METALL,,0.0
16331,RC,"Пункт приема старой посуды в магазине ""Fissman""","г. Королев, Коммунальная 1 ",37.845576,55.916208,METALL,,0.0
16332,RC,"Пункт приема старой посуды в магазине ""Fissman""","г. Красногорск, 50 лет Октября улица 12",37.311107,55.817888,METALL,,0.0
16333,RC,"Пункт приема старой посуды в магазине ""Fissman""","г. Люберцы, Октябрьский проспект 112",37.877952,55.685450999999986,METALL,,0.0
16334,RC,"Пункт приема старой посуды в магазине ""Fissman""","г. Мытищи, Осташковское шоссе 1",37.665053,55.89693700000001,METALL,,0.0
16335,RC,"Пункт приема старой посуды в магазине ""Fissman""","МКАД, ТПЗ ""Алтуфьево"", вл3стр1",37.57232299999999,55.91316199999999,METALL,,0.0
16339,RC,"Пункт приема старой посуды в магазине ""Fissman""","Пятницкое ш., 7 км.",37.33217799999999,55.875565,METALL,,1.0
16340,RC,"Пункт приема старой посуды в магазине ""Fissman""","г. Химки, Ленинградское ш., 23-й километр, к. 1",37.3968,55.911142999999996,METALL,,0.0
16344,RC,Контейнер для приема б/у шин,"г. Химки, мкр. Подрезково, кв-л Кирилловка, 30-й км Ленинградского шоссе",37.33690119443249,55.9600286844859,SHINY,,0.0
16345,RC,"Пункт приема старой посуды в магазине ""Fissman""","г. Москва, Новоясеневский проспект 1",37.50927599999999,55.619427,METALL,,0.0
16346,RC,"Пункт приема старой посуды в магазине ""Fissman""","Красногорский район, 23-й км а/д ""Балтия"" стр1",37.299811,55.801874999999995,METALL,,0.0
16808,RC,"Пункт приема утильных шин ""ЭКО-ФОНД""","г. Москва, ул. Булатниковская, д.2А",37.650977999999995,55.58072399999998,SHINY,,0.0
16815,RC,"Пункт приема утильных шин ""ЭКО-ФОНД""","г. Мытищи, ул. Колонцова, д. 43",37.767876357614,55.91014765657399,SHINY,,0.0
16817,RC,"Пункт приема электроники ""ЭКО-ФОНД""","г. Одинцово, Железнодорожная улица 9стр1",37.25600899999999,55.66257800000001,BYTOVAJA_TEHNIKA,,0.0
16819,RC,"Контейнер для приёма одежды ""Добрый ящик""","Москва, ул. Обручева, д. 34/63, с. 1",37.53939199999999,55.65426900000001,ODEZHDA,,0.0
16820,RC,"Контейнер для приёма одежды ""Добрые вещи""","Москва, улица Татьяны Макаровой, 3",37.884173999999994,55.71145800000001,ODEZHDA,,0.0
16821,RC,"Приемный пункт приема вещей проекта ""Добрые вещи""","г. Москва, ул. Маршала Василевского, д. 15",37.465053999999995,55.80759799999999,ODEZHDA,,1.0
16822,RC,"Контейнер для приёма одежды ""Добрые вещи""","Москва, ул. Адмирала Макарова, д. 14",37.488458,55.83882400000002,ODEZHDA,,1.0
16823,RC,"Контейнер для приёма одежды ""Добрые вещи""","Москва, улица Декабристов, 28 корп. 1",37.61373699999999,55.860873,ODEZHDA,,0.0
16827,RC,"Контейнер для приёма одежды ""Добрые вещи""","Московская область, Красногорск ГО, поселок Отрадное, Кленовая улица, 1",37.324026999999994,55.86974599999999,ODEZHDA,,0.0
16828,RC,"Контейнер для приёма одежды ""Добрые вещи""","Москва, улица Соловьиная роща, вл. 7",37.398584,55.89215699999998,ODEZHDA,Режим работы требует уточнения,0.0
16829,RC,"Контейнер для приёма одежды ""Добрые вещи""","Москва, 4-ая улица Новоселки, 1",37.390814,55.92801999999998,ODEZHDA,,0.0
16830,RC,"Контейнер для приёма одежды ""Добрые вещи""","Московская область, Мытищи ГО, поселок Вешки, ТПЗ Алтуфьево, вл. 3 с. 1",37.571127,55.91316299999998,ODEZHDA,,0.0
16831,RC,"Контейнер для приёма одежды ""Добрые вещи""","Московская область, Одинцово, улица Железнодорожная, 9 с. 1",37.256165,55.662581,ODEZHDA,,0.0
16832,RC,"Контейнер для приёма одежды ""Добрые вещи""","Московская область, Одинцово, Можайское шоссе, 167",37.308497,55.68726399999999,ODEZHDA,,0.0
16833,RC,"Контейнер для приёма одежды ""Добрые вещи""","Москва, улица Смольная, 63Б",37.469945,55.870011,ODEZHDA,,0.0
16834,RC,"Контейнер для приёма одежды ""Добрые вещи""","Москва, Кронштадтский бульвар, вл24к1",37.508225,55.846286,ODEZHDA,,0.0
16835,RC,"Контейнер для приёма одежды ""Добрые вещи""","Москва, улица Твардовского, д. 23 корп. 3",37.404834,55.79581099999998,ODEZHDA,,1.0
16836,RC,"Контейнер для приёма одежды ""Добрые вещи""","Москва, Рублевское шоссе, 62",37.381152,55.766868,ODEZHDA,,0.0
16837,RC,"Контейнер для приёма одежды ""Добрые вещи""","Москва, улица Октябрьская, д. 58",37.613251,55.79479599999999,ODEZHDA,,0.0
16838,RC,"Контейнер для приёма одежды ""Добрые вещи""","Москва, Береговой проезд, д. 5А корп. 1",37.509904,55.75517699999999,ODEZHDA,,0.0
16839,RC,"Контейнер для приёма одежды ""Добрые вещи""","Москва, улица Неверовского, д. 10 стр. 3",37.51043899999999,55.738672,ODEZHDA,,0.0
16840,RC,"Контейнер для приёма одежды ""Добрые вещи""","Москва, Мичуринский проспект, д. 5",37.510642,55.703181,ODEZHDA,,0.0
16841,RC,"Контейнер для приёма одежды ""Добрые вещи""","Москва, улица Преображенский Вал, д. 25",37.71693499999999,55.79136599999999,ODEZHDA,,0.0
16842,RC,"Контейнер для приёма одежды ""Добрые вещи""","Москва, улица Новая Басманная, д. 37 стр. 1",37.668747999999994,55.77043999999999,ODEZHDA,,0.0
16843,RC,"Контейнер для приёма одежды ""Добрые вещи""","Москва, Кожевническая улица, 7с1",37.64565799999999,55.730617999999986,ODEZHDA,,0.0
16844,RC,"Контейнер для приёма одежды ""Добрые вещи""","Москва, Большой Староданиловский переулок, д. 3",37.63025199999999,55.70962199999999,ODEZHDA,,0.0
16845,RC,"Контейнер для приёма одежды ""Добрые вещи""","Москва, проспект Лихачева, д. 15",37.64587199999999,55.699546000000005,ODEZHDA,Режим работы требует уточнения,1.0
16846,RC,"Контейнер для приёма одежды ""Добрые вещи""","Москва, Севастопольский проспект, д. 15 корп. 4",37.599737,55.68176400000001,ODEZHDA,,0.0
16847,RC,"Контейнер для приёма одежды ""Добрые вещи""","Москва, улица 3-я Музейная, д. 3",37.79703,55.73633899999998,ODEZHDA,,0.0
16850,RC,"Контейнер для приёма одежды ""Добрые вещи""","Москва, 5-ый квартал Капотни, 7",37.795759,55.62957999999999,ODEZHDA,,0.0
16851,RC,"Контейнер для приёма одежды ""Добрые вещи""","Москва, Бесединское шоссе, вл. 15",37.76103199999999,55.625330000000005,ODEZHDA,,0.0
16852,RC,"Контейнер для приёма одежды ""Добрые вещи""","Москва, Пролетарский проспект, вл. 30",37.658571,55.630860999999996,ODEZHDA,,1.0
16853,RC,"Контейнер для приёма одежды ""Добрые вещи""","Москва, Варшавское шоссе, д. 170Г, ворота 37",37.590057,55.579859000000006,ODEZHDA,Режим работы требует уточнения,0.0
16855,RC,"Контейнер для приёма одежды ""Добрые вещи""","Москва, улица Поляны, д. 42",37.530249,55.55346499999998,ODEZHDA,,0.0
16856,RC,"Контейнер для приема вещей проекта ""Добрые вещи""","г. Москва, пос. Коммунарка, ул. Липовый парк, д. 2",37.492868,55.57181500000001,ODEZHDA,,1.0
16858,RC,"Точка приема шин в ГБУ ""Жилищник"" Северное Бутово","г. Москва, Поляны 5а",37.557997,55.56419599999999,SHINY,,0.0
18155,RC,"Контейнеры для вторсырья ГУП ""Экотехпром""",Парк имени Артёма Боровика,37.755743,55.66160299999999,"PLASTIK,STEKLO",,0.0
18156,RC,"Контейнеры для вторсырья ГУП ""Экотехпром""",Парк имени Артёма Боровика,37.756277999999995,55.661631,"PLASTIK,STEKLO",,1.0
18157,RC,"Контейнеры для вторсырья ГУП ""Экотехпром""","Парк 850-летия Москвы, Батайский проезд",37.729365,55.642453,"PLASTIK,STEKLO",,1.0
18158,RC,"Контейнеры для вторсырья ГУП ""Экотехпром""","Парк 850-летия Москвы, Поречная, 23",37.76736799999999,55.649276999999984,"PLASTIK,STEKLO",,0.0
18159,RC,"Контейнеры для вторсырья ГУП ""Экотехпром""","Парк 850-летия Москвы, Марьинский парк, 4",37.780701,55.65293299999999,"PLASTIK,STEKLO",,0.0
18160,RC,"Контейнеры для вторсырья ГУП ""Экотехпром""",Дюссельдорфский парк,37.76812999999999,55.65999299999999,"PLASTIK,STEKLO",,1.0
18161,RC,"Контейнеры для вторсырья ГУП ""Экотехпром""",Сквер имени Героя Советского Союза Фёдора Полетаева,37.77970799999999,55.71137799999999,"PLASTIK,STEKLO",,1.0
18163,RC,"Контейнеры для вторсырья ГУП ""Экотехпром""","Москва, ул. Ставропольская, 25к2",37.764421999999996,55.683639,"PLASTIK,STEKLO",,0.0
18165,RC,"Контейнеры для вторсырья ГУП ""Экотехпром""","Москва, ул. Перерва, 12",37.721945,55.65268000000001,"PLASTIK,STEKLO",,0.5
18166,RC,"Контейнеры для вторсырья ГУП ""Экотехпром""","Москва, ул. Люблинская, 48",37.73612099999999,55.681401,"PLASTIK,STEKLO",,0.0
18167,RC,"Контейнеры для вторсырья ГУП ""Экотехпром""","Москва, ул. Люблинская, 44/8",37.736846,55.68262499999999,"PLASTIK,STEKLO",,0.0
18168,RC,"Контейнеры для вторсырья ГУП ""Экотехпром""","Москва, ул. Кузьминская, 7с1",37.789568,55.69067099999999,"PLASTIK,STEKLO",,0.0
18169,RC,"Контейнеры для вторсырья ГУП ""Экотехпром""","Москва, ул. Юных Ленинцев, 108с1",37.78963199999999,55.696716999999985,"PLASTIK,STEKLO",,0.0
18171,RC,"Контейнеры для вторсырья ГУП ""Экотехпром""","Парк 850-летия Москвы, ул. Поречная, 3к1",37.750216,55.643774999999984,"PLASTIK,STEKLO",,0.0
18172,RC,"Контейнеры для вторсырья ГУП ""Экотехпром""","Москва, 1-й Курьяновский проезд, 16",37.69777599999999,55.656702,"PLASTIK,STEKLO",,0.0
18173,RC,"Контейнеры для вторсырья ГУП ""Экотехпром""","Москва, ул. Краснознаменная, 1с5",37.688243,55.766455999999984,"PLASTIK,STEKLO",,0.5
18174,RC,"Контейнеры для вторсырья ГУП ""Экотехпром""","Москва, Жулебинский бульвар, 6/11",37.846845,55.69895699999998,"PLASTIK,STEKLO",,0.8
18175,RC,"Контейнеры для вторсырья ГУП ""Экотехпром""","Москва, ул. Шоссейная, 24/7",37.722867,55.685529,"PLASTIK,STEKLO",,0.0
18176,RC,"Контейнеры для вторсырья ГУП ""Экотехпром""","Москва, ул. Гурьянова, 55",37.716620999999996,55.679734,"PLASTIK,STEKLO",,1.0
18178,RC,"Контейнеры для вторсырья ГУП ""Экотехпром""","Москва, ул. Юных Ленинцев, 78",37.776399000000005,55.69811299999999,"PLASTIK,STEKLO",,0.0
18179,RC,"Контейнеры для вторсырья ГУП ""Экотехпром""","Москва, Есенинский бульвар, 6к2",37.778717,55.705391000000006,"PLASTIK,STEKLO",,0.0
18180,RC,"Контейнеры для вторсырья ГУП ""Экотехпром""",Люблинское Кладбище,37.787057000000004,55.68130499999999,"PLASTIK,STEKLO",,0.0
18181,RC,"Контейнеры для вторсырья ГУП ""Экотехпром""","Москва, ул. Перерва, 54",37.7463,55.6577,"PLASTIK,STEKLO",,0.0
18182,RC,"Контейнеры для вторсырья ГУП ""Экотехпром""","Москва, ул. Шкулёва, 13/25с2",37.74502799999999,55.693431999999994,"PLASTIK,STEKLO",,0.5
18183,RC,"Контейнеры для вторсырья ГУП ""Экотехпром""","Москва, ул. Маршала Чуйкова, 3с1",37.763955,55.70366899999999,"PLASTIK,STEKLO",,0.0
18184,RC,"Контейнеры для вторсырья ГУП ""Экотехпром""","Москва, Привольная улица, 41",37.848685999999994,55.68952800000001,"PLASTIK,STEKLO",,1.0
18185,RC,"Контейнеры для вторсырья ГУП ""Экотехпром""","Москва, Капотня, 2-й квартал, 22к1",37.80046699999999,55.637543,"PLASTIK,STEKLO",,1.0
18186,RC,"Контейнеры для вторсырья ГУП ""Экотехпром""","Москва, 1-й Капотнинский проезд, 12с1",37.793017,55.63784999999999,"PLASTIK,STEKLO",,0.0
18188,RC,"Контейнеры для вторсырья ГУП ""Экотехпром""","Стация ""Плющево"" D-3",37.775336,55.729993999999984,"PLASTIK,STEKLO",,0.5
18189,RC,"Контейнеры для вторсырья ГУП ""Экотехпром""","Москва, ул. Крутицкий Вал, 3к2",37.66717499999999,55.73079599999998,"PLASTIK,STEKLO",,0.0
18191,RC,"Контейнеры для вторсырья ГУП ""Экотехпром""","Москва, Новочеркасский бульвар, 55",37.74302999999999,55.64865799999997,"PLASTIK,STEKLO",,0.0
18192,RC,"Контейнеры для вторсырья ГУП ""Экотехпром""","Станция метро ""Волгоградский проспект""",37.684732999999994,55.72587200000001,"PLASTIK,STEKLO",,1.0
18194,RC,"Контейнеры для вторсырья ГУП ""Экотехпром""","Россия, Москва, Краснодонская улица",37.75513,55.69020699999999,"PLASTIK,STEKLO",,1.0
18195,RC,"Контейнеры для вторсырья ГУП ""Экотехпром""","Москва, Люблинская ул., 102А",37.742256,55.65130999999998,"PLASTIK,STEKLO",,0.0
18196,RC,"Контейнеры для вторсырья ГУП ""Экотехпром""","Москва, станция метро ""Пролетарская""",37.667914,55.73202799999999,"PLASTIK,STEKLO",,0.0
18197,RC,"Контейнеры для вторсырья ГУП ""Экотехпром""","Москва, ул. Перерва, 8с2",37.716856,55.65491099999999,"PLASTIK,STEKLO",,0.0
18198,RC,"Контейнеры для вторсырья ГУП ""Экотехпром""","Москва, ул. Южнопортовая, 18",37.685759,55.706441999999996,"PLASTIK,STEKLO",,0.6666666666666666
18199,RC,"Контейнеры для вторсырья ГУП ""Экотехпром""","Москва, ул. Маршала Чуйкова, 7к6",37.764599999999994,55.698415000000004,"PLASTIK,STEKLO",,0.0
18201,RC,"Контейнеры для вторсырья ГУП ""Экотехпром""","Москва, ул. Полбина, 23",37.73121999999999,55.684236999999996,"PLASTIK,STEKLO",,0.0
18202,RC,"Контейнеры для вторсырья ГУП ""Экотехпром""","Москва, Рязанский пр-т, 48",37.792320999999994,55.71582600000001,"PLASTIK,STEKLO",,1.0
18203,RC,"Контейнеры для вторсырья ГУП ""Экотехпром""","Москва, ул. Кетчерская, 4Б",37.821173,55.743523,"PLASTIK,STEKLO",,0.0
18204,RC,"Контейнеры для вторсырья ГУП ""Экотехпром""","Москва, ул. Алтайская, 4с2",37.805041,55.82003499999999,"PLASTIK,STEKLO",,0.0
18205,RC,"Контейнеры для вторсырья ГУП ""Экотехпром""","Москва, ул. Уральская, 23к1",37.80438300000001,55.82304400000002,"PLASTIK,STEKLO",,1.0
18207,RC,"Контейнеры для вторсырья ГУП ""Экотехпром""","Москва, Измайловский проезд, 10к2",37.768654999999995,55.793618999999985,"PLASTIK,STEKLO",,1.0
18209,RC,"Контейнеры для вторсырья ГУП ""Экотехпром""","Москва, Напольный пр-д, вл. 5",37.82653799999999,55.75913000000001,"PLASTIK,STEKLO",,0.0
18211,RC,"Контейнеры для вторсырья ГУП ""Экотехпром""","Москва, ул. Челябинская, 15",37.82741,55.77854599999999,"PLASTIK,STEKLO",,0.0
18212,RC,"Контейнеры для вторсырья ГУП ""Экотехпром""","Москва, ул. Большая Черкизовская, 93с10",37.734489,55.80113899999999,"PLASTIK,STEKLO",,0.0
18215,RC,"Контейнеры для вторсырья ГУП ""Экотехпром""","Москва, ул. Новокосинская, 11к1",37.85448199999999,55.734148000000005,"PLASTIK,STEKLO",,1.0
18218,RC,"Контейнеры для вторсырья ГУП ""Экотехпром""","Москва, ул. Главная, 21",37.871057,55.820661,"PLASTIK,STEKLO",,0.0
18219,RC,"Контейнеры для вторсырья ГУП ""Экотехпром""","Москва, ул. 9 мая, 23",37.87228,55.81955699999999,"PLASTIK,STEKLO",,0.0
18222,RC,"Контейнеры для вторсырья ГУП ""Экотехпром""","Москва, ул. Кусковская, 2с1",37.766106,55.737617,"PLASTIK,STEKLO",,1.0
18223,RC,"Контейнеры для вторсырья ГУП ""Экотехпром""","Москва, Измайловский проспект, 75к1",37.79402699999999,55.788685,"PLASTIK,STEKLO",,1.0
18224,RC,"Контейнеры для вторсырья ГУП ""Экотехпром""","Москва, ул. Первомайская, 73с4",37.799018999999994,55.79387299999999,"PLASTIK,STEKLO",,1.0
18225,RC,"Контейнеры для вторсырья ГУП ""Экотехпром""","Москва, 2-я Владимирская улица, 45",37.785039,55.75070899999999,"PLASTIK,STEKLO",,1.0
18226,RC,"Контейнеры для вторсырья ГУП ""Экотехпром""","Москва, ул. 2-я Владимирская, 41к1",37.78431199999999,55.751765999999996,"PLASTIK,STEKLO",,0.0
18227,RC,"Контейнеры для вторсырья ГУП ""Экотехпром""","Москва, ул. Лухмановская, 29",37.90372,55.72403999999999,"PLASTIK,STEKLO",,0.0
18229,RC,"Контейнеры для вторсырья ГУП ""Экотехпром""","Москва, станция метро ""Измайловская""",37.783725,55.788149999999995,"PLASTIK,STEKLO",,0.5
18231,RC,"Контейнеры для вторсырья ГУП ""Экотехпром""","Москва, ул. Фрязевская, 1с1",37.817637,55.74488299999999,"PLASTIK,STEKLO",,0.0
18232,RC,"Контейнеры для вторсырья ГУП ""Экотехпром""","Москва, ул. Суздальская, 34к2",37.867537999999996,55.744825000000006,"PLASTIK,STEKLO",,0.0
18233,RC,"Контейнеры для вторсырья ГУП ""Экотехпром""","Россия, Москва, Восточный административный округ, район Преображенское",37.744426,55.801818,"PLASTIK,STEKLO",,0.0
18234,RC,"Контейнеры для вторсырья ГУП ""Экотехпром""","Москва, Щёлковское шоссе, вл. 75",37.798705,55.811285000000005,"PLASTIK,STEKLO",,0.5
18235,RC,"Контейнеры для вторсырья ГУП ""Экотехпром""","Москва, Измайловское ш., 69Б",37.749965,55.788408,"PLASTIK,STEKLO",,0.0
18236,RC,"Контейнеры для вторсырья ГУП ""Экотехпром""","Москва, ул. Снайперская, 9А",37.81303599999999,55.722088999999976,"PLASTIK,STEKLO",,0.0
18237,RC,"Контейнеры для вторсырья ГУП ""Экотехпром""","Москва, ул. Вешняковская, 19А",37.830468,55.734339999999996,"PLASTIK,STEKLO",,1.0
18238,RC,"Контейнеры для вторсырья ГУП ""Экотехпром""","Россия, Москва, Самотёчная площадь",37.619832,55.774232,"PLASTIK,STEKLO",,1.0
18239,RC,"Контейнеры для вторсырья ГУП ""Экотехпром""","Москва, Екатерининский сквер (Самотечный б-р)",37.61993999999999,55.77701399999998,"PLASTIK,STEKLO",,0.8333333333333334
18240,RC,"Контейнеры для вторсырья ГУП ""Экотехпром""","Москва, парк ""Красногвардейские пруды""",37.54417699999999,55.759145999999994,"PLASTIK,STEKLO",,0.0
18241,RC,"Контейнеры для вторсырья ГУП ""Экотехпром""","Москва, парк ""Красногвардейские пруды""",37.5444,55.761342,"PLASTIK,STEKLO",,1.0
18242,RC,"Контейнеры для вторсырья ГУП ""Экотехпром""","Москва, сквер Девичье поле",37.581638999999996,55.736753,"PLASTIK,STEKLO",,0.0
18243,RC,"Контейнеры для вторсырья ГУП ""Экотехпром""","Москва, сквер Девичье поле",37.573709,55.73324199999999,"PLASTIK,STEKLO",,1.0
18244,RC,"Контейнеры для вторсырья ГУП ""Экотехпром""","Москва, Большой Калитниковский проезд, 11",37.688786,55.733485,"PLASTIK,STEKLO",,1.0
18245,RC,"Контейнеры для вторсырья ГУП ""Экотехпром""","Москва, ул. Сущёвский Вал, 52/17",37.616556,55.792450999999986,"PLASTIK,STEKLO",,1.0
18246,RC,"Контейнеры для вторсырья ГУП ""Экотехпром""","Москва, ул. Сущёвский Вал, 56с1",37.622151,55.79210400000001,"PLASTIK,STEKLO",,0.0
18247,RC,"Контейнеры для вторсырья ГУП ""Экотехпром""","Москва, Фрунзенская набережная, 2/1",37.59521300000001,55.734785,"PLASTIK,STEKLO",,1.0
18249,RC,"Контейнеры для вторсырья ГУП ""Экотехпром""","Москва, Репинский сквер, Болотная набережная",37.617756,55.74467099999998,"PLASTIK,STEKLO",,0.6666666666666666
18250,RC,"Контейнеры для вторсырья ГУП ""Экотехпром""","Москва, Троицкая часовня",37.668918,55.748208,"PLASTIK,STEKLO",,1.0
18251,RC,"Контейнеры для вторсырья ГУП ""Экотехпром""","Москва, станция метро ""Спортивная"", Хамовнический вал",37.561968,55.721071,"PLASTIK,STEKLO",,1.0
18252,RC,"Контейнеры для вторсырья ГУП ""Экотехпром""","Москва, мкр. Переделкино Ближнее, ул. Анны Ахматовой, 22",37.320550999999995,55.633051,"PLASTIK,STEKLO",,1.0
18253,RC,"Контейнеры для вторсырья ГУП ""Экотехпром""","Москва, мкр. Переделкино Ближнее, Проектируемый проезд № 6572",37.312307,55.629459999999995,"PLASTIK,STEKLO",,0.0
18256,RC,"Контейнеры для вторсырья ГУП ""Экотехпром""","Москва, д. Марушкино, парк «Ручеёк»",37.204074,55.594589999999975,"PLASTIK,STEKLO",,1.0
18265,RC,"Контейнеры для вторсырья ГУП ""Экотехпром""","Москва, ул. Липовый Парк, 9",37.48668099999999,55.56763099999999,"PLASTIK,STEKLO",,1.0
18268,RC,"Контейнеры для вторсырья ГУП ""Экотехпром""","посёлок завода Мосрентген, 39А",37.475705,55.617186999999994,"PLASTIK,STEKLO",,0.0
18269,RC,"Контейнеры для вторсырья ГУП ""Экотехпром""","посёлок завода Мосрентген, 39",37.473153,55.618075999999995,"PLASTIK,STEKLO",,1.0
18275,RC,"Контейнеры для вторсырья ГУП ""Экотехпром""","Москва, посёлок Воскресенское, 11Ас1, Воскресенский парк",37.438044,55.52720499999999,"PLASTIK,STEKLO",,1.0
18276,RC,"Контейнеры для вторсырья ГУП ""Экотехпром""","Москва, посёлок Воскресенское, 10",37.439604,55.526585999999995,"PLASTIK,STEKLO",,0.5
18280,RC,"Контейнеры для вторсырья ГУП ""Экотехпром""","Москва, станция метро ""Филатов луг""",37.406817999999994,55.60087899999997,"PLASTIK,STEKLO",,0.0
18282,RC,"Контейнеры для вторсырья ГУП ""Экотехпром""","Москва, пос. Сосенское, станция метро ""Ольховая""",37.459275,55.570001000000005,"PLASTIK,STEKLO",,1.0
18283,RC,"Контейнеры для вторсырья ГУП ""Экотехпром""","Москва, станция метро ""Новомосковская""",37.46955899999999,55.560120999999995,"PLASTIK,STEKLO",,0.0
18408,RC,"Пункт приема электроники ""ЭКО-ФОНД""","г. Реутов, Новая улица вл.1",37.845534,55.75561299999999,BYTOVAJA_TEHNIKA,,0.0
18411,RC,"Пункт приема утильных шин ""ЭКО-ФОНД""","Москва, Полярный проезд, д.17, вл.2",37.640884211501,55.89481742480599,SHINY,,0.0
18412,RC,"Пункт приема утильных шин ""ЭКО-ФОНД""","Москва, 5-я Магистральная ул., д.6, стр.1",37.525560557842,55.77100198886498,SHINY,,0.0
18413,RC,"Пункт приема утильных шин ""ЭКО-ФОНД""","Москва, ул. Озерная, д.45а",37.438753223204,55.66394925778199,SHINY,,0.0
18415,RC,"Пункт приема утильных шин ""ЭКО-ФОНД""","Москва, Жуков проезд, д.8, стр.18",37.646995788811005,55.721899649250005,SHINY,,1.0
18416,RC,"Пункт приема утильных шин ""ЭКО-ФОНД""","Москва, ул. Летниковская, д. 10, с. 3",37.64290290115999,55.726010269882984,SHINY,,0.0
18417,RC,"Пункт приема утильных шин ""ЭКО-ФОНД""","Москва, Проезд завода Серп и Молот д.8, стр.2",37.700175698598,55.75347907955201,SHINY,,1.0
18418,RC,"Пункт приема утильных шин ""ЭКО-ФОНД""","Москва, Абрамцевская ул., вл.30",37.573978163178,55.90910646648,SHINY,,0.0
18423,RC,"Пункт приема утильных шин ""ЭКО-ФОНД""","Московская область, г. Химки, ул. Соколово-Мещерская, дом 40",37.388578479024,55.906502317486016,SHINY,,0.0
18424,RC,"Пункт приема утильных шин ""ЭКО-ФОНД""","Москва, ул. Хачатуряна (техзона)",37.598007304316,55.854683639222,SHINY,,0.0
18427,RC,"Пункт приема утильных шин ""ЭКО-ФОНД""","Москва, Ул. Садовники, д.11а, стр.4",37.658509612082995,55.673924325287,SHINY,,0.0
18428,RC,"Пункт приема утильных  шин ""ЭКО-ФОНД""","г. Москва, пр-кт Вернадского, влад. 76Б",37.49166548251793,55.66929881799938,SHINY,,1.0
18429,RC,"Пункт приема утильных шин ""ЭКО-ФОНД""","Москва, Сколковское шоссе, д. 31А",37.403603196144,55.706387309965,SHINY,,0.0
18430,RC,"Пункт приема утильных шин ""ЭКО-ФОНД""","Москва, ул. Крылатские Холмы, д.47",37.413908243179,55.763036118946005,SHINY,,0.6666666666666666
18431,RC,"Пункт приема утильных шин ""ЭКО-ФОНД""","Москва, Алтуфьевское шоссе, д. 19А",37.580291032791,55.85572061793701,SHINY,,0.0
18432,RC,"Пункт приема утильных шин ""ЭКО-ФОНД""","Москва, ул. Ленинградское шоссе, д.71Б",37.451657652855,55.87521453427299,SHINY,,0.0
18433,RC,"Пункт приема утильных шин ""ЭКО-ФОНД""","Москва, ул. Южнопортовая д.7, стр. 21",37.69252538681,55.707070387920986,SHINY,,0.0
18434,RC,"Пункт приема утильных шин ""ЭКО-ФОНД""","г. Люберцы, Котельническая улица, д.18",37.894699573517,55.67032440276601,SHINY,,0.0
18436,RC,"Пункт приема утильных шин ""ЭКО-ФОНД""","г. Королев, ул. Пионерская, д.1А",37.84344792366,55.93231542565599,SHINY,,0.0
18437,RC,"Пункт приема утильных шин ""ЭКО-ФОНД""","Москва, Шоссе Энтузиастов, д. 56, стр. 44",37.7692258358,55.760675883972986,SHINY,,0.0
18438,RC,"Пункт приема утильных шин ""ЭКО-ФОНД""","Москва, ул. Ратная, сооружение 6г",37.572791576384994,55.575348554681,SHINY,,0.0
18439,RC,"Пункт приема утильных шин ""ЭКО-ФОНД""","Москва, Ярославское шоссе, д.27",37.685723304749,55.859908601352004,SHINY,,0.0
18440,RC,"Пункт приема утильных шин ""ЭКО-ФОНД""","Москва, Черницынский проезд, д. 3",37.79229283332799,55.819669048683984,SHINY,,0.0
18441,RC,"Пункт приема утильных шин ""ЭКО-ФОНД""","г. Московский, ул. Солнечная, д.3",37.36576795578,55.591442419933976,SHINY,,0.0
18442,RC,"Пункт приема утильных шин ""ЭКО-ФОНД""","Москва, ул. Ставропольская, д.41, стр. 4",37.77904272079499,55.682145427139,SHINY,,0.0
18444,RC,"Пункт приема  утильных шин ""ЭКО-ФОНД""","г. Одинцово, ул. Железнодорожная, д. 21",37.256687879562,55.65581850250099,SHINY,,0.0
18446,RC,"Пункт приема утильных шин ""ЭКО-ФОНД""","Москва, ул. Ермакова Роща, д.7а, стр.2",37.529404163360994,55.758043842233,SHINY,,0.0
18447,RC,"Пункт приема утильных шин ""ЭКО-ФОНД""","Москва, ул. Вавилова, д.9А, стр.17",37.590279579162996,55.700662284611,SHINY,,0.0
18448,RC,"Пункт приема утильных шин ""ЭКО-ФОНД""","Москва, ул. Раменки 20, стр.1",37.488452196120996,55.688810570854976,SHINY,,0.0
18450,RC,"Пункт приема утильных шин ""ЭКО-ФОНД""","г. Балашиха, мкр-н Салтыковка, ул. Окольная, д.3А",37.890558242798,55.751088601918006,SHINY,,0.0
18451,RC,"Пункт приема утильных шин ""ЭКО-ФОНД""","Дмитровское шоссе, д. 102В, стр. 2",37.554005384445,55.88387468838901,SHINY,,0.0
18477,RC,"Пункт приема макулатуры ""ММК-ЭКО""","Россия, Московская область, Ленинский городской округ, деревня Горки",37.763171,55.51630199999998,"BUMAGA,PLASTIK",,0.0
18478,RC,"Пункт приема макулатуры ""ММК-ЭКО""","г. Мытищи, п. Дружба, Кропоткинский проезд 1 стр9",37.76124,55.88418599999999,"BUMAGA,PLASTIK",,0.0
18511,RC,"Пункт приема в благотворительном магазине ""Лавка радостей""","г. Москва, ул. Тимура Фрунзе, д. 11, стр. 44",37.585860915341186,55.735052716136835,"ODEZHDA,BYTOVAJA_TEHNIKA,INOE",,1.0
18512,RC,"Контейнеры для вторсырья ГУП ""Экотехпром""","Москва, Бережковская набережная, 20А",37.552583,55.732836,"PLASTIK,STEKLO",,1.0
18513,RC,"Контейнеры для вторсырья ГУП ""Экотехпром""","Москва, Большая Дорогомиловская улица, 8А",37.566862,55.74565499999998,"PLASTIK,STEKLO",,0.0
18514,RC,"Контейнеры для вторсырья ГУП ""Экотехпром""","Москва, Малая Дорогомиловская ул., напротив д. 10А",37.564122999999995,55.74697300000001,"PLASTIK,STEKLO",,0.0
18515,RC,"Контейнеры для вторсырья ГУП ""Экотехпром""","Москва, Киевский причал, Бережковская набережная",37.57059,55.74262599999999,"PLASTIK,STEKLO",,0.0
18516,RC,"Контейнеры для вторсырья ГУП ""Экотехпром""","Москва, ул. Удальцова, 85А",37.491065000000006,55.682407999999995,"PLASTIK,STEKLO",,0.0
18518,RC,"Контейнеры для вторсырья ГУП ""Экотехпром""","Москва, ул. Ивана Франка, 12",37.443778,55.728618,"PLASTIK,STEKLO",,0.0
18522,RC,"Контейнеры для вторсырья ГУП ""Экотехпром""","Москва, ул. Красных Зорь, 47",37.42919499999999,55.72313399999999,"PLASTIK,STEKLO",,0.0
18523,RC,"Контейнеры для вторсырья ГУП ""Экотехпром""","Москва, ул. Герасима Курина, 44с2",37.46054,55.730737000000005,"PLASTIK,STEKLO",,0.0
18524,RC,"Контейнеры для вторсырья ГУП ""Экотехпром""","Москва, станция D4 ""Очаково""",37.44994299999999,55.683803999999995,"PLASTIK,STEKLO",,0.0
18526,RC,"Контейнеры для вторсырья ГУП ""Экотехпром""","Москва, станция метро ""Озерная""",37.450506,55.671662000000005,"PLASTIK,STEKLO",,1.0
18527,RC,"Контейнеры для вторсырья ГУП ""Экотехпром""","Москва, станция метро ""Озерная""",37.450252,55.67140899999999,"PLASTIK,STEKLO",,1.0
18529,RC,"Контейнеры для вторсырья ГУП ""Экотехпром""","Москва, ул. Удальцова, 8",37.516257,55.67412299999998,"PLASTIK,STEKLO",,0.0
18530,RC,"Контейнеры для вторсырья ГУП ""Экотехпром""","Москва, проспект Вернадского, 59",37.500446999999994,55.672112999999996,"PLASTIK,STEKLO",,0.0
18531,RC,"Контейнеры для вторсырья ГУП ""Экотехпром""","Москва, ул. Лукинская, 14к1",37.339551,55.648342999999976,"PLASTIK,STEKLO",,0.5
18532,RC,"Контейнеры для вторсырья ГУП ""Экотехпром""","Москва, ул. Лукинская, 18к1",37.336173,55.64610299999998,"PLASTIK,STEKLO",,0.0
18533,RC,"Контейнеры для вторсырья ГУП ""Экотехпром""","Москва, Новопеределкинская улица, 14к1",37.36615799999999,55.64282200000001,"PLASTIK,STEKLO",,0.5
18534,RC,"Контейнеры для вторсырья ГУП ""Экотехпром""","Москва, улица Богданова, 19",37.393541000000006,55.652354999999986,"PLASTIK,STEKLO",,0.0
18535,RC,"Контейнеры для вторсырья ГУП ""Экотехпром""","Москва, Мещерский проспект",37.410531999999996,55.675242000000004,"PLASTIK,STEKLO",,0.0
18536,RC,"Контейнеры для вторсырья ГУП ""Экотехпром""","Москва, ул. Богданова, 2к1",37.403399,55.656696999999994,"PLASTIK,STEKLO",,0.0
18537,RC,"Контейнеры для вторсырья ГУП ""Экотехпром""","Москва, ул. Попутная",37.388254,55.651561999999984,"PLASTIK,STEKLO",,0.0
18538,RC,"Контейнеры для вторсырья ГУП ""Экотехпром""","Москва, проспект Вернадского, 86Д",37.481157,55.65996699999998,"PLASTIK,STEKLO",,0.6
18540,RC,"Контейнеры для вторсырья ГУП ""Экотехпром""","Москва, станция метро ""Филёвский парк""",37.48381,55.73856299999997,"PLASTIK,STEKLO",,0.0
18541,RC,"Контейнеры для вторсырья ГУП ""Экотехпром""","Россия, Москва, Кастанаевская улица, 54",37.46812299999999,55.73445299999999,"PLASTIK,STEKLO",,0.6666666666666666
18543,RC,"Контейнеры для вторсырья ГУП ""Экотехпром""","Москва, ул. Инициативная, 1",37.462119,55.717245999999996,"PLASTIK,STEKLO",,0.5
18544,RC,"Контейнеры для вторсырья ГУП ""Экотехпром""","Москва, Университетская пл., Воробьевы горы",37.540232,55.70910599999999,"PLASTIK,STEKLO",,1.0
18545,RC,"Контейнеры для вторсырья ГУП ""Экотехпром""","Москва, Университетская пл., Воробьевы горы",37.541897999999996,55.708291,"PLASTIK,STEKLO",,1.0
18546,RC,"Контейнеры для вторсырья ГУП ""Экотехпром""","Москва, ул. Рассказовская, 20",37.305084,55.615714,"PLASTIK,STEKLO",,0.0
18547,RC,"Контейнеры для вторсырья ГУП ""Экотехпром""","Москва, Мичуринский Проспект, Олимпийская Деревня, 1к1",37.470763999999996,55.678363000000004,"PLASTIK,STEKLO",,0.0
18548,RC,"Контейнеры для вторсырья ГУП ""Экотехпром""","Москва, ул. Воронцовские пруды, 9",37.53096600000001,55.66451599999998,"PLASTIK,STEKLO",,0.0
18549,RC,"Контейнеры для вторсырья ГУП ""Экотехпром""","Москва, ул. Новаторов, 22А",37.525437,55.667142999999996,"PLASTIK,STEKLO",,0.0
18550,RC,"Контейнеры для вторсырья ГУП ""Экотехпром""","Россия, Москва, улица Шверника, 12/2к1",37.588175,55.69148799999999,"PLASTIK,STEKLO",,0.0
18551,RC,"Контейнеры для вторсырья ГУП ""Экотехпром""","Москва, ул. Академика Арцимовича, 6",37.51257,55.643399,"PLASTIK,STEKLO",,1.0
18552,RC,"Контейнеры для вторсырья ГУП ""Экотехпром""","Москва, ул. Каховка, 19к1",37.57872199999999,55.65385200000001,"PLASTIK,STEKLO",,0.5
18553,RC,"Контейнеры для вторсырья ГУП ""Экотехпром""","Москва, улица Скобелевская",37.555194,55.548974999999984,"PLASTIK,STEKLO",,0.0
18554,RC,"Контейнеры для вторсырья ГУП ""Экотехпром""","Москва, Севастопольский проспект, 51к2А",37.583349,55.666441999999996,"PLASTIK,STEKLO",,0.0
18556,RC,"Контейнеры для вторсырья ГУП ""Экотехпром""","Москва, Парк Южное Бутово, ул. Бунинская аллея, 7",37.515083,55.536334999999994,"PLASTIK,STEKLO",,0.0
18557,RC,"Контейнеры для вторсырья ГУП ""Экотехпром""","Москва, ул. Академика Варги, 26А",37.47466699999999,55.634761999999995,"PLASTIK,STEKLO",,0.0
18558,RC,"Контейнеры для вторсырья ГУП ""Экотехпром""","Москва, ул. Академика Виноградова, 12",37.488515,55.634474,"PLASTIK,STEKLO",,0.0
18559,RC,"Контейнеры для вторсырья ГУП ""Экотехпром""","Москва, ул. Адмирала Лазарева, 11",37.540789999999994,55.545247,"PLASTIK,STEKLO",,1.0
18561,RC,"Контейнеры для вторсырья ГУП ""Экотехпром""","Москва, проспект Вернадского, 7",37.536996,55.693397999999995,"PLASTIK,STEKLO",,0.0
18562,RC,"Контейнеры для вторсырья ГУП ""Экотехпром""","Москва, Чечёрский проезд",37.516206,55.52570499999999,"PLASTIK,STEKLO",,0.0
18563,RC,"Контейнеры для вторсырья ГУП ""Экотехпром""","Москва, ул. Адмирала Лазарева, 6",37.542351,55.546112,"PLASTIK,STEKLO",,1.0
18564,RC,"Контейнеры для вторсырья ГУП ""Экотехпром""","Москва, ул. Руднева, 16",37.518831,55.53920599999999,"PLASTIK,STEKLO",,0.0
18565,RC,"Контейнеры для вторсырья ГУП ""Экотехпром""","Москва, ул Остафьевская, 8",37.504457,55.530097,"PLASTIK,STEKLO",,0.0
18566,RC,"Контейнеры для вторсырья ГУП ""Экотехпром""","Москва, ул. Большая Юшуньская, 16",37.58916599999999,55.64665599999999,"PLASTIK,STEKLO",,0.0
18568,RC,"Контейнеры для вторсырья ГУП ""Экотехпром""","Москва, ул. Профсоюзная, 93к4",37.52779799999999,55.637666,"PLASTIK,STEKLO",,1.0
18569,RC,"Контейнеры для вторсырья ГУП ""Экотехпром""","Москва, ул. Профсоюзная, 156к5",37.495374999999996,55.618574999999986,"PLASTIK,STEKLO",,0.0
18570,RC,"Контейнеры для вторсырья ГУП ""Экотехпром""","Москва, Знаменские садки, 1А",37.574692,55.57262000000001,"PLASTIK,STEKLO",,1.0
18571,RC,"Контейнеры для вторсырья ГУП ""Экотехпром""","Москва, Знаменские садки, 11",37.56844999999999,55.57423799999999,"PLASTIK,STEKLO",,1.0
18572,RC,"Контейнеры для вторсырья ГУП ""Экотехпром""","Москва, ул. Академика Семенова, 21",37.50122,55.54052200000001,"PLASTIK,STEKLO",,1.0
18574,RC,"Контейнеры для вторсырья ГУП ""Экотехпром""","Москва, Парк Сосенки, Нахимовский проспект, 10",37.59519699999999,55.66717999999999,"PLASTIK,STEKLO",,1.0
18575,RC,"Контейнеры для вторсырья ГУП ""Экотехпром""","Москва, остановка ""Проезд Карамзина""",37.54585,55.58894999999998,"PLASTIK,STEKLO",,0.0
18576,RC,"Контейнеры для вторсырья ГУП ""Экотехпром""","Москва, Голубинская улица, 32к2",37.547174,55.59443400000001,"PLASTIK,STEKLO",,0.0
18577,RC,"Контейнеры для вторсырья ГУП ""Экотехпром""","Москва, ул. Рокотова, 5",37.551012,55.610774,"PLASTIK,STEKLO",,1.0
18578,RC,"Контейнеры для вторсырья ГУП ""Экотехпром""","Москва, ул. Гарибальди, 3А",37.534456,55.678079,"PLASTIK,STEKLO",,0.5
18580,RC,"Контейнеры для вторсырья ГУП ""Экотехпром""","Москва, ул. Крупской, 7",37.528668,55.682883999999994,"PLASTIK,STEKLO",,0.0
18581,RC,"Контейнеры для вторсырья ГУП ""Экотехпром""","Москва, Новоясеневский проспект, 27",37.55428799999999,55.60143399999998,"PLASTIK,STEKLO",,0.0
18583,RC,"Контейнеры для вторсырья ГУП ""Экотехпром""","Москва, ул. Профсоюзная, 109Вс2",37.5203,55.633551999999995,"PLASTIK,STEKLO",,0.0
18584,RC,"Контейнеры для вторсырья ГУП ""Экотехпром""","Москва, станция метро ""Университет""",37.53520699999999,55.69187899999999,"PLASTIK,STEKLO",,0.0
18585,RC,"Контейнеры для вторсырья ГУП ""Экотехпром""","Москва, ул. Горчакова",37.532523,55.54230499999998,"PLASTIK,STEKLO",,0.0
18592,RC,"Контейнер для сбора опасных отходов от компании ""Первый Экологический Сервис""","г. Красногорский район, Отрадненское сельское поселение, деревня Сабурово, улица Парковая, 5",37.266053,55.885156,"LAMPOCHKI,OPASNYE_OTHODY",,0.0
18595,RC,"Контейнер для сбора опасных отходов от компании ""Первый экологический сервис""","г. Химки, ул. Калинина, д. 7",37.44617254743241,55.88689877294337,"LAMPOCHKI,OPASNYE_OTHODY",,0.5
18597,RC,"Контейнер для сбора опасных отходов от компании ""Первый Экологический Сервис""","г. Королёв, Юбилейный, улица Соколова, 3",37.837507,55.93565199999999,"LAMPOCHKI,OPASNYE_OTHODY",,0.0
18600,RC,"Контейнер для сбора опасных отходов от компании ""Первый Экологический Сервис""","г. Люберцы, Куракинская ул., д. 6",37.89792570187563,55.67950491539648,"LAMPOCHKI,OPASNYE_OTHODY",,0.0
18601,RC,"Контейнер для сбора опасных отходов от компании ""Первый Экологический Сервис""","г. Люберцы, Октябрьский проспект, 375А",37.911528000000004,55.664228,"LAMPOCHKI,OPASNYE_OTHODY",,0.0
18602,RC,"Контейнер для сбора опасных отходов от компании ""Первый Экологический Сервис""","г. Люберцы, микрорайон Красная Горка, улица Воинов-Интернационалистов, 15",37.903246,55.694991999999985,"LAMPOCHKI,OPASNYE_OTHODY",,0.0
18603,RC,"Контейнер для сбора опасных отходов от компании ""Первый Экологический Сервис""","г. Люберцы, улица Урицкого, 6А",37.890211,55.70237299999998,"LAMPOCHKI,OPASNYE_OTHODY",,0.0
18604,RC,"Контейнер для сбора опасных отходов от компании ""Первый Экологический Сервис""","г. Люберцы, микрорайон Красная Горка, Красногорская улица, 22",37.885216,55.69040499999999,"LAMPOCHKI,OPASNYE_OTHODY",,0.0
18605,RC,"Контейнер для сбора опасных отходов от компании ""Первый Экологический Сервис""","г. Люберцы, Новая улица, 2",37.871293,55.693515,"LAMPOCHKI,OPASNYE_OTHODY",,1.0
18608,RC,"Контейнер для сбора опасных отходов от компании ""Первый экологический сервис""","г. Химки, Юбилейный пр-кт, д. 1А",37.425974230276495,55.886459697128196,"LAMPOCHKI,OPASNYE_OTHODY",,0.0
18611,RC,"Контейнер для сбора опасных отходов от компании ""Первый Экологический Сервис""","г. Долгопрудный, площадь Собина, 3",37.51403299999999,55.93417999999999,"LAMPOCHKI,OPASNYE_OTHODY",,1.0
18618,RC,"Контейнер для сбора опасных отходов от компании ""Первый Экологический Сервис""","г. Мытищи, улица Комарова, 2к2",37.746148,55.91883199999999,"LAMPOCHKI,OPASNYE_OTHODY",,0.0
18619,RC,"Контейнер для сбора опасных отходов от компании ""Первый Экологический Сервис""","г. Мытищи, Октябрьский проспект, 6А",37.738531,55.900804,"LAMPOCHKI,OPASNYE_OTHODY",,0.0
18620,RC,"Контейнер для сбора опасных отходов от компании ""Первый Экологический Сервис""","г. Мытищи, Октябрьский проспект, 16",37.736087,55.89931,"LAMPOCHKI,OPASNYE_OTHODY",,0.0
18625,RC,"Контейнер для сбора опасных отходов от компании ""Первый Экологический Сервис""","г. Королёв, улица Суворова, 16",37.848296,55.92011899999999,"LAMPOCHKI,OPASNYE_OTHODY",,0.0
18626,RC,"Контейнер для сбора опасных отходов от компании ""Первый Экологический Сервис""","г. Королёв, улица Горького, 29",37.862731999999994,55.91384800000001,"LAMPOCHKI,OPASNYE_OTHODY",,1.0
18627,RC,"Контейнер для сбора опасных отходов от компании ""Первый Экологический Сервис""","г. Королёв, микрорайон Юбилейный, улица Маяковского, 15",37.85495199999999,55.93010499999998,"LAMPOCHKI,OPASNYE_OTHODY",,0.0
18628,RC,"Контейнер для сбора опасных отходов от компании ""Первый Экологический Сервис""","г. Королёв, микрорайон Юбилейный, Лесная улица, 7",37.837714,55.93511800000002,"LAMPOCHKI,OPASNYE_OTHODY",,0.0
18648,RC,"Контейнер для сбора опасных отходов от компании ""Первый Экологический Сервис""","г. Красногорск, Центральный проезд, 2",37.31961,55.83492699999999,"LAMPOCHKI,OPASNYE_OTHODY",,1.0
18655,RC,Контейнер для сбора опасных отходов «Первый Экологический Сервис»,"г. Балашиха, микрорайон Дзержинского, 27",37.90059599999999,55.77964099999999,"LAMPOCHKI,BATAREJKI,OPASNYE_OTHODY",,0.0
18656,RC,"Контейнер для сбора опасных отходов от компании ""Первый Экологический Сервис""","г. Химки, Ленинский проспект, 16",37.46649399999999,55.903842000000004,"LAMPOCHKI,OPASNYE_OTHODY",,0.0
18657,RC,"Контейнер для сбора опасных отходов от компании ""Первый Экологический Сервис""","г. Химки, ул. 9 Мая, д. 12Б",37.41320742074373,55.903728884295866,"LAMPOCHKI,BATAREJKI,OPASNYE_OTHODY",,0.0
18659,RC,"Контейнер для сбора опасных отходов от компании ""Первый Экологический Сервис""","г. городской округ Красногорск, поселок Отрадное, квартал Микрогород в лесу, Кленовая улица, 3",37.32354699999999,55.87065700000001,"LAMPOCHKI,OPASNYE_OTHODY",,0.0
18660,RC,"Контейнер для сбора опасных отходов от компании ""Первый Экологический Сервис""","г. городской округ Красногорск, поселок Отрадное, квартал Микрогород в лесу, Кленовая улица, 3",37.325047,55.871189,"LAMPOCHKI,OPASNYE_OTHODY",,0.0
18661,RC,"Контейнер для сбора опасных отходов от компании ""Первый Экологический Сервис""","г.Москва, улица Руднёвка, 27",37.88989699999999,55.716736999999995,"LAMPOCHKI,OPASNYE_OTHODY",,0.0
18663,RC,"Контейнер для сбора опасных отходов от компании ""Первый Экологический Сервис""","г. Мытищи, проспект Астрахова, 2",37.72251399999999,55.925716999999985,"LAMPOCHKI,OPASNYE_OTHODY",,1.0
18664,RC,"Контейнер для сбора опасных отходов от компании ""Первый Экологический Сервис""","г. Мытищи, проспект Астрахова, 6",37.72522599999999,55.926741,"LAMPOCHKI,OPASNYE_OTHODY",,1.0
18668,RC,"Контейнер для сбора опасных отходов от компании ""Первый Экологический Сервис""","г. Люберцы, посёлок ВУГИ, 26",37.92836199999999,55.66176000000001,"LAMPOCHKI,OPASNYE_OTHODY",,0.0
18669,RC,"Контейнер для сбора опасных отходов от компании ""Первый Экологический Сервис""","г.Москва, улица Руднёвка, 4",37.888037,55.715839,"LAMPOCHKI,OPASNYE_OTHODY",,0.0
18670,RC,"Контейнер для сбора опасных отходов от компании ""Первый Экологический Сервис""","г.Москва, Лухмановская улица, 34",37.907531,55.72276099999999,"LAMPOCHKI,OPASNYE_OTHODY",,1.0
18672,RC,"Контейнер для сбора опасных отходов от компании ""Первый Экологический Сервис""","г. Химки, Озёрная улица, 2",37.445347,55.922792,"LAMPOCHKI,OPASNYE_OTHODY",,0.0
18673,RC,"Контейнер для сбора опасных отходов от компании ""Первый Экологический Сервис""","г. Мытищи, 2-я Институтская улица, 14",37.789393,55.930074999999995,"LAMPOCHKI,OPASNYE_OTHODY",,0.0
18674,RC,"Контейнер для сбора опасных отходов от компании ""Первый Экологический Сервис""","г. Мытищи, 2-я Институтская улица, 26А",37.798412,55.929373999999996,"LAMPOCHKI,OPASNYE_OTHODY",,0.0
18675,RC,"Контейнер для сбора опасных отходов от компании ""Первый Экологический Сервис""","г. Мытищи, улица Академика Каргина, 42",37.78723699999999,55.915820999999994,"LAMPOCHKI,OPASNYE_OTHODY",,0.0
18690,RC,"Контейнер для приема опасных отходов в магазине ""Lemana Pro""","Москва, проспект Лихачева, 15",37.646025,55.69945200000001,"ODEZHDA,LAMPOCHKI,BATAREJKI,OPASNYE_OTHODY",,1.0
18716,RC,"Экоцентр ""Сборка"" на Чистых прудах","г. Москва, Потаповский пер., д. 5, стр. 2",37.64019141011974,55.76176744534498,"BUMAGA,PLASTIK,STEKLO,METALL,TETRA_PAK,ODEZHDA,KRYSHECHKI,BYTOVAJA_TEHNIKA,BATAREJKI,INOE",,0.9642857142857143
18730,RC,"Контейнеры для вторсырья ГУП ""Экотехпром""","Москва, ул. Стартовая, 9к1",37.70105499999999,55.887316,"PLASTIK,STEKLO",,0.0
18731,RC,"Контейнеры для вторсырья ГУП ""Экотехпром""","Москва, ул. Стартовая, 4с2",37.701231,55.88935700000001,"PLASTIK,STEKLO",,0.0
18732,RC,"Контейнеры для вторсырья ГУП ""Экотехпром""","Москва, ул. Осташковская, 23",37.675472,55.88258999999999,"PLASTIK,STEKLO",,0.0
18733,RC,"Контейнеры для вторсырья ГУП ""Экотехпром""","Москва, Лазоревый пр-д, 12",37.631704,55.85001599999999,"PLASTIK,STEKLO",,0.0
18734,RC,"Контейнеры для вторсырья ГУП ""Экотехпром""","Москва, Лазоревый пр-д, 20",37.634671,55.852616999999995,"PLASTIK,STEKLO",,1.0
18736,RC,"Контейнеры для вторсырья ГУП ""Экотехпром""","Москва, ул. Дудинка, 3",37.68774899999999,55.862460999999996,"PLASTIK,STEKLO",,0.0
18738,RC,"Контейнеры для вторсырья ГУП ""Экотехпром""","Москва, ул. Мелиховская, 4А",37.604924999999994,55.898270000000004,"PLASTIK,STEKLO",,0.0
18739,RC,"Контейнеры для вторсырья ГУП ""Экотехпром""","Москва, Извилистый проезд, 11А",37.668761,55.879720999999996,"PLASTIK,STEKLO",,0.0
18740,RC,"Контейнеры для вторсырья ГУП ""Экотехпром""","Москва, Олонецкий проезд, 18",37.661331,55.87734100000001,"PLASTIK,STEKLO",,0.0
18741,RC,"Контейнеры для вторсырья ГУП ""Экотехпром""","Москва, ул. Хачатуряна, 12к1",37.595091999999994,55.85672499999999,"PLASTIK,STEKLO",,0.0
18742,RC,"Контейнеры для вторсырья ГУП ""Экотехпром""","Москва, пр-т Мира, 109",37.638069,55.818616000000006,"PLASTIK,STEKLO",,1.0
18744,RC,"Контейнеры для вторсырья ГУП ""Экотехпром""","Москва, ул. Яблочкова, 1",37.582017,55.813273,"PLASTIK,STEKLO",,0.0
18745,RC,"Контейнеры для вторсырья ГУП ""Экотехпром""","Москва, 2-й Стерлецкий пр-д, 10с1",37.606629,55.79784499999999,"PLASTIK,STEKLO",,1.0
18746,RC,"Контейнеры для вторсырья ГУП ""Экотехпром""","Россия, Москва, 4-й Стрелецкий проезд",37.603345,55.79754999999999,"PLASTIK,STEKLO",,1.0
18747,RC,"Контейнеры для вторсырья ГУП ""Экотехпром""","Москва, ул. Мелиховская, 3",37.60769200000001,55.90176199999999,"PLASTIK,STEKLO",,0.0
18748,RC,"Контейнеры для вторсырья ГУП ""Экотехпром""","Москва, ул. Белозерская, 1Ас2",37.606962,55.90049500000001,"PLASTIK,STEKLO",,0.0
18749,RC,"Контейнеры для вторсырья ГУП ""Экотехпром""","Москва, ул. Академика Королева, 10",37.61945999999999,55.82274199999998,"PLASTIK,STEKLO",,0.0
18750,RC,"Контейнеры для вторсырья ГУП ""Экотехпром""","Москва, ул. Дубовой рощи, вл. 7",37.60246,55.81717799999999,"PLASTIK,STEKLO",,0.0
18751,RC,"Контейнеры для вторсырья ГУП ""Экотехпром""","Москва, ул. Дубовой рощи, 25А",37.606205,55.818094,"PLASTIK,STEKLO",,0.0
18752,RC,"Контейнеры для вторсырья ГУП ""Экотехпром""","Москва, Чукотский пр-д, 12/2",37.64891,55.86543699999999,"PLASTIK,STEKLO",,1.0
18753,RC,"Контейнеры для вторсырья ГУП ""Экотехпром""","Москва, Чукотский пр-д, 4",37.650998,55.868147,"PLASTIK,STEKLO",,1.0
18754,RC,"Контейнеры для вторсырья ГУП ""Экотехпром""","Москва, ул. Санникова, 1",37.59587499999999,55.85906700000001,"PLASTIK,STEKLO",,0.0
18755,RC,"Контейнеры для вторсырья ГУП ""Экотехпром""","Москва, ул. Хачатуряна, 16",37.603139,55.861203,"PLASTIK,STEKLO",,0.0
18756,RC,"Контейнеры для вторсырья ГУП ""Экотехпром""","Москва, ул. Белозерская, 11Г",37.613647,55.897665,"PLASTIK,STEKLO",,0.0
18758,RC,"Контейнеры для вторсырья ГУП ""Экотехпром""","Москва, Тенистый пр-д, 2к1",37.634556,55.858264999999996,"PLASTIK,STEKLO",,1.0
18759,RC,"Контейнеры для вторсырья ГУП ""Экотехпром""","Москва, Тенистый пр-д, у стадиона ""Свиблово""",37.637566,55.86031500000001,"PLASTIK,STEKLO",,0.0
18760,RC,"Контейнеры для вторсырья ГУП ""Экотехпром""","Москва, 1-я улица Леонова, 1с1",37.645596999999995,55.841896000000006,"PLASTIK,STEKLO",,1.0
18761,RC,"Контейнеры для вторсырья ГУП ""Экотехпром""","Москва, ул. Бажова, 26",37.665613,55.83717499999998,"PLASTIK,STEKLO",,0.0
18762,RC,"Контейнеры для вторсырья ГУП ""Экотехпром""","Москва, пр-т Мира, 161",37.654067,55.835033000000024,"PLASTIK,STEKLO",,0.0
18763,RC,"Контейнеры для вторсырья ГУП ""Экотехпром""","Москва, ул. Докукина, 11с2",37.650286,55.83806699999999,"PLASTIK,STEKLO",,0.0
18764,RC,"Контейнеры для вторсырья ГУП ""Экотехпром""","Москва, Юрловский пр-д, 11",37.6247,55.867278,"PLASTIK,STEKLO",,0.0
18765,RC,"Контейнеры для вторсырья ГУП ""Экотехпром""","Москва, Сельскохозяйственная, 64с10",37.631005,55.85716399999999,"PLASTIK,STEKLO",,0.0
18768,RC,"Контейнеры для вторсырья ГУП ""Экотехпром""","Москва, ул. Ярославская, 8к1",37.64737600000001,55.818118,"PLASTIK,STEKLO",,1.0
18769,RC,"Контейнеры для вторсырья ГУП ""Экотехпром""","Москва, ул. Ярославская, 10",37.647556,55.81884600000001,"PLASTIK,STEKLO",,0.0
18771,RC,"Контейнеры для вторсырья ГУП ""Экотехпром""","Москва, ул. Санникова, 17",37.599524,55.862894999999995,"PLASTIK,STEKLO",,0.0
18772,RC,"Контейнеры для вторсырья ГУП ""Экотехпром""","Москва, станция метро ""Алтуфьевское шоссе""",37.587789,55.89716399999999,"PLASTIK,STEKLO",,1.0
18773,RC,"Контейнеры для вторсырья ГУП ""Экотехпром""","Москва, станция метро ""Бибирево""",37.6044,55.88544000000002,"PLASTIK,STEKLO",,0.0
18774,RC,"Контейнеры для вторсырья ГУП ""Экотехпром""","Москва, станция метро ""Ботанический сад""",37.639648,55.84606,"PLASTIK,STEKLO",,0.0
18775,RC,"Контейнеры для вторсырья ГУП ""Экотехпром""","Москва, ул. Цандера, 14",37.630812,55.82048799999997,"PLASTIK,STEKLO",,0.0
18776,RC,"Контейнеры для вторсырья ГУП ""Экотехпром""","Москва, Сигнальный пр-зд, 6А",37.59001,55.848326,"PLASTIK,STEKLO",,0.0
18777,RC,"Контейнеры для вторсырья ГУП ""Экотехпром""","Москва, ул. Широкая, 14к1",37.661713,55.88661799999999,"PLASTIK,STEKLO",,0.0
18778,RC,"Контейнеры для вторсырья ГУП ""Экотехпром""","Москва, ул. Широкая, 11",37.661964,55.888132999999996,"PLASTIK,STEKLO",,1.0
18780,RC,"Контейнеры для вторсырья ГУП ""Экотехпром""","Москва, ул. Менжинского, 36",37.665229,55.87068300000001,"PLASTIK,STEKLO",,0.0
18782,RC,"Контейнеры для вторсырья ГУП ""Экотехпром""","Москва, ул. Амудсена, 16",37.65484899999999,55.855602999999995,"PLASTIK,STEKLO",,0.0
18783,RC,"Контейнеры для вторсырья ГУП ""Экотехпром""","Москва, Бескудниковский бульвар, 6к3",37.562182,55.85826300000002,"PLASTIK,STEKLO",,0.0
18784,RC,"Контейнеры для вторсырья ГУП ""Экотехпром""","Москва, Бескудниковский бульвар, 33с2",37.549909,55.873655000000014,"PLASTIK,STEKLO",,0.0
18785,RC,"Контейнеры для вторсырья ГУП ""Экотехпром""","Москва, ул. Селигерская, 26",37.548628,55.868411999999985,"PLASTIK,STEKLO",,0.0
18786,RC,"Контейнеры для вторсырья ГУП ""Экотехпром""","Москва, Дмитровское шоссе, 82",37.548559999999995,55.865385,"PLASTIK,STEKLO",,0.5
18787,RC,"Контейнеры для вторсырья ГУП ""Экотехпром""","Москва, 4-й Новоподмосковный пер., парк им. Воровского",37.504093,55.820313999999996,"PLASTIK,STEKLO",,0.0
18789,RC,"Контейнеры для вторсырья ГУП ""Экотехпром""","Москва, Керамический проезд, 67к2",37.563453,55.888764,"PLASTIK,STEKLO",,0.0
18790,RC,"Контейнеры для вторсырья ГУП ""Экотехпром""","Москва, ул. Дубнинская, 12бс1",37.57218699999999,55.86456499999999,"PLASTIK,STEKLO",,0.0
18792,RC,"Контейнеры для вторсырья ГУП ""Экотехпром""","Москвва, Нарвская ул.,18",37.503389,55.842023999999995,"PLASTIK,STEKLO",,0.0
18793,RC,"Контейнеры для вторсырья ГУП ""Экотехпром""","Москва, Онежская улица, 2А",37.521594,55.843613,"PLASTIK,STEKLO",,0.0
18794,RC,"Контейнеры для вторсырья ГУП ""Экотехпром""","Москва, Лихоборская наб., 6",37.52488,55.853127999999984,"PLASTIK,STEKLO",,0.0
18795,RC,"Контейнеры для вторсырья ГУП ""Экотехпром""","Москва, Кронштадский б-р, 35Ас12",37.503177,55.844563999999984,"PLASTIK,STEKLO",,1.0
18796,RC,"Контейнеры для вторсырья ГУП ""Экотехпром""","Москва, Кронштадский б-р, 37к1",37.50740499999999,55.848751,"PLASTIK,STEKLO",,0.0
18797,RC,"Контейнеры для вторсырья ГУП ""Экотехпром""","Москва, Базовская ул., 15к6",37.510475,55.87983299999999,"PLASTIK,STEKLO",,0.0
18798,RC,"Контейнеры для вторсырья ГУП ""Экотехпром""","Москва, Базовская ул., 15к7",37.50851099999999,55.87848999999999,"PLASTIK,STEKLO",,0.0
18799,RC,"Контейнеры для вторсырья ГУП ""Экотехпром""","Москва, Базовская ул., 15к15",37.505705,55.87640999999998,"PLASTIK,STEKLO",,0.0
18801,RC,"Контейнеры для вторсырья ГУП ""Экотехпром""","Москва, Прибрежный пр-д, 7",37.463296,55.87438299999997,"PLASTIK,STEKLO",,0.0
18802,RC,"Контейнеры для вторсырья ГУП ""Экотехпром""","Москва, Беломорская ул., 16с2",37.47245499999999,55.86182199999998,"PLASTIK,STEKLO",,1.0
18803,RC,"Контейнеры для вторсырья ГУП ""Экотехпром""","Москва, ул. Софьи Ковалевской, 1",37.53298,55.880295000000004,"PLASTIK,STEKLO",,0.0
18804,RC,"Контейнеры для вторсырья ГУП ""Экотехпром""","Москва, Коровинское ш., 21к1",37.525108,55.876937999999974,"PLASTIK,STEKLO",,1.0
18805,RC,"Контейнеры для вторсырья ГУП ""Экотехпром""","Москва, Лобненская ул., 11",37.531877,55.889132000000004,"PLASTIK,STEKLO",,1.0
18806,RC,"Контейнеры для вторсырья ГУП ""Экотехпром""","Москва, Лобненская ул., 13а",37.53408,55.88905699999999,"PLASTIK,STEKLO",,0.0
18807,RC,"Контейнеры для вторсырья ГУП ""Экотехпром""","Москва, Коровинское ш., 36к1",37.517781,55.88716099999999,"PLASTIK,STEKLO",,0.0
18808,RC,"Контейнеры для вторсырья ГУП ""Экотехпром""","Москва, Коровинское ш., 36А",37.518541,55.887817,"PLASTIK,STEKLO",,0.0
18809,RC,"Контейнеры для вторсырья ГУП ""Экотехпром""","Москва, Карельский бульвар, 22",37.537087,55.89675499999999,"PLASTIK,STEKLO",,1.0
18810,RC,"Контейнеры для вторсырья ГУП ""Экотехпром""","Москва, Песчаная ул., 12",37.513543,55.801801000000005,"PLASTIK,STEKLO",,1.0
18811,RC,"Контейнеры для вторсырья ГУП ""Экотехпром""","Москва, Новопесчаная ул., 12",37.514058,55.798644999999986,"PLASTIK,STEKLO",,0.5
18812,RC,"Контейнеры для вторсырья ГУП ""Экотехпром""","Москва, Северный административный округ, район Ховрино",37.491181,55.85917799999998,"PLASTIK,STEKLO",,0.0
18813,RC,"Контейнеры для вторсырья ГУП ""Экотехпром""","Москва, Зеленоградская, 18А",37.50614100000001,55.869232,"PLASTIK,STEKLO",,0.0
18814,RC,"Контейнеры для вторсырья ГУП ""Экотехпром""","Москва, 3-я Песчаная, 2А",37.513522,55.792443000000006,"PLASTIK,STEKLO",,0.0
18815,RC,"Контейнеры для вторсырья ГУП ""Экотехпром""","Москва, ул. Острякова, 9",37.522866,55.79968400000001,"PLASTIK,STEKLO",,0.0
18816,RC,"Контейнеры для вторсырья ГУП ""Экотехпром""","Москва, Ленинградский проспект, метро Аэропорт",37.530068,55.80058199999999,"PLASTIK,STEKLO",,1.0
18818,RC,"Контейнеры для вторсырья ГУП ""Экотехпром""","Москва, Хорошовское ш., 35Ас1",37.52103999999999,55.77741300000002,"PLASTIK,STEKLO",,0.0
18819,RC,"Контейнеры для вторсырья ГУП ""Экотехпром""","Москва, проезд Берёзовой Рощи, вл3",37.520227999999996,55.784933,"PLASTIK,STEKLO",,1.0
18856,RC,Пункт приема отработанных ртутьсодержащих ламп № 1,"Россия, Москва, Проточный переулок, 9",37.58007599999999,55.750224999999986,LAMPOCHKI,,0.0
18857,RC,Пункт приема отработанных ртутьсодержащих ламп № 3,"город Москва, Малый Николопесковский переулок, дом 9/1, строение 1",37.591711,55.75102,LAMPOCHKI,,0.0
18858,RC,Пункт приема отработанных ртутьсодержащих ламп № 5,"город Москва, улица Солянка, дом 1/2, строение 2",37.638848,55.75429700000001,LAMPOCHKI,,1.0
18859,RC,Пункт приема отработанных ртутьсодержащих ламп № 6,"город Москва, Хохловский переулок, дом 3, строение 1",37.641083,55.75538400000001,LAMPOCHKI,,0.0
18860,RC,Пункт приема отработанных ртутьсодержащих ламп № 7,"г. Москва, Мясницкая ул., д. 24/7, стр. 3",37.63625218650707,55.76317187329622,"LAMPOCHKI,BATAREJKI",,0.3333333333333333
18861,RC,Пункт приема отработанных ртутьсодержащих ламп № 8,"город Москва, Чистопрудный бульвар, дом 14, строение 1",37.64376699999999,55.760210999999984,LAMPOCHKI,,0.0
18862,RC,Пункт приема отработанных ртутьсодержащих ламп № 9,"г. Москва, Чистопрудный б-р, д. 11, с. 2",37.644799748764996,55.76268967612334,LAMPOCHKI,,0.0
18863,RC,Пункт приема отработанных ртутьсодержащих ламп № 10,"город Москва, переулок Огородная Слобода, дом 14",37.643918,55.76601600000001,LAMPOCHKI,,0.0
18864,RC,Пункт приема отработанных ртутьсодержащих ламп № 11,"город Москва, улица Машкова, дом 9, строение 1",37.650983,55.763869,LAMPOCHKI,,1.0
18865,RC,Пункт приема отработанных ртутьсодержащих ламп № 12,"город Москва, Хомутовский тупик, дом 6, строение 3",37.655691,55.765877999999994,LAMPOCHKI,,0.0
18866,RC,Пункт приема отработанных ртутьсодержащих ламп № 14,"город Москва, улица Земляной Вал, дом 23, строение 1",37.658221,55.75996799999998,LAMPOCHKI,,0.0
18867,RC,Пункт приема отработанных ртутьсодержащих ламп № 15,"город Москва, Доброслободская улица, дом 15/17",37.675055,55.766924999999986,LAMPOCHKI,,0.0
18868,RC,Пункт приема отработанных ламп № 17,"г. Москва, Бауманская ул., д. 43, стр. 2",37.68010399140073,55.77060592989756,LAMPOCHKI,,0.0
18869,RC,Пункт приема отработанных ртутьсодержащих ламп № 18,"город Москва, Центросоюзный переулок, дом 6, строение 3",37.685994,55.779115000000004,LAMPOCHKI,,0.0
18870,RC,Пункт приема отработанных ртутьсодержащих ламп № 19,"город Москва, Бакунинская улица, дом 10-12, строение 1",37.681205,55.77339000000001,LAMPOCHKI,,0.0
18871,RC,Пункт приема отработанных ртутьсодержащих ламп № 20,"город Москва, Большая Почтовая улица, дом 18/20, корпус 4",37.69436799999999,55.775845,LAMPOCHKI,,0.0
18872,RC,Пункт приема отработанных ртутьсодержащих ламп № 21,"город Москва, улица Госпитальный Вал, дом 5, корпус 18",37.70609799999999,55.77445999999999,LAMPOCHKI,,0.0
18873,RC,Пункт приема отработанных ртутьсодержащих ламп № 22,"город Москва, Семёновская набережная, дом 2/1, корпус 2",37.706793,55.777742000000025,LAMPOCHKI,,0.0
18874,RC,Пункт приема отработанных ртутьсодержащих ламп № 23,"город Москва, улица Земляной Вал, дом 10",37.656605,55.76196299999998,LAMPOCHKI,,1.0
18875,RC,Пункт приема отработанных ртутьсодержащих ламп № 24,"город Москва, Подсосенский переулок, дом 14, строение 2",37.650313999999995,55.75746199999997,LAMPOCHKI,,1.0
18876,RC,Пункт приема отработанных ртутьсодержащих ламп № 25,"город Москва, улица Госпитальный Вал, дом 5, строение 2",37.709363999999994,55.77356399999998,LAMPOCHKI,,0.0
18877,RC,Пункт приема отработанных ртутьсодержащих ламп № 28,"город Москва, Большая Серпуховская улица, дом 40, строение 2",37.62563,55.723014000000006,LAMPOCHKI,,0.0
18878,RC,Пункт приема отработанных ртутьсодержащих ламп № 29,"город Москва, Садовническая улица, дом 51, строение 1",37.639976,55.742847999999995,LAMPOCHKI,,0.0
18879,RC,Пункт приема отработанных ртутьсодержащих ламп № 30,"город Москва, Большая Татарская улица, дом 25-27, строение 1",37.63458599999999,55.73901699999999,LAMPOCHKI,,0.0
18880,RC,Пункт приема отработанных ртутьсодержащих ламп № 31,"город Москва, Большой Овчинниковский переулок, дом 17",37.630328,55.74339599999999,LAMPOCHKI,,0.0
18881,RC,Пункт приема отработанных ртутьсодержащих ламп № 32,"город Москва, Пятницкая улица, дом 43, строение 1",37.62849599999999,55.73749699999998,LAMPOCHKI,,0.0
18882,RC,Пункт приема отработанных ртутьсодержащих ламп № 33,"город Москва, 3-й Монетчиковский переулок, дом 10/1",37.629071,55.732082999999996,LAMPOCHKI,,0.0
18883,RC,Пункт приема отработанных ртутьсодержащих ламп № 34,"город Москва, Большая Пионерская улица, дом 28",37.63378699999999,55.72650699999999,LAMPOCHKI,,0.0
18884,RC,Пункт приема отработанных ртутьсодержащих ламп № 35,"город Москва, 1-й Щипковский переулок, дом 11/13",37.631657999999995,55.722918,LAMPOCHKI,,1.0
18885,RC,Пункт приема отработанных ртутьсодержащих ламп № 38,"город Москва, Докучаев переулок, дом 11",37.643624,55.77450699999999,LAMPOCHKI,,0.0
18886,RC,Пункт приема отработанных ртутьсодержащих ламп № 39,"город Москва, 1-й Коптельский переулок, дом 26, строение 1",37.639177,55.776168,LAMPOCHKI,,0.0
18887,RC,Пункт приема отработанных ртутьсодержащих ламп № 41,"город Москва, Новорязанская улица, дом 16/11, строение 1",37.660476,55.772213,LAMPOCHKI,,0.0
18888,RC,Пункт приема отработанных ртутьсодержащих ламп № 42,"город Москва, 4-й Красносельский переулок, дом 5",37.656667,55.784805000000006,LAMPOCHKI,,0.0
18889,RC,Пункт приема отработанных ртутьсодержащих ламп № 43,"город Москва, Русаковская улица, дом 5",37.67006099999999,55.782719,LAMPOCHKI,,0.0
18890,RC,Пункт приема отработанных ртутьсодержащих ламп № 44,"город Москва, Большой Сергиевский переулок, дом 9",37.62713,55.768441,LAMPOCHKI,,0.0
18891,RC,Пункт приема отработанных ртутьсодержащих ламп № 45,"город Москва, Последний переулок, дом 25, корпус 2",37.63051699999999,55.770269,LAMPOCHKI,,0.0
18892,RC,Пункт приема отработанных ртутьсодержащих ламп № 46,"город Москва, Мещанская улица, дом 8",37.62778599999999,55.77565599999999,LAMPOCHKI,,1.0
18893,RC,Пункт приема отработанных ртутьсодержащих ламп № 49,"город Москва, Банный переулок, дом 8",37.639626,55.78506800000001,LAMPOCHKI,,0.0
18894,RC,Пункт приема отработанных ртутьсодержащих ламп № 50,"г. Москва, пр-кт Мира, д. 74, стр. 1",37.63546974603195,55.78920332177079,LAMPOCHKI,,0.0
18895,RC,Пункт приема отработанных ртутьсодержащих ламп № 52,"город Москва, улица Красина, дом 7, строение 3",37.5876,55.766724,LAMPOCHKI,,0.0
18896,RC,Пункт приема отработанных ртутьсодержащих ламп № 53,"город Москва, улица Климашкина, дом 12",37.573977,55.767944,LAMPOCHKI,,0.0
18897,RC,Пункт приема отработанных ртутьсодержащих ламп № 54,"город Москва, Столярный переулок, дом 18",37.565245,55.76419699999999,LAMPOCHKI,,0.0
18898,RC,Пункт приема отработанных ртутьсодержащих ламп № 55,"город Москва, улица Грузинский Вал, дом 26, строение 1",37.581613,55.77446699999999,LAMPOCHKI,,0.0
18899,RC,Пункт приема отработанных ртутьсодержащих ламп № 58,"город Москва, Брюсов переулок, дом 1Б, строение 1",37.604797999999995,55.757332999999996,LAMPOCHKI,,0.5714285714285714
18900,RC,Пункт приема отработанных ртутьсодержащих ламп № 59,"г. Москва, Большой Козихинский пер., д. 27, стр. 1",37.594387,55.76497699999999,LAMPOCHKI,,0.0
18901,RC,Пункт приема отработанных ртутьсодержащих ламп № 60,"г. Москва, Большой Козихинский пер., д. 8",37.59788410185407,55.762625235888244,"TETRA_PAK,LAMPOCHKI,KRYSHECHKI,SHINY",,0.0
18902,RC,Пункт приема отработанных ртутьсодержащих ламп № 63,"г. Москва, Шмитовский пр-д, д. 8",37.553222951094284,55.75940928958067,LAMPOCHKI,,0.0
18903,RC,Пункт приема отработанных ртутьсодержащих ламп № 66,"город Москва, Шелепихинское шоссе, дом 11, корпус 1",37.52174,55.75748499999998,LAMPOCHKI,,0.0
18904,RC,Пункт приема отработанных ртутьсодержащих ламп № 69,"г. Москва, ул. Воронцово Поле, д. 2",37.64781536441714,55.752957547966744,LAMPOCHKI,,0.0
18905,RC,Пункт приема отработанных ртутьсодержащих ламп № 70,"г. Москва, 2-я Дубровская ул., д. 4",37.67053079629761,55.72831989455206,LAMPOCHKI,,0.0
18906,RC,Пункт приема отработанных ртутьсодержащих ламп № 71,"город Москва, Марксистская улица, дом 9",37.668155999999996,55.73480500000001,LAMPOCHKI,,0.0
18907,RC,Пункт приема отработанных ртутьсодержащих ламп № 72,"город Москва, Котельническая набережная, дом 25, корпус 2",37.64613,55.742727000000016,LAMPOCHKI,,0.0
18908,RC,Пункт приема отработанных ртутьсодержащих ламп № 73,"город Москва, Ковров переулок, дом 4, корпус 1",37.68096,55.73980000000002,LAMPOCHKI,,1.0
18909,RC,Пункт приема отработанных ртутьсодержащих ламп № 75,"город Москва, Нижегородская улица, дом 6",37.678361,55.73796299999999,LAMPOCHKI,,0.0
18910,RC,Пункт приема отработанных ртутьсодержащих ламп № 76,"город Москва, Большой Факельный переулок, дом 3",37.664285,55.742000000000004,LAMPOCHKI,,0.0
18911,RC,Пункт приема отработанных ртутьсодержащих ламп № 77,"город Москва, улица Сергия Радонежского, дом 10, корпус 1",37.676852,55.746435999999996,LAMPOCHKI,,0.0
18912,RC,Пункт приема отработанных ртутьсодержащих ламп № 78,"город Москва, Рабочая улица, дом 16",37.68376899999999,55.74314699999999,LAMPOCHKI,,0.0
18913,RC,Пункт приема отработанных ртутьсодержащих ламп № 79,"город Москва, Николоямский переулок, дом 4-6, строение 3",37.66095,55.74845,LAMPOCHKI,,1.0
18914,RC,Пункт приема отработанных ртутьсодержащих ламп № 80,"город Москва, Иерусалимская улица, дом 8",37.67623,55.74203,LAMPOCHKI,,0.0
18915,RC,Пункт приема отработанных ртутьсодержащих ламп № 86,"город Москва, 2-й Колобовский переулок, дом 9/2, строение 5",37.617009262786915,55.76951177368083,LAMPOCHKI,,1.0
18916,RC,Пункт приема отработанных ртутьсодержащих ламп № 88,"город Москва, 2-й Самотёчный переулок, дом 1/23, строение 1",37.616701,55.77734800000001,LAMPOCHKI,,0.0
18917,RC,Пункт приема отработанных ртутьсодержащих ламп № 90,"город Москва, Горлов тупик, дом 11, строение 1",37.591836,55.78521,LAMPOCHKI,,0.0
18918,RC,Пункт приема отработанных ртутьсодержащих ламп № 92,"город Москва, Фрунзенская набережная, дом 44, строение 2",37.582242,55.719646999999995,LAMPOCHKI,,0.0
18920,RC,Пункт приема отработанных ртутьсодержащих ламп № 94,"город Москва, Сеченовский переулок, дом 5",37.595968,55.740776000000004,LAMPOCHKI,,0.0
18921,RC,Пункт приема отработанных ртутьсодержащих ламп № 96,"город Москва, Смоленский бульвар, дом 17, строение 1",37.58361599999999,55.742326000000006,LAMPOCHKI,,1.0
18922,RC,Пункт приема отработанных ртутьсодержащих ламп № 97,"г. Москва, ул. Тимура Фрунзе, д. 26",37.587118999999994,55.735890000000005,LAMPOCHKI,,1.0
18923,RC,Пункт приема отработанных ртутьсодержащих ламп № 98,"город Москва, Фрунзенская набережная, дом 16, корпус 2",37.591233,55.729955999999994,LAMPOCHKI,,0.0
18924,RC,Пункт приема отработанных ртутьсодержащих ламп № 99,"город Москва, улица Хамовнический Вал, дом 32",37.56477799999999,55.72126999999999,LAMPOCHKI,,0.0
18925,RC,Пункт приема отработанных ртутьсодержащих ламп № 100,"город Москва, улица Хамовнический Вал, дом 14",37.573752999999996,55.71802,LAMPOCHKI,,0.0
18926,RC,Пункт приема отработанных ртутьсодержащих ламп № 101,"город Москва, Усачёва улица, дом 21",37.56621599999999,55.725569,LAMPOCHKI,,0.0
18927,RC,Пункт приема отработанных ртутьсодержащих ламп № 103,"город Москва, улица Плющиха, дом 43-47",37.565802,55.729321,LAMPOCHKI,,0.0
18928,RC,Пункт приема отработанных ртутьсодержащих ламп № 104,"г. Москва, ул. Большая Пироговская, д. 35А, с. 2",37.56612412314518,55.72909363511392,LAMPOCHKI,,0.0
18929,RC,Пункт приема отработанных ртутьсодержащих ламп № 105,"город Москва, улица Большая Ордынка, дом 34-38",37.623552000000004,55.737257000000014,LAMPOCHKI,,0.0
18930,RC,Пункт приема отработанных ртутьсодержащих ламп № 106,"город Москва, улица Большая Полянка, дом 54, строение 3",37.621036,55.730767,LAMPOCHKI,,0.0
18931,RC,Пункт приема отработанных ртутьсодержащих ламп № 107,"город Москва, улица Крымский Вал, дом 8",37.60878399999999,55.731606,LAMPOCHKI,,0.0
18932,RC,Пункт приема отработанных ртутьсодержащих ламп № 110,"г. Москва, ул. Константинова, д. 11",37.65450789814488,55.81706117860061,LAMPOCHKI,,0.0
18933,RC,Пункт приема отработанных ртутьсодержащих ламп № 112,"город Москва, проспект Мира, дом 122",37.639258,55.812549999999995,LAMPOCHKI,,0.0
18934,RC,Пункт приема отработанных ртутьсодержащих ламп № 113,"город Москва, проспект Мира, дом 124, корпус 3",37.639653,55.81619699999998,LAMPOCHKI,,0.0
18935,RC,Пункт приема отработанных ртутьсодержащих ламп № 114,"город Москва, Рижский проезд, дом 5",37.659766,55.81320699999999,LAMPOCHKI,,0.0
18936,RC,Пункт приема отработанных ртутьсодержащих ламп № 115,"г. Москва, ул. Константинова, д. 32, к. 2",37.6607,55.819367999999976,LAMPOCHKI,,0.0
18937,RC,Пункт приема отработанных ртутьсодержащих ламп № 116,"г. Москва, ул. Бориса Галушкина, д. 14, к. 2",37.654224,55.82310499999999,LAMPOCHKI,,0.0
18938,RC,Пункт приема отработанных ртутьсодержащих ламп № 117,"город Москва, Бибиревская улица, дом 1",37.58959999999999,55.88000000000001,LAMPOCHKI,,0.0
18939,RC,Пункт приема отработанных ртутьсодержащих ламп № 118,"город Москва, Костромская улица, дом 12",37.5964,55.8857,LAMPOCHKI,,0.0
18940,RC,Пункт приема отработанных ртутьсодержащих ламп № 119,"город Москва, Путевой проезд, дом 24",37.5736,55.8746,LAMPOCHKI,,0.0
18941,RC,Пункт приема отработанных ртутьсодержащих ламп № 124,"город Москва, Печорская улица, дом 11",37.665435,55.863757,LAMPOCHKI,,0.0
18942,RC,Пункт приема отработанных ртутьсодержащих ламп № 125,"г. Москва, ул. Лётчика Бабушкина, д. 31, к. 2",37.6722294576686,55.871292272453715,LAMPOCHKI,,0.0
18943,RC,Пункт приема отработанных ртутьсодержащих ламп № 126,"город Москва, улица Чичерина, дом 8, корпус 2",37.655123999999994,55.866412999999994,LAMPOCHKI,,0.0
18944,RC,Пункт приема отработанных ртутьсодержащих ламп № 127,"город Москва, Бутырская улица, дом 6, корпус 3",37.586904,55.795478999999986,LAMPOCHKI,,0.0
18945,RC,Пункт приема отработанных ртутьсодержащих ламп № 128,"город Москва, улица Яблочкова, дом 10А",37.584146,55.817967,LAMPOCHKI,,0.0
18946,RC,Пункт приема отработанных ртутьсодержащих ламп № 129,"город Москва, улица Гончарова, дом 19А",37.59069499999999,55.81684899999999,LAMPOCHKI,,0.0
18947,RC,Пункт приема отработанных ртутьсодержащих ламп № 130,"город Москва, улица Яблочкова, дом 29В",37.576367,55.823620000000005,LAMPOCHKI,,0.0
18948,RC,Пункт приема отработанных ртутьсодержащих ламп № 131,"город Москва, улица Милашенкова, дом 9, корпус 2",37.583805,55.82387400000001,LAMPOCHKI,,0.0
18949,RC,Пункт приема отработанных ртутьсодержащих ламп № 132,"город Москва, улица Милашенкова, дом 12Б, строение 1",37.58349,55.827727,LAMPOCHKI,,0.0
18950,RC,Пункт приема отработанных ртутьсодержащих ламп № 133,"город Москва, Псковская улица, дом 2, корпус 1",37.553574,55.901628,LAMPOCHKI,,0.0
18951,RC,Пункт приема отработанных ртутьсодержащих ламп № 134,"город Москва, Абрамцевская улица, дом 16Б",37.576641,55.902350000000006,LAMPOCHKI,,0.0
18952,RC,Пункт приема отработанных ртутьсодержащих ламп № 135,"город Москва, Алтуфьевское шоссе, дом 95Б",37.583364,55.900991000000005,LAMPOCHKI,,0.0
18953,RC,Пункт приема отработанных ртутьсодержащих ламп № 136,"город Москва, Алтуфьевское шоссе, дом 89А",37.583420999999994,55.894602000000006,LAMPOCHKI,,0.0
18954,RC,Пункт приема отработанных ртутьсодержащих ламп № 137,"город Москва, Абрамцевская улица, дом 8А",37.576232999999995,55.89457799999998,LAMPOCHKI,,0.0
18955,RC,Пункт приема отработанных ртутьсодержащих ламп № 138,"город Москва, Угличская улица, дом 6",37.568373,55.895308999999976,LAMPOCHKI,,0.0
18956,RC,Пункт приема отработанных ртутьсодержащих ламп № 139,"город Москва, Псковская улица, дом 5, корпус 3",37.548213999999994,55.904594,LAMPOCHKI,,0.0
18957,RC,Пункт приема отработанных ртутьсодержащих ламп № 140,"город Москва, Тайнинская улица, дом 17, корпус 1",37.684641,55.88556999999999,LAMPOCHKI,,0.0
18958,RC,Пункт приема отработанных ртутьсодержащих ламп № 141,"г. Москва, Изумрудная ул., д. 7",37.68068596560628,55.87068258967731,LAMPOCHKI,,0.0
18959,RC,Пункт приема отработанных ртутьсодержащих ламп № 142,"город Москва, Янтарный проезд, дом 35/7",37.690462,55.87375299999999,LAMPOCHKI,,0.0
18960,RC,Пункт приема отработанных ртутьсодержащих ламп № 143,"город Москва, Анадырский проезд, дом 47, корпус 1",37.698825,55.87415200000001,LAMPOCHKI,,0.0
18961,RC,Пункт приема отработанных ртутьсодержащих ламп № 144,"город Москва, Стартовая улица, дом 11",37.69934599999999,55.885812000000016,LAMPOCHKI,,0.0
18962,RC,Пункт приема отработанных ртутьсодержащих ламп № 150,"город Москва, улица Образцова, дом 8А",37.609128,55.78693099999998,LAMPOCHKI,,0.0
18963,RC,Пункт приема отработанных ртутьсодержащих ламп № 151,"город Москва, Тихвинская улица, дом 16",37.601141999999996,55.788489999999996,LAMPOCHKI,,0.0
18964,RC,Пункт приема отработанных ртутьсодержащих ламп № 152,"город Москва, 3-й проезд Марьиной Рощи, дом 5",37.620734000000006,55.79629399999998,LAMPOCHKI,,0.0
18965,RC,Пункт приема отработанных ртутьсодержащих ламп № 153,"город Москва, Анненская улица, дом 8",37.610853,55.806,LAMPOCHKI,,0.0
18966,RC,Пункт приема отработанных ртутьсодержащих ламп № 154,"город Москва, 4-й Стрелецкий проезд, дом 7А",37.601205,55.79700199999999,LAMPOCHKI,,0.0
18967,RC,Пункт приема отработанных ртутьсодержащих ламп № 155,"город Москва, Малая Ботаническая улица, дом 21",37.585573999999994,55.831590000000006,LAMPOCHKI,,0.0
18968,RC,Пункт приема отработанных ртутьсодержащих ламп № 156,"город Москва, улица Академика Королёва, дом 28, корпус 3",37.597578999999996,55.82319899999999,LAMPOCHKI,,0.0
18969,RC,Пункт приема отработанных ртутьсодержащих ламп № 157,"город Москва, улица Комдива Орлова, дом 8",37.580827,55.84209799999998,LAMPOCHKI,,0.0
18970,RC,Пункт приема отработанных ртутьсодержащих ламп № 158,"город Москва, проспект Мира, дом 85",37.635125,55.802820999999994,LAMPOCHKI,,0.0
18971,RC,Пункт приема отработанных ртутьсодержащих ламп № 159,"город Москва, Большая Марьинская улица, дом 19",37.634155,55.80884700000001,LAMPOCHKI,,0.0
18972,RC,Пункт приема отработанных ртутьсодержащих ламп № 160,"город Москва, Звёздный бульвар, дом 30, корпус 2",37.625767,55.815122999999986,LAMPOCHKI,,0.0
18973,RC,Пункт приема отработанных ртутьсодержащих ламп № 161,"город Москва, улица Цандера, дом 11",37.630012,55.820587999999994,LAMPOCHKI,,0.0
18974,RC,Пункт приема отработанных ртутьсодержащих ламп № 162,"город Москва, улица Кондратюка, дом 4",37.634969999999996,55.819887,LAMPOCHKI,,0.0
18975,RC,Пункт приема отработанных ртутьсодержащих ламп № 163,"город Москва, улица Академика Королёва, дом 4, корпус 2",37.626615,55.822945,LAMPOCHKI,,0.0
18976,RC,Пункт приема отработанных ртутьсодержащих ламп № 165,"город Москва, Северный бульвар, дом 14",37.62106699999999,55.86841999999999,LAMPOCHKI,,0.0
18977,RC,Пункт приема отработанных ртутьсодержащих ламп № 166,"город Москва, улица Пестеля, дом 3А",37.612632,55.86394400000001,LAMPOCHKI,,0.0
18978,RC,Пункт приема отработанных ртутьсодержащих ламп № 167,"город Москва, Берёзовая аллея, дом 7В",37.612641,55.85366799999997,LAMPOCHKI,,1.0
18979,RC,Пункт приема отработанных ртутьсодержащих ламп № 168,"город Москва, проезд Якушкина, дом 5",37.61059160701589,55.86007460767267,LAMPOCHKI,,0.0
18980,RC,Пункт приема отработанных ртутьсодержащих ламп № 169,"город Москва, Алтуфьевское шоссе, дом 24",37.58622999999999,55.86200399999999,LAMPOCHKI,,0.0
18981,RC,Пункт приема отработанных ртутьсодержащих ламп № 170,"город Москва, улица Санникова, дом 9А",37.595761,55.86100399999998,LAMPOCHKI,,0.0
18982,RC,Пункт приема отработанных ртутьсодержащих ламп № 171,"город Москва, Сельскохозяйственная улица, дом 14, корпус 2",37.644549,55.83611499999999,LAMPOCHKI,,0.0
18983,RC,Пункт приема отработанных ртутьсодержащих ламп № 172,"город Москва, Малахитовая улица, дом 13, корпус 1",37.662837999999994,55.83114500000001,LAMPOCHKI,,0.0
18984,RC,Пункт приема отработанных ртутьсодержащих ламп № 174,"город Москва, Вересковая улица, дом 13",37.64264399999999,55.861691000000015,LAMPOCHKI,,0.0
18985,RC,Пункт приема отработанных ртутьсодержащих ламп № 175,"город Москва, Берингов проезд, дом 3",37.659254,55.85618400000001,LAMPOCHKI,,0.0
18986,RC,Пункт приема отработанных ртутьсодержащих ламп № 176,"город Москва, улица Седова, дом 7, корпус 1",37.640767,55.851474999999986,LAMPOCHKI,,0.0
18987,RC,Пункт приема отработанных ртутьсодержащих ламп № 177,"город Москва, улица Седова, дом 8, корпус 1",37.64032699999999,55.85259200000001,LAMPOCHKI,,0.0
18988,RC,Пункт приема отработанных ртутьсодержащих ламп № 178,"город Москва, 9-я Северная линия, дом 1, корпус 1",37.551358,55.93312599999999,LAMPOCHKI,,0.0
18989,RC,Пункт приема отработанных ртутьсодержащих ламп № 179,"город Москва, Дмитровское шоссе, дом 165Е, корпус 3",37.541539,55.92439600000001,LAMPOCHKI,,0.0
18990,RC,Пункт приема отработанных ртутьсодержащих ламп № 180,"город Москва, улица Грекова, дом 10",37.662389999999995,55.888648,LAMPOCHKI,,0.0
18991,RC,Пункт приема отработанных ртутьсодержащих ламп № 182,"город Москва, Студёный проезд, дом 34, корпус 1",37.671017,55.89208000000001,LAMPOCHKI,,0.0
18992,RC,Пункт приема отработанных ртутьсодержащих ламп № 186,"город Москва, проезд Шокальского, дом 37, корпус 2",37.650380999999996,55.88266699999999,LAMPOCHKI,,0.0
18993,RC,Пункт приема отработанных ртутьсодержащих ламп № 187,"город Москва, Полярная улица, дом 30, корпус 3",37.641608,55.882428999999995,LAMPOCHKI,,0.0
18994,RC,Пункт приема отработанных ртутьсодержащих ламп № 188,"город Москва, Сухонская улица, дом 11",37.653774999999996,55.87830399999999,LAMPOCHKI,,0.0
18995,RC,Пункт приема отработанных ртутьсодержащих ламп № 189,"город Москва, Осташковская улица, дом 28",37.676047,55.890333000000005,LAMPOCHKI,,0.0
18996,RC,Пункт приема отработанных ртутьсодержащих ламп № 190,"город Москва, проезд Дежнёва, дом 9, корпус 2",37.64463,55.869405,LAMPOCHKI,,0.0
18997,RC,Пункт приема отработанных ртутьсодержащих ламп № 191,"город Москва, проезд Шокальского, дом 3, корпус 1",37.645249,55.873829,LAMPOCHKI,,0.0
18998,RC,Пункт приема отработанных ртутьсодержащих ламп № 192,"город Москва, Полярная улица, дом 15, корпус 3",37.63376,55.875889999999984,LAMPOCHKI,,0.0
18999,RC,Пункт приема отработанных ртутьсодержащих ламп № 194,"город Москва, Лосевская улица, дом 1, корпус 4",37.710386,55.87428899999999,LAMPOCHKI,,0.0
19000,RC,Пункт приема отработанных ртутьсодержащих ламп № 195,"город Москва, Палехская улица, дом 9, корпус 1",37.695356999999994,55.86660599999999,LAMPOCHKI,,0.0
19001,RC,Пункт приема отработанных ртутьсодержащих ламп № 196,"город Москва, Холмогорская улица, дом 1",37.719334,55.87944,LAMPOCHKI,,1.0
19002,RC,Пункт приема отработанных ртутьсодержащих ламп № 197,"город Москва, Ярославское шоссе, дом 16",37.685162,55.85445599999999,LAMPOCHKI,,0.0
19003,RC,Пункт приема отработанных ртутьсодержащих ламп № 198,"город Москва, Ярославское шоссе, дом 28",37.69400999999999,55.860145,LAMPOCHKI,,0.0
19004,RC,Пункт приема отработанных ртутьсодержащих ламп № 199,"город Москва, Ярославское шоссе, дом 109, корпус 3",37.706065,55.871197999999985,LAMPOCHKI,,0.0
19005,RC,Пункт приема отработанных ртутьсодержащих ламп № 200,"город Москва, Ярославское шоссе, дом 120А",37.712964,55.869774,LAMPOCHKI,,1.0
19006,RC,Пункт приема отработанных ртутьсодержащих ламп № 205,"Россия, Москва, Красноармейская улица, 32",37.539356999999995,55.80220999999999,LAMPOCHKI,,0.0
19007,RC,Пункт приема отработанных ртутьсодержащих ламп № 206,"город Москва, Эльдорадовский переулок, дом 5",37.547297,55.79982600000002,LAMPOCHKI,,1.0
19008,RC,Пункт приема отработанных ртутьсодержащих ламп № 208,"город Москва, Ленинградский проспект, дом 26, корпус 2",37.57354599999999,55.78395899999999,LAMPOCHKI,,0.0
19009,RC,Пункт приема отработанных ртутьсодержащих ламп № 209,"город Москва, Дубнинская улица, дом 3",37.564527,55.855957,LAMPOCHKI,,1.0
19010,RC,Пункт приема отработанных ртутьсодержащих ламп № 211,"город Москва, Бескудниковский бульвар, дом 22, строение 1",37.56130199999999,55.865161999999984,LAMPOCHKI,,0.0
19011,RC,Пункт приема отработанных ртутьсодержащих ламп № 214,"город Москва, Дубнинская улица, дом 53, корпус 2, строение 1",37.558229999999995,55.87277900000001,LAMPOCHKI,,0.0
19012,RC,Пункт приема отработанных ртутьсодержащих ламп № 215,"город Москва, Бескудниковский бульвар, дом 40, корпус 2",37.55028,55.874001,LAMPOCHKI,,0.0
19013,RC,Пункт приема отработанных ртутьсодержащих ламп № 217,"город Москва, Бескудниковский бульвар, дом 52А",37.53779299999999,55.87424799999998,LAMPOCHKI,,0.0
19014,RC,Пункт приема отработанных ртутьсодержащих ламп № 221,"г. Москва, 5-й Войковский пр-д, д. 16",37.48884399999999,55.81871999999999,LAMPOCHKI,,0.0
19015,RC,Пункт приема отработанных ртутьсодержащих ламп № 222,"г. Москва, 1-й Новоподмосковный пер., д. 2/1",37.503935,55.816232,LAMPOCHKI,,0.0
19016,RC,Пункт приема отработанных ртутьсодержащих ламп № 223,"город Москва, Старопетровский проезд, дом 12",37.507358,55.82328700000001,LAMPOCHKI,,0.0
19017,RC,Пункт приема отработанных ртутьсодержащих ламп № 224,"г. Москва, Ленинградское ш., д. 34, к. 2",37.491284455728724,55.830237127640466,LAMPOCHKI,,0.0
19018,RC,Пункт приема отработанных ртутьсодержащих ламп № 225,"город Москва, Дубнинская улица, дом 10, корпус 2",37.569252,55.862894,LAMPOCHKI,,0.0
19019,RC,Пункт приема отработанных ртутьсодержащих ламп № 226,"город Москва, Пулковская улица, дом 15, корпус 2",37.485394,55.84611300000001,LAMPOCHKI,,0.0
19020,RC,Пункт приема отработанных ртутьсодержащих ламп № 227,"город Москва, Пулковская улица, дом 1/60",37.479681,55.84376300000001,LAMPOCHKI,,0.0
19021,RC,Пункт приема отработанных ртутьсодержащих ламп № 228,"город Москва, Кронштадтский бульвар, дом 17, корпус 3",37.493542,55.845935999999995,LAMPOCHKI,,0.0
19022,RC,Пункт приема отработанных ртутьсодержащих ламп № 229,"город Москва, Флотская улица, дом 48, корпус 2",37.504726,55.85266699999999,LAMPOCHKI,,0.0
19023,RC,Пункт приема отработанных ртутьсодержащих ламп № 230,"город Москва, Онежская улица, дом 22",37.520402,55.852520999999996,LAMPOCHKI,,0.0
19024,RC,Пункт приема отработанных ртутьсодержащих ламп № 231,"город Москва, Онежская улица, дом 28/1",37.513817,55.85676999999999,LAMPOCHKI,,0.0
19025,RC,Пункт приема отработанных ртутьсодержащих ламп № 232,"город Москва, 3-й Лихачёвский переулок, дом 1, корпус 2",37.514292999999995,55.84849799999999,LAMPOCHKI,,0.0
19026,RC,Пункт приема отработанных ртутьсодержащих ламп № 233,"город Москва, Учинская улица, дом 7",37.536257,55.88421600000001,LAMPOCHKI,,0.0
19027,RC,Пункт приема отработанных ртутьсодержащих ламп № 234,"город Москва, Ангарская улица, дом 49, корпус 4",37.525485999999994,55.88303499999999,LAMPOCHKI,,0.0
19028,RC,Пункт приема отработанных ртутьсодержащих ламп № 236,"г. Москва, Большая Академическая ул., д. 6, к. 1",37.523930500530064,55.8185371885804,LAMPOCHKI,,0.0
19029,RC,Пункт приема отработанных ртутьсодержащих ламп № 237,"город Москва, улица Зои и Александра Космодемьянских, дом 39",37.525899,55.825157999999995,LAMPOCHKI,,0.0
19030,RC,Пункт приема отработанных ртутьсодержащих ламп № 238,"город Москва, 3-й Михалковский переулок, дом 21",37.52311499999999,55.836494,LAMPOCHKI,,0.0
19031,RC,Пункт приема отработанных ртутьсодержащих ламп № 239,"г. Москва, Большая Академическая ул., д. 49, к. 2",37.535673375200815,55.83610553024294,LAMPOCHKI,,0.0
19032,RC,Пункт приема отработанных ртутьсодержащих ламп № 241,"город Москва, Большая Академическая улица, дом 77, корпус 4",37.554681,55.84506699999999,LAMPOCHKI,,0.0
19033,RC,Пункт приема отработанных ртутьсодержащих ламп № 242,"город Москва, Михалковская улица, дом 26, корпус 2",37.528423999999994,55.840442,LAMPOCHKI,,0.0
19034,RC,Пункт приема отработанных ртутьсодержащих ламп № 243,"город Москва, Валдайский проезд, дом 9А, корпус 1",37.465029,55.86899499999999,LAMPOCHKI,,0.0
19035,RC,Пункт приема отработанных ртутьсодержащих ламп № 246,"город Москва, Новопесчаная улица, дом 8, корпус 2",37.514665,55.800792,LAMPOCHKI,,0.0
19036,RC,Пункт приема отработанных ртутьсодержащих ламп № 248,"город Москва, улица Алабяна, дом 15",37.505075999999995,55.796647999999976,LAMPOCHKI,,0.0
19037,RC,Пункт приема отработанных ртутьсодержащих ламп № 249,"город Москва, Волоколамское шоссе, дом 10",37.49774599999999,55.80887200000001,LAMPOCHKI,,0.0
19038,RC,Пункт приема отработанных ртутьсодержащих ламп № 250,"город Москва, улица Панфилова, дом 4, корпус 1",37.49907600000001,55.80029099999999,LAMPOCHKI,,0.0
19039,RC,Пункт приема отработанных ртутьсодержащих ламп № 251,"город Москва, Фестивальная улица, дом 14",37.496157,55.858956,LAMPOCHKI,,0.0
19040,RC,Пункт приема отработанных ртутьсодержащих ламп № 252,"город Москва, Онежская улица, дом 53, корпус 4А",37.505244999999995,55.85938999999998,LAMPOCHKI,,0.0
19041,RC,Пункт приема отработанных ртутьсодержащих ламп № 254,"г. Москва, ул. Петрозаводская, д. 17, к. 1",37.491384,55.865474999999996,LAMPOCHKI,,0.0
19042,RC,Пункт приема отработанных ртутьсодержащих ламп № 255,"г. Москва, ул. Петрозаводская, д. 22",37.496963,55.866372999999996,LAMPOCHKI,,0.0
19043,RC,Пункт приема отработанных ртутьсодержащих ламп и бытовых батареек № 256,"г. Москва, Петрозаводская ул., д. 28, к. 5",37.48920627976398,55.87072084368587,LAMPOCHKI,,0.0
19044,RC,Пункт приема отработанных ртутьсодержащих ламп № 257,"город Москва, Зеленоградская улица, дом 33А",37.491748,55.875648000000005,LAMPOCHKI,,0.0
19045,RC,Пункт приема отработанных ртутьсодержащих ламп № 258,"г. Москва, Клинская ул., д. 4, к. 3",37.499074536052035,55.869615863653294,LAMPOCHKI,,0.0
19046,RC,Пункт приема отработанных ртутьсодержащих ламп № 259,"город Москва, Ленинградский проспект, дом 57",37.524444,55.80061,LAMPOCHKI,,0.0
19047,RC,Пункт приема отработанных ртутьсодержащих ламп № 262,"город Москва, улица Поликарпова, дом 25",37.543946,55.778406,LAMPOCHKI,,0.0
19048,RC,Пункт приема отработанных ртутьсодержащих ламп № 263,"город Москва, 5-я Магистральная улица, дом 14, корпус 2",37.527407999999994,55.77368199999999,LAMPOCHKI,,0.0
19049,RC,Пункт приема отработанных ртутьсодержащих ламп № 264,"город Москва, улица Куусинена, дом 4, корпус 2",37.51865899999999,55.77941800000001,LAMPOCHKI,,0.0
19050,RC,Пункт приема отработанных ртутьсодержащих ламп № 266,"город Москва, Малая Черкизовская улица, дом 64",37.714814999999994,55.806605999999995,LAMPOCHKI,,0.0
19051,RC,Пункт приема отработанных ртутьсодержащих ламп № 267,"город Москва, 2-я Прогонная улица, дом 11",37.70965,55.811781,LAMPOCHKI,,0.0
19052,RC,Пункт приема отработанных ртутьсодержащих ламп № 268,"город Москва, бульвар Маршала Рокоссовского, дом 17",37.722046,55.812509,LAMPOCHKI,,0.0
19053,RC,Пункт приема отработанных ртутьсодержащих ламп № 269,"город Москва, Открытое шоссе, дом 6, корпус 2",37.73106599999999,55.810147,LAMPOCHKI,,0.0
19054,RC,Пункт приема отработанных ртутьсодержащих ламп № 270,"город Москва, 3-й проезд Подбельского, дом 16",37.719693,55.81692499999998,LAMPOCHKI,,0.0
19055,RC,Пункт приема отработанных ртутьсодержащих ламп № 271,"город Москва, Косинская улица, дом 18, корпус 2",37.832117,55.72183799999997,LAMPOCHKI,,0.0
19056,RC,Пункт приема отработанных ртутьсодержащих ламп № 272,"город Москва, улица Красный Казанец, дом 3, корпус 4",37.80797,55.723587,LAMPOCHKI,,0.0
19057,RC,Пункт приема отработанных ртутьсодержащих ламп № 273,"город Москва, Вешняковская улица, дом 22, корпус 2",37.818695999999996,55.720459,LAMPOCHKI,,0.0
19058,RC,Пункт приема отработанных ртутьсодержащих ламп № 274,"город Москва, улица Молдагуловой, дом 30",37.828208999999994,55.71987099999998,LAMPOCHKI,,0.0
19059,RC,Пункт приема отработанных ртутьсодержащих ламп № 275,"город Москва, Реутовская улица, дом 4",37.834578,55.74040099999999,LAMPOCHKI,,0.0
19060,RC,Пункт приема отработанных ртутьсодержащих ламп № 276,"город Москва, Кетчерская улица, дом 6, корпус 3",37.823314,55.740992999999996,LAMPOCHKI,,0.0
19061,RC,Пункт приема отработанных ртутьсодержащих ламп № 277,"город Москва, аллея Жемчуговой, дом 5, корпус 4",37.825245,55.731997,LAMPOCHKI,,0.0
19062,RC,Пункт приема отработанных ртутьсодержащих ламп № 278,"город Москва, Первомайская улица, дом 106",37.81442899999999,55.793206999999995,LAMPOCHKI,,0.0
19063,RC,Пункт приема отработанных ртутьсодержащих ламп № 279,"город Москва, 13-я Парковая улица, дом 21",37.811725,55.80206699999999,LAMPOCHKI,,0.0
19064,RC,Пункт приема отработанных ртутьсодержащих ламп № 280,"город Москва, 11-я Парковая улица, дом 1/89, корпус 1",37.804557,55.78920299999999,LAMPOCHKI,,0.0
19065,RC,Пункт приема отработанных ртутьсодержащих ламп № 281,"город Москва, улица 9 Мая, дом 28",37.875281,55.81756200000001,LAMPOCHKI,,0.0
19067,RC,Пункт приема отработанных ртутьсодержащих ламп № 284,"город Москва, Щёлковское шоссе, дом 19",37.76814799999999,55.807415,LAMPOCHKI,,0.0
19068,RC,Пункт приема отработанных ртутьсодержащих ламп № 285,"город Москва, Амурская улица, дом 62, корпус 1",37.791181,55.813035,LAMPOCHKI,,0.0
19069,RC,Пункт приема отработанных ртутьсодержащих ламп № 286,"город Москва, Уральская улица, дом 15",37.795115,55.819939000000005,LAMPOCHKI,,0.0
19070,RC,Пункт приема отработанных ртутьсодержащих ламп № 288,"город Москва, Байкальская улица, дом 41, корпус 3",37.817897,55.81888199999999,LAMPOCHKI,,0.0
19071,RC,Пункт приема отработанных ртутьсодержащих ламп № 291,"город Москва, Уссурийская улица, дом 5, корпус 3",37.81235399999999,55.82638200000001,LAMPOCHKI,,0.0
19072,RC,Пункт приема отработанных ртутьсодержащих ламп № 292,"город Москва, Хабаровская улица, дом 14, корпус 1",37.82604400000001,55.823176,LAMPOCHKI,,0.0
19073,RC,Пункт приема отработанных ртутьсодержащих ламп № 293,"город Москва, Новосибирская улица, дом 6, корпус 2",37.823206,55.81424899999999,LAMPOCHKI,,0.0
19074,RC,Пункт приема отработанных ртутьсодержащих ламп № 294,"город Москва, Хабаровская улица, дом 4",37.829036,55.816101,LAMPOCHKI,,0.0
19075,RC,Пункт приема отработанных ртутьсодержащих ламп № 295,"город Москва, Челябинская улица, дом 8",37.824014,55.775367999999986,LAMPOCHKI,,0.0
19076,RC,Пункт приема отработанных ртутьсодержащих ламп № 296,"город Москва, улица Чечулина, дом 10",37.825892,55.77945900000002,LAMPOCHKI,,0.0
19077,RC,Пункт приема отработанных ртутьсодержащих ламп № 297,"город Москва, улица Чечулина, дом 26",37.835584,55.782181999999985,LAMPOCHKI,,0.0
19078,RC,Пункт приема отработанных ртутьсодержащих ламп № 298,"город Москва, шоссе Энтузиастов, дом 96, корпус 1",37.829233,55.77238600000001,LAMPOCHKI,,0.0
19079,RC,Пункт приема отработанных ртутьсодержащих ламп № 299,"город Москва, Саянская улица, дом 15, корпус 3",37.837129999999995,55.77015200000001,LAMPOCHKI,,0.0
19080,RC,Пункт приема отработанных ртутьсодержащих ламп № 300,"город Москва, улица Сталеваров, дом 10, корпус 2",37.836564,55.764602,LAMPOCHKI,,1.0
19081,RC,Пункт приема отработанных ртутьсодержащих ламп № 301,"город Москва, Свободный проспект, дом 7, корпус 2",37.82660099999999,55.765751999999985,LAMPOCHKI,,0.0
19082,RC,Пункт приема отработанных ртутьсодержащих ламп № 302,"город Москва, улица Молостовых, дом 6, корпус 2",37.827859,55.76396900000001,LAMPOCHKI,,0.0
19083,RC,Пункт приема отработанных ртутьсодержащих ламп № 303,"город Москва, улица Молостовых, дом 15, корпус 1",37.833231,55.75420299999999,LAMPOCHKI,,0.0
19084,RC,Пункт приема отработанных ртутьсодержащих ламп № 304,"город Москва, улица Молостовых, дом 14, корпус 2",37.83041899999999,55.75514999999999,LAMPOCHKI,,0.0
19085,RC,Пункт приема отработанных ртутьсодержащих ламп № 305,"г. Москва, ул. Верхняя Первомайская, д. 23А",37.78513399999999,55.800455,LAMPOCHKI,,0.0
19086,RC,Пункт приема отработанных ртутьсодержащих ламп № 306,"город Москва, 3-я Парковая улица, дом 22А",37.78444199999999,55.794431,LAMPOCHKI,,0.0
19087,RC,Пункт приема отработанных ртутьсодержащих ламп № 307,"город Москва, улица Руднёвка, дом 4",37.888189999999994,55.71588500000001,LAMPOCHKI,,0.0
19088,RC,Пункт приема отработанных ртутьсодержащих ламп № 308,"город Москва, Лухмановская улица, дом 34",37.90839299999999,55.72304999999999,LAMPOCHKI,,0.0
19089,RC,Пункт приема отработанных ртутьсодержащих ламп № 311,"город Москва, улица Николая Химушина, дом 13, корпус 1",37.76257199999999,55.822531999999995,LAMPOCHKI,,0.0
19090,RC,Пункт приема отработанных ртутьсодержащих ламп № 312,"город Москва, Открытое шоссе, дом 23, корпус 1",37.752805,55.826412,LAMPOCHKI,,0.0
19092,RC,Пункт приема отработанных ртутьсодержащих ламп № 314,"город Москва, Зелёный проспект, дом 50",37.810674,55.75128999999999,LAMPOCHKI,,0.0
19093,RC,Пункт приема отработанных ртутьсодержащих ламп № 315,"город Москва, Союзный проспект, дом 6, корпус 3",37.806201,55.74940000000001,LAMPOCHKI,,0.0
19094,RC,Пункт приема отработанных ртутьсодержащих ламп № 316,"город Москва, Союзный проспект, дом 20, корпус 1",37.818561,55.748725999999984,LAMPOCHKI,,0.0
19095,RC,Пункт приема отработанных ртутьсодержащих ламп № 317,"город Москва, Кусковская улица, дом 27, корпус 2",37.78325799999999,55.74200199999999,LAMPOCHKI,,0.0
19096,RC,Пункт приема отработанных ртутьсодержащих ламп № 318,"город Москва, Федеративный проспект, дом 42, корпус 1",37.822074,55.75359499999997,LAMPOCHKI,,0.0
19097,RC,Пункт приема отработанных ртутьсодержащих ламп № 319,"город Москва, Новокосинская улица, дом 6А",37.856990999999994,55.732656000000006,LAMPOCHKI,,0.0
19098,RC,Пункт приема отработанных ртутьсодержащих ламп № 320,"город Москва, Новокосинская улица, дом 14, корпус 1",37.858616999999995,55.73688799999999,LAMPOCHKI,,0.0
19099,RC,Пункт приема отработанных ртутьсодержащих ламп № 321,"город Москва, Новокосинская улица, дом 27",37.86229999999999,55.742017,LAMPOCHKI,,0.0
19100,RC,Пункт приема отработанных ртутьсодержащих ламп № 322,"город Москва, Новокосинская улица, дом 43",37.870824999999996,55.74324299999999,LAMPOCHKI,,0.0
19101,RC,Пункт приема отработанных ртутьсодержащих ламп № 326,"город Москва, улица Плеханова, дом 14, корпус 4",37.764700000000005,55.745699999999985,LAMPOCHKI,,0.0
19102,RC,Пункт приема отработанных ртутьсодержащих ламп № 327,"город Москва, улица Плеханова, дом 3, корпус 2",37.758599999999994,55.757799999999996,LAMPOCHKI,,0.0
19103,RC,Пункт приема отработанных ртутьсодержащих ламп № 329,"город Москва, Новогиреевская улица, дом 19/2",37.7971,55.75719999999998,LAMPOCHKI,,0.0
19104,RC,Пункт приема отработанных ртутьсодержащих ламп № 333,"город Москва, Большая Черкизовская улица, дом 26, корпус 6",37.738899,55.79625799999999,LAMPOCHKI,,0.0
19105,RC,Пункт приема отработанных ртутьсодержащих ламп № 338,"город Москва, Буженинова улица, дом 22",37.709021,55.79026699999999,LAMPOCHKI,,0.0
19106,RC,Пункт приема отработанных ртутьсодержащих ламп № 339,"г. Москва, Никитинская ул., д. 20",37.77456999999999,55.80543,"LAMPOCHKI,OPASNYE_OTHODY",,0.0
19107,RC,Пункт приема отработанных ртутьсодержащих ламп № 340,"г. Москва, ул. 3-я Парковая, д. 44, к. 2",37.78508,55.804479999999984,LAMPOCHKI,,0.0
19108,RC,Пункт приема отработанных ртутьсодержащих ламп № 341,"г. Москва, Щёлковское ш., д. 44, к. 4",37.79165999999999,55.808859999999996,LAMPOCHKI,,1.0
19109,RC,Пункт приема отработанных ртутьсодержащих ламп № 343,"город Москва, 15-я Парковая улица, дом 39",37.81766,55.80436,LAMPOCHKI,,0.0
19110,RC,Пункт приема отработанных ртутьсодержащих ламп № 344,"город Москва, 16-я Парковая улица, дом 43",37.826119999999996,55.80760999999999,LAMPOCHKI,,0.0
19111,RC,Пункт приема отработанных ртутьсодержащих ламп № 345,"город Москва, 5-я улица Соколиной Горы, дом 25А",37.742357,55.76620199999998,LAMPOCHKI,,0.0
19112,RC,Пункт приема отработанных ртутьсодержащих ламп № 349,"город Москва, Зверинецкая улица, дом 25",37.734793999999994,55.784779,LAMPOCHKI,,0.0
19113,RC,Пункт приема отработанных ртутьсодержащих ламп № 351,"город Москва, улица Уткина, дом 40А",37.744774,55.763787,LAMPOCHKI,,0.0
19114,RC,Пункт приема отработанных ртутьсодержащих ламп № 352,"город Москва, Рыбинский переулок, дом 6",37.664024,55.789927000000006,LAMPOCHKI,,0.0
19115,RC,Пункт приема отработанных ртутьсодержащих ламп № 353,"г. Москва, ул. Сокольнический Вал, д. 46",37.673151,55.791344,LAMPOCHKI,,0.0
19116,RC,Пункт приема отработанных ртутьсодержащих ламп № 357,"город Москва, 2-я Вольская улица, дом 20",37.92,55.68,LAMPOCHKI,,0.0
19117,RC,Пункт приема отработанных ртутьсодержащих ламп № 358,"город Москва, Некрасовская улица, дом 7",37.924229999999994,55.681128,LAMPOCHKI,,0.0
19118,RC,Пункт приема отработанных ртутьсодержащих ламп № 359,"город Москва, 2-я Вольская улица, дом 7, корпус 1",37.923,55.686999999999976,LAMPOCHKI,,0.0
19119,RC,Пункт приема отработанных ртутьсодержащих ламп № 360,"город Москва, проспект Защитников Москвы, дом 13",37.92199999999999,55.70199999999998,LAMPOCHKI,,0.0
19120,RC,Пункт приема отработанных ртутьсодержащих ламп № 361,"г. Москва, ул. Маршала Чуйкова, д. 11, к. 3",37.761382,55.695822,LAMPOCHKI,,0.0
19121,RC,Пункт приема отработанных ртутьсодержащих ламп № 362,"город Москва, Зеленодольская улица, дом 32, корпус 5",37.768446,55.711217999999995,LAMPOCHKI,,0.0
19124,RC,Пункт приема отработанных ртутьсодержащих ламп № 365,"город Москва, квартал Волжский Бульвар 113а, корпус 4",37.753748,55.698337999999985,LAMPOCHKI,,1.0
19125,RC,Пункт приема отработанных ртутьсодержащих ламп № 366,"город Москва, улица Фёдора Полетаева, дом 32, корпус 6",37.78598,55.70632499999998,LAMPOCHKI,,0.0
19126,RC,Пункт приема отработанных ртутьсодержащих ламп № 367,"город Москва, Волгоградский проспект, дом 130, корпус 3",37.78426399999999,55.70089700000001,LAMPOCHKI,,0.0
19127,RC,Пункт приема отработанных ртутьсодержащих ламп № 368,"город Москва, Волгоградский проспект, дом 96, корпус 4",37.77247799999999,55.70249500000001,LAMPOCHKI,,0.0
19128,RC,Пункт приема отработанных ртутьсодержащих ламп № 369,"город Москва, Волгоградский проспект, дом 135, корпус 3",37.77254099999999,55.70613199999999,LAMPOCHKI,,0.0
19129,RC,Пункт приема отработанных ртутьсодержащих ламп № 370,"город Москва, Левый тупик, дом 5/7",37.700918,55.74748,LAMPOCHKI,,0.0
19130,RC,Пункт приема отработанных ртутьсодержащих ламп № 371,"город Москва, 1-я Новокузьминская улица, дом 22, корпус 2",37.792968,55.71253300000001,LAMPOCHKI,,0.0
19131,RC,Пункт приема отработанных ртутьсодержащих ламп № 373,"город Москва, Волочаевская улица, дом 12",37.681630999999996,55.756421999999986,LAMPOCHKI,,0.0
19132,RC,Пункт приема отработанных ртутьсодержащих ламп № 374,"город Москва, улица Лапина, дом 3",37.712704,55.756390999999994,LAMPOCHKI,,0.0
19133,RC,Пункт приема отработанных ртутьсодержащих ламп № 375,"город Москва, шоссе Энтузиастов, дом 11А, корпус 3",37.71441099999999,55.753261,LAMPOCHKI,,0.0
19134,RC,Пункт приема отработанных ртутьсодержащих ламп № 377,"город Москва, Авиамоторная улица, дом 49/1",37.71970199999999,55.74846799999999,LAMPOCHKI,,0.0
19135,RC,Пункт приема отработанных ртутьсодержащих ламп № 378,"город Москва, Солдатская улица, дом 10, корпус 1",37.702706,55.76442,LAMPOCHKI,,0.0
19136,RC,Пункт приема отработанных ртутьсодержащих ламп № 379,"город Москва, Сторожевая улица, дом 18",37.71286599999999,55.76635899999999,LAMPOCHKI,,0.0
19137,RC,Пункт приема отработанных ртутьсодержащих ламп № 381,"город Москва, улица Полбина, дом 42",37.728541,55.680458,LAMPOCHKI,,0.0
19138,RC,Пункт приема отработанных ртутьсодержащих ламп № 382,"город Москва, улица Полбина, дом 58, строение 2",37.72449,55.67472199999998,LAMPOCHKI,,0.0
19139,RC,Пункт приема отработанных ртутьсодержащих ламп № 383,"город Москва, улица Кухмистерова, дом 3, корпус 1",37.719873,55.68661899999998,LAMPOCHKI,,0.0
19140,RC,Пункт приема отработанных ртутьсодержащих ламп № 384,"город Москва, Шоссейная улица, дом 46, корпус 1",37.721984,55.680285,LAMPOCHKI,,0.0
19141,RC,Пункт приема отработанных ртутьсодержащих ламп № 386,"город Москва, улица Гурьянова, дом 67",37.71704299999999,55.677352000000006,LAMPOCHKI,,0.0
19142,RC,Пункт приема отработанных ртутьсодержащих ламп № 387,"город Москва, Батюнинская улица, дом 14",37.70588599999999,55.65953099999999,LAMPOCHKI,,0.0
19143,RC,Пункт приема отработанных ртутьсодержащих ламп № 388,"город Москва, 2-й квартал Капотня, дом 4",37.797774,55.64004499999999,LAMPOCHKI,,0.0
19144,RC,Пункт приема отработанных ртутьсодержащих ламп № 389,"город Москва, 5-й квартал Капотня, дом 26",37.79869999999999,55.63107599999999,LAMPOCHKI,,0.0
19145,RC,Пункт приема отработанных ртутьсодержащих ламп № 391,"город Москва, Хвалынский бульвар, дом 1",37.853263,55.699095999999976,LAMPOCHKI,,0.0
19146,RC,Пункт приема отработанных ртутьсодержащих ламп № 393,"город Москва, улица Авиаконструктора Миля, дом 5, корпус 2",37.854584,55.687487,LAMPOCHKI,,0.0
19147,RC,Пункт приема отработанных ртутьсодержащих ламп № 394,"город Москва, улица Генерала Кузнецова, дом 11, корпус 2",37.860718999999996,55.68846599999998,LAMPOCHKI,,0.0
19148,RC,Пункт приема отработанных ртутьсодержащих ламп № 395,"город Москва, улица Авиаконструктора Миля, дом 14",37.855581,55.682233999999994,LAMPOCHKI,,0.0
19149,RC,Пункт приема отработанных ртутьсодержащих ламп № 396,"город Москва, Жулебинский бульвар, дом 36, корпус 3",37.849256999999994,55.68383300000001,LAMPOCHKI,,0.0
19150,RC,Пункт приема отработанных ртутьсодержащих ламп № 398,"город Москва, Привольная улица, дом 61, корпус 1",37.84577999999999,55.68253899999997,LAMPOCHKI,,1.0
19151,RC,Пункт приема отработанных ртутьсодержащих ламп № 400,"город Москва, Ферганская улица, дом 13, корпус 1",37.811851,55.70819099999998,LAMPOCHKI,,1.0
19152,RC,Пункт приема отработанных ртутьсодержащих ламп № 402,"город Москва, Рязанский проспект, дом 64, корпус 2",37.803649,55.713784999999994,LAMPOCHKI,,0.0
19153,RC,Пункт приема отработанных ртутьсодержащих ламп № 403,"город Москва, Рязанский проспект, дом 93, корпус 1",37.807306,55.71537299999999,LAMPOCHKI,,0.0
19154,RC,Пункт приема отработанных ртутьсодержащих ламп № 405,"город Москва, Ферганский проезд, дом 10, корпус 3",37.819424,55.69639699999999,LAMPOCHKI,,0.0
19155,RC,Пункт приема отработанных ртутьсодержащих ламп № 412,"город Москва, улица Перерва, дом 62, корпус 4",37.76724999999999,55.664689999999986,LAMPOCHKI,,0.0
19156,RC,Пункт приема отработанных ртутьсодержащих ламп № 413,"г. Москва, Братиславская ул., д. 10, к. 1",37.750658,55.662130999999995,LAMPOCHKI,,0.0
19157,RC,Пункт приема отработанных ртутьсодержащих ламп № 414,"город Москва, Подольская улица, дом 1, корпус 2",37.712578,55.65392399999999,LAMPOCHKI,,0.0
19158,RC,Пункт приема отработанных ртутьсодержащих ламп № 415,"город Москва, Батайский проезд, дом 35",37.724354999999996,55.64386099999999,LAMPOCHKI,,0.0
19159,RC,Пункт приема отработанных ртутьсодержащих ламп № 416,"город Москва, Марьинский бульвар, дом 13",37.747,55.65487000000002,LAMPOCHKI,,0.0
19160,RC,Пункт приема отработанных ртутьсодержащих ламп № 418,"г. Москва, Братиславская ул., д. 21, к. 2",37.76305989814415,55.65768063236057,LAMPOCHKI,,0.0
19161,RC,Пункт приема отработанных ртутьсодержащих ламп № 419,"город Москва, Перервинский бульвар, дом 19, корпус 3",37.77307999999999,55.65721999999999,LAMPOCHKI,,0.0
19162,RC,Пункт приема отработанных ртутьсодержащих ламп и батареек № 421,"г. Москва, Новочеркасский б-р, д. 23",37.733077999999914,55.64815826998934,"LAMPOCHKI,BATAREJKI",,0.0
19163,RC,Пункт приема отработанных ртутьсодержащих ламп № 422,"город Москва, улица Маршала Голованова, дом 15",37.73118199999999,55.645431,LAMPOCHKI,,0.0
19164,RC,Пункт приема отработанных ртутьсодержащих ламп № 423,"город Москва, Марьинский бульвар, дом 7",37.75371199999999,55.649784000000004,LAMPOCHKI,,0.0
19165,RC,Пункт приема отработанных ртутьсодержащих ламп № 425,"город Москва, Поречная улица, дом 13, корпус 1",37.758626,55.646589,LAMPOCHKI,,0.0
19166,RC,Пункт приема отработанных ртутьсодержащих ламп № 426,"город Москва, Донецкая улица, дом 11",37.719666,55.64973799999999,LAMPOCHKI,,0.0
19167,RC,Пункт приема отработанных ртутьсодержащих ламп № 428,"г. Москва, 1-я Дубровская ул., д. 4а",37.66836729695844,55.72724610074255,LAMPOCHKI,,0.0
19168,RC,Пункт приема отработанных ртутьсодержащих ламп № 429,"город Москва, Новоостаповская улица, дом 6",37.667752,55.71766999999999,LAMPOCHKI,,0.0
19169,RC,Пункт приема отработанных ртутьсодержащих ламп № 431,"город Москва, Велозаводская улица, дом 11/1",37.667303,55.711077,LAMPOCHKI,,0.0
19170,RC,Пункт приема отработанных ртутьсодержащих ламп № 432,"город Москва, 7-я Кожуховская улица, дом 10, корпус 1",37.673286000000004,55.708911999999984,LAMPOCHKI,,0.0
19171,RC,Пункт приема отработанных ртутьсодержащих ламп № 433,"город Москва, 6-я Кожуховская улица, дом 28",37.680507999999996,55.70722799999999,LAMPOCHKI,,0.0
19172,RC,Пункт приема отработанных ртутьсодержащих ламп № 434,"город Москва, 5-я Кожуховская улица, дом 18, корпус 2",37.67398699999999,55.70438699999999,LAMPOCHKI,,0.0
19173,RC,Пункт приема отработанных ртутьсодержащих ламп № 435,"город Москва, 2-й Южнопортовый проезд, дом 19, корпус 1",37.686841,55.70111499999999,LAMPOCHKI,,0.0
19174,RC,Пункт приема отработанных ртутьсодержащих ламп № 436,"город Москва, улица Артюхиной, дом 20",37.738336,55.697191000000004,LAMPOCHKI,,0.0
19175,RC,Пункт приема отработанных ртутьсодержащих ламп № 437,"город Москва, улица Юных Ленинцев, дом 18, корпус 1",37.74493399999999,55.699966,LAMPOCHKI,,0.0
19177,RC,Пункт приема отработанных ртутьсодержащих ламп № 439,"Россия, Москва, Юго-Восточный административный округ, район Текстильщики, Волжский Бульвар 95-й квартал, к5А",37.746711,55.713136000000006,LAMPOCHKI,,1.0
19179,RC,Пункт приема отработанных ртутьсодержащих ламп № 441,"город Москва, Кубанская улица, дом 27",37.741772999999995,55.68435599999998,LAMPOCHKI,,0.0
19180,RC,Пункт приема отработанных ртутьсодержащих ламп № 442,"город Москва, Армавирская улица, дом 7А",37.751250999999996,55.67506200000001,LAMPOCHKI,,0.0
19181,RC,Пункт приема отработанных ртутьсодержащих ламп № 443,"город Москва, улица Верхние Поля, дом 9, корпус 3",37.747710999999995,55.665396,LAMPOCHKI,,0.0
19182,RC,Пункт приема отработанных ртутьсодержащих ламп № 444,"город Москва, Таганрогская улица, дом 25",37.756353,55.67628599999998,LAMPOCHKI,,0.0
19183,RC,Пункт приема отработанных ртутьсодержащих ламп № 445,"город Москва, Цимлянская улица, дом 10",37.77305299999999,55.67163600000001,LAMPOCHKI,,0.0
19184,RC,Пункт приема отработанных ртутьсодержащих ламп № 446,"город Москва, улица Маршала Баграмяна, дом 2",37.79058799999999,55.668909000000006,LAMPOCHKI,,0.0
19185,RC,Пункт приема отработанных ртутьсодержащих ламп № 447,"город Москва, Новороссийская улица, дом 6, строение 1",37.758805,55.679905,LAMPOCHKI,,0.0
19186,RC,Пункт приема отработанных ртутьсодержащих ламп № 448,"город Москва, Нижегородская улица, дом 60",37.70653299999999,55.73375599999998,LAMPOCHKI,,0.0
19187,RC,Пункт приема отработанных ртутьсодержащих ламп № 449,"город Москва, Нижегородская улица, дом 65",37.718812,55.73196200000001,LAMPOCHKI,,0.0
19188,RC,Пункт приема отработанных ртутьсодержащих ламп № 450,"город Москва, 3-я Карачаровская улица, дом 6, корпус 1",37.74567199999999,55.73378700000001,LAMPOCHKI,,0.0
19189,RC,Пункт приема отработанных ртутьсодержащих ламп № 451,"город Москва, Орехово-Зуевский проезд, дом 14",37.751987,55.73088700000002,LAMPOCHKI,,0.0
19190,RC,Пункт приема отработанных ртутьсодержащих ламп № 453,"город Москва, Лебедянская улица, дом 30",37.691683,55.584584000000014,LAMPOCHKI,,0.0
19191,RC,Пункт приема отработанных ртутьсодержащих ламп № 454,"город Москва, Липецкая улица, дом 34/25",37.674849,55.58768699999999,LAMPOCHKI,,0.0
19192,RC,Пункт приема отработанных ртутьсодержащих ламп № 455,"город Москва, Бирюлёвская улица, дом 18, корпус 1",37.66088899999999,55.597530999999975,LAMPOCHKI,,0.0
19193,RC,Пункт приема отработанных ртутьсодержащих ламп № 456,"город Москва, Бирюлёвская улица, дом 11, корпус 2",37.66495,55.597749,LAMPOCHKI,,0.0
19194,RC,Пункт приема отработанных ртутьсодержащих ламп № 457,"город Москва, Бирюлёвская улица, дом 45, корпус 1",37.66786,55.58530600000002,LAMPOCHKI,,0.0
19195,RC,Пункт приема отработанных ртутьсодержащих ламп № 458,"город Москва, Липецкая улица, дом 46, корпус 1",37.68014899999999,55.581357999999994,LAMPOCHKI,,0.0
19196,RC,Пункт приема отработанных ртутьсодержащих ламп № 460,"город Москва, Михневская улица, дом 7, корпус 1",37.662099999999995,55.5843,LAMPOCHKI,,0.0
19197,RC,Пункт приема отработанных ртутьсодержащих ламп № 461,"город Москва, Михневский проезд, дом 6",37.668246,55.57666100000001,LAMPOCHKI,,0.0
19198,RC,Пункт приема отработанных ртутьсодержащих ламп № 462,"город Москва, Липецкая улица, дом 24, корпус 2",37.68579,55.58010099999999,LAMPOCHKI,,0.0
19199,RC,Пункт приема отработанных ртутьсодержащих ламп № 463,"город Москва, Медынская улица, дом 2, корпус 2",37.647989,55.592545999999984,LAMPOCHKI,,0.0
19200,RC,Пункт приема отработанных ртутьсодержащих ламп № 464,"город Москва, Медынская улица, дом 1, корпус 1",37.652634,55.59136999999999,LAMPOCHKI,,0.0
19201,RC,Пункт приема отработанных ртутьсодержащих ламп № 465,"город Москва, Булатниковский проезд, дом 14, корпус 4",37.655688,55.58226299999998,LAMPOCHKI,,0.0
19202,RC,Пункт приема отработанных ртутьсодержащих ламп № 466,"город Москва, Медынская улица, дом 14, корпус 1",37.646768,55.58311799999999,LAMPOCHKI,,0.0
19203,RC,Пункт приема отработанных ртутьсодержащих ламп № 467,"город Москва, Булатниковская улица, дом 7, корпус 1",37.65081,55.579709,LAMPOCHKI,,0.0
19204,RC,Пункт приема отработанных ртутьсодержащих ламп № 468,"город Москва, Востряковский проезд, дом 25, корпус 2",37.656335,55.57664499999999,LAMPOCHKI,,0.0
19205,RC,Пункт приема отработанных ртутьсодержащих ламп № 469,"город Москва, улица Борисовские Пруды, дом 10, корпус 5",37.74119,55.633597,LAMPOCHKI,,0.0
19206,RC,Пункт приема отработанных ртутьсодержащих ламп № 470,"город Москва, улица Борисовские Пруды, дом 14, корпус 1",37.7441,55.636443,LAMPOCHKI,,1.0
19207,RC,Пункт приема отработанных ртутьсодержащих ламп № 472,"город Москва, Братеевская улица, дом 25, корпус 2",37.752841,55.63382600000001,LAMPOCHKI,,0.0
19208,RC,Пункт приема отработанных ртутьсодержащих ламп № 473,"город Москва, Паромная улица, дом 9, корпус 2",37.765579,55.637383,LAMPOCHKI,,0.0
19209,RC,Пункт приема отработанных ртутьсодержащих ламп № 474,"город Москва, улица Борисовские Пруды, дом 38",37.766235,55.641839,LAMPOCHKI,,0.0
19210,RC,Пункт приема отработанных ртутьсодержащих ламп № 475,"город Москва, Алма-Атинская улица, дом 9, корпус 2",37.772684,55.639649,LAMPOCHKI,,0.0
19211,RC,Пункт приема отработанных ртутьсодержащих ламп № 476,"город Москва, улица Борисовские Пруды, дом 42",37.769936,55.643597,LAMPOCHKI,,0.0
19212,RC,Пункт приема отработанных ртутьсодержащих ламп № 477,"город Москва, Братеевская улица, дом 18, корпус 3",37.769064,55.634364,LAMPOCHKI,,0.0
19213,RC,Пункт приема отработанных ртутьсодержащих ламп № 478,"город Москва, Ключевая улица, дом 24, корпус 1",37.763764,55.63098000000001,LAMPOCHKI,,0.0
19214,RC,Пункт приема отработанных ртутьсодержащих ламп № 479,"город Москва, улица Симоновский Вал, дом 8, корпус 2",37.661733999999996,55.726000000000006,LAMPOCHKI,,0.0
19215,RC,Пункт приема отработанных ртутьсодержащих ламп № 480,"город Москва, улица Ленинская Слобода, дом 4",37.661987,55.71258000000001,LAMPOCHKI,,0.0
19216,RC,Пункт приема отработанных ртутьсодержащих ламп № 484,"город Москва, Мытная улица, дом 23",37.619522,55.71718799999999,LAMPOCHKI,,0.0
19217,RC,Пункт приема отработанных ртутьсодержащих ламп № 485,"город Москва, улица Шухова, дом 4",37.618048,55.71723399999998,LAMPOCHKI,,0.0
19218,RC,Пункт приема отработанных ртутьсодержащих ламп № 487,"город Москва, Малая Тульская улица, дом 2/1, корпус 26",37.617357,55.709074,LAMPOCHKI,,0.0
19219,RC,Пункт приема отработанных ртутьсодержащих ламп № 488,"город Москва, 3-й Павелецкий проезд, дом 6, корпус В",37.641673999999995,55.71210200000001,LAMPOCHKI,,0.0
19220,RC,Пункт приема отработанных ртутьсодержащих ламп № 489,"город Москва, Дербеневская набережная, дом 13/17, корпус 5",37.65030699999999,55.720119000000004,LAMPOCHKI,,0.0
19221,RC,Пункт приема отработанных ртутьсодержащих ламп № 490,"город Москва, Севастопольский проспект, дом 3, корпус 1",37.60935299999999,55.693186,LAMPOCHKI,,0.0
19222,RC,Пункт приема отработанных ртутьсодержащих ламп № 491,"город Москва, Варшавское шоссе, дом 2",37.619682,55.699943,LAMPOCHKI,,0.0
19223,RC,Пункт приема отработанных ртутьсодержащих ламп № 493,"г. Москва, Ленинский пр-т, д. 20",37.59298499999999,55.716696,LAMPOCHKI,,0.0
19224,RC,Пункт приема отработанных ртутьсодержащих ламп № 494,"город Москва, Ореховый проезд, дом 35, корпус 2",37.734982,55.618308,LAMPOCHKI,,0.0
19225,RC,Пункт приема отработанных ртутьсодержащих ламп № 495,"город Москва, Шипиловская улица, дом 60, корпус 1",37.74843899999999,55.621709,LAMPOCHKI,,0.0
19226,RC,Пункт приема отработанных ртутьсодержащих ламп № 496,"город Москва, Кустанайская улица, дом 3, корпус 2",37.755051,55.61957899999998,LAMPOCHKI,,1.0
19227,RC,Пункт приема отработанных ртутьсодержащих ламп № 497,"город Москва, Ореховый бульвар, дом 51, корпус 2",37.74964299999999,55.61833399999999,LAMPOCHKI,,0.0
19228,RC,Пункт приема отработанных ртутьсодержащих ламп № 498,"город Москва, улица Мусы Джалиля, дом 5, корпус 5",37.748232,55.63011100000001,LAMPOCHKI,,0.0
19229,RC,Пункт приема отработанных ртутьсодержащих ламп № 499,"город Москва, Задонский проезд, дом 14, корпус 2",37.747226,55.625480999999986,LAMPOCHKI,,0.0
19230,RC,Пункт приема отработанных ртутьсодержащих ламп № 500,"город Москва, улица Мусы Джалиля, дом 14, корпус 1",37.741351,55.62505900000001,LAMPOCHKI,,0.0
19231,RC,Пункт приема отработанных ртутьсодержащих ламп № 501,"город Москва, Ореховый проезд, дом 9",37.73589799999999,55.626079999999995,LAMPOCHKI,,0.0
19232,RC,Пункт приема отработанных ртутьсодержащих ламп № 502,"город Москва, Каширское шоссе, дом 32, корпус 3",37.648708,55.651561999999984,LAMPOCHKI,,0.0
19233,RC,Пункт приема отработанных ртутьсодержащих ламп № 503,"город Москва, Каширское шоссе, дом 51, корпус 4",37.692142,55.63988299999999,LAMPOCHKI,,0.0
19234,RC,Пункт приема отработанных ртутьсодержащих ламп № 504,"город Москва, Пролетарский проспект, дом 1",37.657844,55.64779799999998,LAMPOCHKI,,0.0
19235,RC,Пункт приема отработанных ртутьсодержащих ламп № 505,"город Москва, улица Борисовские Пруды, дом 23, корпус 2",37.724292,55.63678299999999,LAMPOCHKI,,0.0
19236,RC,Пункт приема отработанных ртутьсодержащих ламп № 506,"город Москва, Кантемировская улица, дом 4, корпус 1",37.68019399999999,55.637428,LAMPOCHKI,,0.0
19237,RC,Пункт приема отработанных ртутьсодержащих ламп № 507,"город Москва, Кантемировская улица, дом 18, корпус 4",37.664464,55.64003599999999,LAMPOCHKI,,0.0
19238,RC,Пункт приема отработанных ртутьсодержащих ламп № 508,"город Москва, улица Академика Миллионщикова, дом 21",37.649202,55.66776699999999,LAMPOCHKI,,0.0
19239,RC,Пункт приема отработанных ртутьсодержащих ламп № 509,"город Москва, улица Академика Миллионщикова, дом 31",37.64678599999999,55.66399400000001,LAMPOCHKI,,0.0
19240,RC,Пункт приема отработанных ртутьсодержащих ламп № 510,"город Москва, проспект Андропова, дом 46, корпус 1",37.660259999999994,55.669365999999975,LAMPOCHKI,,0.0
19241,RC,Пункт приема отработанных ртутьсодержащих ламп № 511,"город Москва, Каширское шоссе, дом 16",37.63049899999999,55.662186999999996,LAMPOCHKI,,0.0
19242,RC,Пункт приема отработанных ртутьсодержащих ламп № 512,"город Москва, Каширское шоссе, дом 2, корпус 1",37.627714,55.669304999999994,LAMPOCHKI,,0.0
19243,RC,Пункт приема отработанных ртутьсодержащих ламп № 513,"город Москва, Варшавское шоссе, дом 53, корпус 4",37.630706,55.67758499999998,LAMPOCHKI,,0.0
19244,RC,Пункт приема отработанных ртутьсодержащих ламп № 514,"город Москва, Нагатинская набережная, дом 14, корпус 5",37.649238,55.681559,LAMPOCHKI,,0.0
19245,RC,Пункт приема отработанных ртутьсодержащих ламп № 515,"город Москва, Нагатинская набережная, дом 20",37.655517,55.68270600000001,LAMPOCHKI,,0.0
19246,RC,Пункт приема отработанных ртутьсодержащих ламп № 516,"город Москва, Нагатинская улица, дом 29, корпус 1",37.65770899999999,55.677956,LAMPOCHKI,,0.0
19247,RC,Пункт приема отработанных ртутьсодержащих ламп № 517,"город Москва, Судостроительная улица, дом 30, корпус 1",37.684946,55.68349299999998,LAMPOCHKI,,0.0
19248,RC,Пункт приема отработанных ртутьсодержащих ламп № 518,"город Москва, Кленовый бульвар, дом 10, корпус 3",37.67089599999999,55.68222900000001,LAMPOCHKI,,0.0
19249,RC,Пункт приема отработанных ртутьсодержащих ламп № 519,"город Москва, улица Новинки, дом 21, корпус 2",37.67431,55.677260000000004,LAMPOCHKI,,0.0
19250,RC,Пункт приема отработанных ртутьсодержащих ламп № 520,"город Москва, Судостроительная улица, дом 27, корпус 3",37.67847799999999,55.68438499999999,LAMPOCHKI,,0.0
19251,RC,Пункт приема отработанных ртутьсодержащих ламп № 521,"город Москва, Затонная улица, дом 2, строение 6",37.68119999999999,55.68076299999998,LAMPOCHKI,,0.0
19252,RC,Пункт приема отработанных ртутьсодержащих ламп № 522,"город Москва, Нагатинская набережная, дом 62, строение 2",37.6903,55.68881699999999,LAMPOCHKI,,0.0
19253,RC,Пункт приема отработанных ртутьсодержащих ламп № 523,"город Москва, Коломенская набережная, дом 22",37.693695999999996,55.67561599999998,LAMPOCHKI,,1.0
19254,RC,Пункт приема отработанных ртутьсодержащих ламп № 524,"город Москва, Коломенская набережная, дом 6, корпус 2",37.707134,55.68358999999999,LAMPOCHKI,,0.0
19255,RC,Пункт приема отработанных ртутьсодержащих ламп № 525,"город Москва, Криворожская улица, дом 25А",37.608472,55.669041,LAMPOCHKI,,0.0
19256,RC,Пункт приема отработанных ртутьсодержащих ламп № 526,"город Москва, Фруктовая улица, дом 5, корпус 2",37.614096,55.65857599999999,LAMPOCHKI,,0.0
19257,RC,Пункт приема отработанных ртутьсодержащих ламп № 527,"город Москва, Болотниковская улица, дом 3, корпус 7",37.61373699999999,55.65496000000002,LAMPOCHKI,,0.0
19258,RC,Пункт приема отработанных ртутьсодержащих ламп № 528,"город Москва, Артековская улица, дом 7, корпус 3",37.615363,55.64945899999998,LAMPOCHKI,,0.0
19259,RC,Пункт приема отработанных ртутьсодержащих ламп № 529,"город Москва, Симферопольский бульвар, дом 17, корпус 1",37.606496,55.652024000000004,LAMPOCHKI,,0.0
19260,RC,Пункт приема отработанных ртутьсодержащих ламп № 530,"город Москва, Балаклавский проспект, дом 10, корпус 1",37.60992799999999,55.64273800000001,LAMPOCHKI,,0.0
19261,RC,Пункт приема отработанных ртутьсодержащих ламп № 532,"город Москва, Каширское шоссе, дом 94, корпус 4",37.708085,55.61558699999999,LAMPOCHKI,,0.0
19262,RC,Пункт приема отработанных ртутьсодержащих ламп № 535,"город Москва, Шипиловская улица, дом 14",37.703424,55.616777,LAMPOCHKI,,0.0
19263,RC,Пункт приема отработанных ртутьсодержащих ламп № 536,"город Москва, Борисовский проезд, дом 11, корпус 3",37.718547,55.627082,LAMPOCHKI,,0.0
19264,RC,Пункт приема отработанных ртутьсодержащих ламп № 537,"город Москва, Шипиловская улица, дом 25, корпус 1",37.72132799999999,55.62127399999999,LAMPOCHKI,,0.0
19265,RC,Пункт приема отработанных ртутьсодержащих ламп № 538,"город Москва, улица Генерала Белова, дом 19, корпус 1",37.718286,55.61897999999998,LAMPOCHKI,,0.0
19266,RC,Пункт приема отработанных ртутьсодержащих ламп № 539,"город Москва, Ореховый бульвар, дом 25",37.726905,55.613083,LAMPOCHKI,,0.0
19267,RC,Пункт приема отработанных ртутьсодержащих ламп № 540,"город Москва, Шипиловская улица, дом 5, корпус 1",37.70029199999999,55.61814,LAMPOCHKI,,0.0
19268,RC,Пункт приема отработанных ртутьсодержащих ламп № 541,"город Москва, Каширское шоссе, дом 84, корпус 1",37.70919299999999,55.622187999999994,LAMPOCHKI,,0.0
19269,RC,Пункт приема отработанных ртутьсодержащих ламп № 542,"город Москва, улица Маршала Захарова, дом 14, корпус 1",37.69785999999999,55.622089999999986,LAMPOCHKI,,0.0
19270,RC,Пункт приема отработанных ртутьсодержащих ламп № 544,"город Москва, Воронежская улица, дом 34, корпус 6",37.74074000000001,55.60863299999998,LAMPOCHKI,,0.0
19271,RC,Пункт приема отработанных ртутьсодержащих ламп № 545,"город Москва, Елецкая улица, дом 31, корпус 1",37.736436999999995,55.60234199999999,LAMPOCHKI,,0.0
19272,RC,Пункт приема отработанных ртутьсодержащих ламп № 546,"город Москва, Гурьевский проезд, дом 23, корпус 3",37.753496,55.60803799999999,LAMPOCHKI,,0.0
19273,RC,Пункт приема отработанных ртутьсодержащих ламп № 547,"город Москва, Елецкая улица, дом 16, корпус 1",37.732074,55.606675,LAMPOCHKI,,0.0
19274,RC,Пункт приема отработанных ртутьсодержащих ламп № 549,"город Москва, Ореховый бульвар, дом 18, корпус 2",37.72811,55.611297000000015,LAMPOCHKI,,0.0
19275,RC,Пункт приема отработанных ртутьсодержащих ламп № 550,"город Москва, Каширское шоссе, дом 124, корпус 2",37.716603,55.604342,LAMPOCHKI,,0.0
19276,RC,Пункт приема отработанных ртутьсодержащих ламп № 551,"город Москва, Каширское шоссе, дом 144, корпус 2",37.722927,55.59641700000002,LAMPOCHKI,,0.0
19277,RC,Пункт приема отработанных ртутьсодержащих ламп № 552,"город Москва, Каширское шоссе, дом 108, корпус 2",37.715704,55.60892799999998,LAMPOCHKI,,0.0
19278,RC,Пункт приема отработанных ртутьсодержащих ламп № 553,"город Москва, Домодедовская улица, дом 24, корпус 2",37.70856299999999,55.607899999999994,LAMPOCHKI,,0.0
19279,RC,Пункт приема отработанных ртутьсодержащих ламп № 554,"город Москва, улица Бехтерева, дом 13",37.648896,55.62297600000001,LAMPOCHKI,,0.0
19280,RC,Пункт приема отработанных ртутьсодержащих ламп № 555,"город Москва, Севанская улица, дом 54, корпус 1",37.650675,55.62461199999998,LAMPOCHKI,,0.0
19281,RC,Пункт приема отработанных ртутьсодержащих ламп №342,"город Москва, Кавказский бульвар, дом 25",37.6675,55.629749999999994,"LAMPOCHKI,OPASNYE_OTHODY",,0.0
19282,RC,Пункт приема отработанных ртутьсодержащих ламп № 557,"город Москва, Каспийская улица, дом 24, корпус 3",37.673663,55.625637999999995,LAMPOCHKI,,0.0
19283,RC,Пункт приема отработанных ртутьсодержащих ламп № 558,"город Москва, Севанская улица, дом 21, корпус 3",37.648894000000006,55.622974,LAMPOCHKI,,0.0
19284,RC,Пункт приема отработанных ртутьсодержащих ламп № 559,"город Москва, Солнечная улица, дом 1",37.666647,55.62253299999998,LAMPOCHKI,,1.0
19285,RC,Пункт приема отработанных ртутьсодержащих ламп № 560,"город Москва, улица Медиков, дом 24",37.679807999999994,55.632692,LAMPOCHKI,,0.0
19286,RC,Пункт приема отработанных ртутьсодержащих ламп №365,"город Москва, Кантемировская улица, дом 33, корпус 2",37.66182299999999,55.63535999999999,LAMPOCHKI,,0.0
19287,RC,Пункт приема отработанных ртутьсодержащих ламп № 562,"город Москва, Сумской проезд, дом 8, корпус 1",37.610009,55.634785999999984,LAMPOCHKI,,1.0
19288,RC,Пункт приема отработанных ртутьсодержащих ламп № 563,"город Москва, Балаклавский проспект, дом 1",37.61427599999999,55.640212999999996,LAMPOCHKI,,0.0
19289,RC,Пункт приема отработанных ртутьсодержащих ламп № 564,"город Москва, Сумской проезд, дом 5, корпус 3",37.606352,55.632647,LAMPOCHKI,,0.0
19290,RC,Пункт приема отработанных ртутьсодержащих ламп № 565,"город Москва, Сумская улица, дом 8, корпус 2",37.603038,55.626502,LAMPOCHKI,,0.0
19291,RC,Пункт приема отработанных ртутьсодержащих ламп № 566,"город Москва, Чертановская улица, дом 16, корпус 2",37.59541099999999,55.62799099999999,LAMPOCHKI,,0.0
19292,RC,Пункт приема отработанных ртутьсодержащих ламп № 567,"город Москва, Варшавское шоссе, дом 122",37.615937,55.62845399999999,LAMPOCHKI,,0.0
19293,RC,Пункт приема отработанных ртутьсодержащих ламп № 568,"город Москва, Кировоградская улица, дом 16, корпус 3",37.603141,55.619034,LAMPOCHKI,,0.0
19294,RC,Пункт приема отработанных ртутьсодержащих ламп № 569,"г. Москва, ул. Красного Маяка, д. 4, к. 1",37.599771999999994,55.61207999999999,LAMPOCHKI,,0.0
19295,RC,Пункт приема отработанных ртутьсодержащих ламп № 570,"город Москва, улица Красного Маяка, дом 13А, корпус 2",37.579451999999996,55.609416,LAMPOCHKI,,0.0
19296,RC,Пункт приема отработанных ртутьсодержащих ламп № 571,"город Москва, Кировоградская улица, дом 17, корпус 1А",37.604938999999995,55.60903399999999,LAMPOCHKI,,0.0
19297,RC,Пункт приема отработанных ртутьсодержащих ламп № 572,"город Москва, Чертановская улица, дом 36, корпус 1",37.590789,55.615829,LAMPOCHKI,,0.0
19298,RC,Пункт приема отработанных ртутьсодержащих ламп № 573,"город Москва, Чертановская улица, дом 30, строение 1",37.589127,55.620938999999986,LAMPOCHKI,,0.0
19299,RC,Пункт приема отработанных ртутьсодержащих ламп № 574,"город Москва, Чертановская улица, дом 41, корпус 2",37.594228,55.60781699999999,LAMPOCHKI,,1.0
19300,RC,Пункт приема отработанных ртутьсодержащих ламп № 575,"город Москва, Чертановская улица, дом 42, корпус 3",37.589368,55.611157,LAMPOCHKI,,1.0
19301,RC,Пункт приема отработанных ртутьсодержащих ламп № 576,"город Москва, улица Газопровод, дом 7, корпус 2",37.606191,55.59120299999999,LAMPOCHKI,,0.0
19302,RC,Пункт приема отработанных ртутьсодержащих ламп № 577,"город Москва, 3-й Дорожный проезд, дом 6, корпус 1",37.612443,55.60143200000002,LAMPOCHKI,,0.0
19303,RC,Пункт приема отработанных ртутьсодержащих ламп № 578,"город Москва, Дорожная улица, дом 7, корпус 2",37.624166,55.60081599999999,LAMPOCHKI,,0.0
19304,RC,Пункт приема отработанных ртутьсодержащих ламп № 579,"город Москва, Кировоградская улица, дом 44Б, строение 2",37.59451299999999,55.597119,LAMPOCHKI,,0.0
19305,RC,Пункт приема отработанных ртутьсодержащих ламп № 580,"город Москва, Чертановская улица, дом 64, корпус 2",37.584137,55.599138,LAMPOCHKI,,0.0
19306,RC,Пункт приема отработанных ртутьсодержащих ламп № 581,"город Москва, Варшавское шоссе, дом 158, корпус 1",37.596048999999994,55.585188999999986,LAMPOCHKI,,0.0
19307,RC,Пункт приема отработанных ртутьсодержащих ламп № 582,"г. Москва, Новочерёмушкинская ул., д. 39, к. 1",37.57402164418025,55.67570939791461,LAMPOCHKI,,0.0
19308,RC,Пункт приема отработанных ртутьсодержащих ламп № 584,"город Москва, Нахимовский проспект, дом 48",37.560528999999995,55.68018400000001,LAMPOCHKI,,0.0
19309,RC,Пункт приема отработанных ртутьсодержащих ламп № 585,"г. Москва, пр-кт 60-летия Октября, д. 25, к. 2",37.577705,55.69053699999999,LAMPOCHKI,,1.0
19310,RC,Пункт приема отработанных ртутьсодержащих ламп № 586,"город Москва, улица Шверника, дом 11, корпус 3",37.58809,55.69248,LAMPOCHKI,,0.0
19311,RC,Пункт приема отработанных ртутьсодержащих ламп № 587,"город Москва, Профсоюзная улица, дом 11/11",37.56777538769426,55.68131367025688,LAMPOCHKI,,0.5
19312,RC,Пункт приема отработанных ртутьсодержащих ламп № 588,"город Москва, Большая Черёмушкинская улица, дом 6, корпус 2",37.592949999999995,55.688070999999994,LAMPOCHKI,,0.0
19313,RC,Пункт приема отработанных ртутьсодержащих ламп № 589,"город Москва, Новочерёмушкинская улица, дом 20/23",37.57914341726001,55.68222238012496,LAMPOCHKI,,1.0
19314,RC,Пункт приема отработанных ртутьсодержащих ламп № 591,"город Москва, Ломоносовский проспект, дом 7, корпус 1",37.546579,55.68664499999998,LAMPOCHKI,,0.0
19315,RC,Пункт приема отработанных ртутьсодержащих ламп № 592,"г. Москва, Ленинский пр-кт, д. 52",37.562355,55.69879400000001,LAMPOCHKI,,0.0
19316,RC,Пункт приема отработанных ртутьсодержащих ламп № 593,"город Москва, Ленинский проспект, дом 36",37.574516,55.70556,LAMPOCHKI,,0.0
19317,RC,Пункт приема отработанных ртутьсодержащих ламп № 594,"город Москва, Ленинский проспект, дом 43",37.577247,55.705235,LAMPOCHKI,,0.0
19318,RC,Пункт приема отработанных ртутьсодержащих ламп № 595,"г. Москва, Ленинский пр-кт, д. 66",37.5483,55.690677,LAMPOCHKI,,0.0
19319,RC,Пункт приема отработанных ртутьсодержащих ламп № 596,"город Москва, Университетский проспект, дом 5",37.55132700000001,55.69589299999999,LAMPOCHKI,,0.0
19320,RC,Пункт приема отработанных ртутьсодержащих ламп № 597,"город Москва, улица Строителей, дом 4, корпус 1",37.536624999999994,55.68706099999999,LAMPOCHKI,,0.0
19321,RC,Пункт приема отработанных ртутьсодержащих ламп № 598,"город Москва, Фруктовая улица, дом 18",37.60795099999999,55.662155999999996,LAMPOCHKI,,0.0
19322,RC,Пункт приема отработанных ртутьсодержащих ламп № 599,"город Москва, Болотниковская улица, дом 20, корпус 1",37.60071099999999,55.657183999999994,LAMPOCHKI,,0.0
19323,RC,Пункт приема отработанных ртутьсодержащих ламп № 600,"город Москва, Болотниковская улица, дом 33, корпус 3",37.58767,55.657813999999995,LAMPOCHKI,,0.0
19324,RC,Пункт приема отработанных ртутьсодержащих ламп № 601,"город Москва, Болотниковская улица, дом 52, корпус 4",37.585089,55.66430900000002,LAMPOCHKI,,0.0
19325,RC,Пункт приема отработанных ртутьсодержащих ламп № 602,"город Москва, Болотниковская улица, дом 45, корпус 3",37.583769,55.660379,LAMPOCHKI,,0.0
19326,RC,Пункт приема отработанных ртутьсодержащих ламп № 603,"г. Москва, ул. Каховка, д. 14, к. 4",37.575522,55.656711999999985,LAMPOCHKI,,0.0
19327,RC,Пункт приема отработанных ртутьсодержащих ламп № 604,"г. Москва, ул. Каховка, д. 13, к. 7",37.584011,55.64799099999999,LAMPOCHKI,,0.0
19328,RC,Пункт приема отработанных ртутьсодержащих ламп № 605,"город Москва, Херсонская улица, дом 8",37.575711,55.650841,LAMPOCHKI,,0.0
19329,RC,Пункт приема отработанных ртутьсодержащих ламп № 606,"город Москва, Балаклавский проспект, дом 20, корпус 4",37.596236999999995,55.642315999999994,LAMPOCHKI,,0.0
19330,RC,Пункт приема отработанных ртутьсодержащих ламп № 607,"город Москва, Симферопольский бульвар, дом 24, корпус 7",37.602965999999995,55.64861599999999,LAMPOCHKI,,0.0
19331,RC,Пункт приема отработанных ртутьсодержащих ламп № 611,"г. Москва, ул. Генерала Антонова, д. 4, к. 1",37.533032,55.644953000000015,LAMPOCHKI,,0.0
19332,RC,Пункт приема отработанных ртутьсодержащих ламп № 612,"г. Москва, ул. Миклухо-Маклая, д. 44",37.542105,55.637550000000005,LAMPOCHKI,,0.0
19333,RC,Пункт приема отработанных ртутьсодержащих ламп № 622,"город Москва, Севастопольский проспект, дом 51, корпус 5",37.586131,55.668026000000005,LAMPOCHKI,,0.0
19334,RC,Пункт приема отработанных ртутьсодержащих ламп № 624,"город Москва, Нагорная улица, дом 31, корпус 1",37.597145,55.674168999999985,LAMPOCHKI,,0.0
19335,RC,Пункт приема отработанных ртутьсодержащих ламп № 625,"город Москва, улица Академика Пилюгина, дом 16",37.535206,55.668543999999976,LAMPOCHKI,,0.0
19336,RC,Пункт приема отработанных ртутьсодержащих ламп № 626,"город Москва, улица Вавилова, дом 95",37.542285,55.675976,LAMPOCHKI,,0.0
19337,RC,Пункт приема отработанных ртутьсодержащих ламп № 627,"город Москва, Ленинский проспект, дом 88, корпус 1",37.524983,55.67672700000001,LAMPOCHKI,,0.0
19338,RC,Пункт приема отработанных ртутьсодержащих ламп № 628,"г. Москва, ул. Кравченко, д. 12",37.51701500000001,55.678621000000014,LAMPOCHKI,,0.0
19339,RC,Пункт приема отработанных ртутьсодержащих ламп № 629,"г. Москва, ул. Крупской, д. 13",37.525333,55.68264499999999,LAMPOCHKI,,0.0
19340,RC,Пункт приема отработанных ртутьсодержащих ламп № 630,"г. Москва, Ленинский пр-кт, д. 91",37.53143029235949,55.676408350262676,LAMPOCHKI,,0.0
19341,RC,Пункт приема отработанных ртутьсодержащих ламп № 632,"город Москва, улица Строителей, дом 7, корпус 3",37.534083,55.685757,LAMPOCHKI,,0.0
19342,RC,Пункт приема отработанных ртутьсодержащих ламп № 635,"город Москва, улица Гарибальди, дом 26, корпус 5",37.547674,55.66891000000001,LAMPOCHKI,,0.0
19343,RC,Пункт приема отработанных ртутьсодержащих ламп № 636,"город Москва, улица Академика Челомея, дом 8, корпус 2",37.527144,55.661913,LAMPOCHKI,,0.0
19344,RC,Пункт приема отработанных ртутьсодержащих ламп № 637,"г. Москва, ул. Обручева, д. 16, к. 2",37.51327046069983,55.65849245866897,LAMPOCHKI,,0.0
19345,RC,Пункт приема отработанных ртутьсодержащих ламп № 638,"город Москва, улица Обручева, дом 11, корпус 2",37.51660199999999,55.66131799999999,LAMPOCHKI,,0.0
19346,RC,Пункт приема отработанных ртутьсодержащих ламп № 639,"г. Москва, ул. Обручева, д. 28, к. 8",37.5183642625631,55.656547208789796,LAMPOCHKI,,0.0
19347,RC,Пункт приема отработанных ртутьсодержащих ламп № 641,"город Москва, Ленинский проспект, дом 121/1, корпус 2",37.485569,55.649168,LAMPOCHKI,,0.0
19348,RC,Пункт приема отработанных ртутьсодержащих ламп № 642,"город Москва, улица Новаторов, дом 16, корпус 2",37.52418,55.666898999999994,LAMPOCHKI,,0.0
19349,RC,Пункт приема отработанных ртутьсодержащих ламп № 643,"город Москва, Ленинский проспект, дом 105, корпус 4",37.517144,55.66319899999999,LAMPOCHKI,,0.0
19350,RC,Пункт приема отработанных ртутьсодержащих ламп № 644,"город Москва, улица Грина, домовладение 15Б",37.56382599999999,55.56762100000001,LAMPOCHKI,,0.0
19351,RC,Пункт приема отработанных ртутьсодержащих ламп № 645,"город Москва, улица Грина, дом 3, корпус 1",37.57750699999999,55.564536,LAMPOCHKI,,0.0
19352,RC,Пункт приема отработанных ртутьсодержащих ламп № 646,"город Москва, улица Академика Глушко, дом 6",37.569306,55.56365600000001,LAMPOCHKI,,0.0
19353,RC,Пункт приема отработанных ртутьсодержащих ламп № 647,"город Москва, Старокачаловская улица, дом 3А",37.58241199999999,55.568527,LAMPOCHKI,,0.0
19354,RC,Пункт приема отработанных ртутьсодержащих ламп № 648,"город Москва, улица Грина, дом 24",37.57704,55.56600199999999,LAMPOCHKI,,0.0
19355,RC,Пункт приема отработанных ртутьсодержащих ламп № 649,"город Москва, Старобитцевская улица, дом 21А",37.57656399999999,55.57690499999999,LAMPOCHKI,,0.0
19356,RC,Пункт приема отработанных ртутьсодержащих ламп № 650,"город Москва, улица Знаменские Садки, дом 5Б",37.571255,55.57207,LAMPOCHKI,,0.0
19357,RC,Пункт приема отработанных ртутьсодержащих ламп № 652,"город Москва, Ратная улица, дом 2А",37.591395,55.572793,LAMPOCHKI,,0.0
19358,RC,Пункт приема отработанных ртутьсодержащих ламп № 653,"город Москва, Профсоюзная улица, дом 130, корпус 4",37.509927,55.63242799999998,LAMPOCHKI,,0.0
19359,RC,Пункт приема отработанных ртутьсодержащих ламп № 654,"город Москва, Профсоюзная улица, дом 140, корпус 1",37.509685,55.62706599999999,LAMPOCHKI,,0.0
19360,RC,Пункт приема отработанных ртутьсодержащих ламп № 655,"город Москва, Профсоюзная улица, дом 136, корпус 1",37.512937,55.62883,LAMPOCHKI,,0.0
19361,RC,Пункт приема отработанных ртутьсодержащих ламп № 656,"г. Москва, ул. Тёплый Стан, д. 7, к. 3",37.496469999999995,55.62003199999999,LAMPOCHKI,,0.0
19362,RC,Пункт приема отработанных ртутьсодержащих ламп № 657,"г. Москва, ул. Генерала Тюленева, д. 35",37.493937,55.615751,LAMPOCHKI,,0.0
19363,RC,Пункт приема отработанных ртутьсодержащих ламп № 658,"г. Москва, ул. Тёплый Стан, д. 15, к. 4",37.489022999999996,55.62051999999999,LAMPOCHKI,,0.0
19364,RC,Пункт приема отработанных ртутьсодержащих ламп № 659,"город Москва, улица Тёплый Стан, дом 21, корпус 5",37.48148700000001,55.62760999999998,LAMPOCHKI,,0.0
19365,RC,Пункт приема отработанных ртутьсодержащих ламп № 660,"город Москва, улица Генерала Тюленева, дом 5, корпус 1",37.48616700000001,55.625037999999996,LAMPOCHKI,,0.0
19366,RC,Пункт приема отработанных ртутьсодержащих ламп № 661,"город Москва, улица Академика Варги, дом 1",37.479906,55.63094399999999,LAMPOCHKI,,0.0
19367,RC,Пункт приема отработанных ртутьсодержащих ламп № 662,"г. Москва, ул. Тёплый Стан, д. 12, к. 5",37.485915,55.630619,LAMPOCHKI,,0.0
19368,RC,Пункт приема отработанных ртутьсодержащих ламп № 663,"город Москва, улица Академика Варги, дом 22А",37.47177599999999,55.633902,LAMPOCHKI,,0.0
19369,RC,Пункт приема отработанных ртутьсодержащих ламп № 664,"город Москва, Ленинский проспект, дом 129, корпус 2",37.480849,55.643712999999984,LAMPOCHKI,,0.0
19370,RC,Пункт приема отработанных ртутьсодержащих ламп № 665,"г. Москва, ул. Академика Бакулева, д. 6, с. 1",37.487634,55.64259599999998,LAMPOCHKI,,0.0
19371,RC,Пункт приема отработанных ртутьсодержащих ламп № 666,"город Москва, Новочерёмушкинская улица, дом 49, корпус 1",37.572558,55.67201600000001,LAMPOCHKI,,0.0
19372,RC,Пункт приема отработанных ртутьсодержащих ламп № 668,"город Москва, улица Каховка, дом 18, корпус 3",37.570492,55.658469000000004,LAMPOCHKI,,0.0
19373,RC,Пункт приема отработанных ртутьсодержащих ламп № 669,"город Москва, улица Архитектора Власова, дом 7, корпус 2",37.554744,55.679356999999996,LAMPOCHKI,,0.0
19374,RC,Пункт приема отработанных ртутьсодержащих ламп № 671,"город Москва, улица Цюрупы, дом 8",37.57739099999999,55.670387,LAMPOCHKI,,0.0
19375,RC,Пункт приема отработанных ртутьсодержащих ламп № 672,"город Москва, улица Гарибальди, дом 23, корпус 4",37.555041,55.67274699999999,LAMPOCHKI,,0.0
19376,RC,Пункт приема отработанных ртутьсодержащих ламп № 673,"город Москва, улица Каховка, дом 35, корпус 2",37.564921999999996,55.65787499999998,LAMPOCHKI,,0.0
19377,RC,Пункт приема отработанных ртутьсодержащих ламп № 674,"город Москва, улица Обручева, дом 55А",37.560188,55.650729,LAMPOCHKI,,0.0
19378,RC,Пункт приема отработанных ртутьсодержащих ламп № 675,"город Москва, Изюмская улица, дом 45",37.567276,55.548024,LAMPOCHKI,,0.0
19379,RC,Пункт приема отработанных ртутьсодержащих ламп № 677,"город Москва, Скобелевская улица, дом 23, корпус 1",37.55858899999999,55.546618,LAMPOCHKI,,0.0
19380,RC,Пункт приема отработанных ртутьсодержащих ламп № 678,"город Москва, бульвар Адмирала Ушакова, дом 8",37.55151,55.54818699999999,LAMPOCHKI,,0.0
19381,RC,Пункт приема отработанных ртутьсодержащих ламп № 679,"город Москва, бульвар Адмирала Ушакова, дом 9",37.551941,55.54542099999998,LAMPOCHKI,,0.0
19382,RC,Пункт приема отработанных ртутьсодержащих ламп № 680,"город Москва, Венёвская улица, дом 10",37.54678,55.54383000000001,LAMPOCHKI,,0.0
19383,RC,Пункт приема отработанных ртутьсодержащих ламп № 681,"город Москва, Южнобутовская улица, дом 21",37.540769999999995,55.53982899999998,LAMPOCHKI,,0.0
19384,RC,Пункт приема отработанных ртутьсодержащих ламп № 682,"город Москва, Южнобутовская улица, дом 55",37.531074,55.53682799999999,LAMPOCHKI,,0.0
19385,RC,Пункт приема отработанных ртутьсодержащих ламп № 683,"город Москва, Чечёрский проезд, дом 102А",37.516898,55.529944999999984,LAMPOCHKI,,0.0
19386,RC,Пункт приема отработанных ртутьсодержащих ламп № 684,"город Москва, Южнобутовская улица, дом 97",37.520626,55.53444399999999,LAMPOCHKI,,0.0
19387,RC,Пункт приема отработанных ртутьсодержащих ламп № 685,"город Москва, Южнобутовская улица, дом 52",37.531594999999996,55.53770399999998,LAMPOCHKI,,0.0
19388,RC,Пункт приема отработанных ртутьсодержащих ламп № 686,"город Москва, Южнобутовская улица, дом 80, корпус 1",37.517752,55.535121000000004,LAMPOCHKI,,0.0
19389,RC,Пункт приема отработанных ртутьсодержащих ламп № 687,"город Москва, улица Академика Семёнова, дом 15Б",37.504115,55.54074499999999,LAMPOCHKI,,0.0
19390,RC,Пункт приема отработанных ртутьсодержащих ламп № 688,"город Москва, улица Академика Понтрягина, дом 11",37.500952999999996,55.53465799999999,LAMPOCHKI,,0.0
19391,RC,Пункт приема отработанных ртутьсодержащих ламп № 689,"город Москва, улица Адмирала Лазарева, дом 30",37.52937599999999,55.546623000000004,LAMPOCHKI,,0.0
19392,RC,Пункт приема отработанных ртутьсодержащих ламп № 690,"город Москва, улица Адмирала Лазарева, дом 45, корпус 1",37.519279,55.54182499999999,LAMPOCHKI,,0.0
19393,RC,Пункт приема отработанных ртутьсодержащих ламп № 691,"город Москва, улица Горчакова, дом 7",37.529394,55.54461099999998,LAMPOCHKI,,0.0
19394,RC,Пункт приема отработанных ртутьсодержащих ламп № 692,"город Москва, Бартеневская улица, дом 49, корпус 1",37.520527,55.546246,LAMPOCHKI,,0.0
19395,RC,Пункт приема отработанных ртутьсодержащих ламп № 693,"город Москва, 2-я Мелитопольская улица, дом 21, корпус 1",37.580526,55.536405000000016,LAMPOCHKI,,0.0
19396,RC,Пункт приема отработанных ртутьсодержащих ламп № 694,"город Москва, улица Маршала Савицкого, дом 8",37.58094799999999,55.50439899999999,LAMPOCHKI,,0.0
19397,RC,Пункт приема отработанных ртутьсодержащих ламп № 695,"город Москва, улица Кадырова, дом 4, корпус 1",37.512613,55.538025000000005,LAMPOCHKI,,0.0
19398,RC,Пункт приема отработанных ртутьсодержащих ламп № 696,"город Москва, Голубинская улица, дом 7, корпус 2",37.51469399999999,55.60605599999999,LAMPOCHKI,,0.0
19399,RC,Пункт приема отработанных ртутьсодержащих ламп № 697,"город Москва, Вильнюсская улица, дом 8, корпус 2",37.51896200000001,55.603824,LAMPOCHKI,,0.0
19400,RC,Пункт приема отработанных ртутьсодержащих ламп № 698,"город Москва, проезд Одоевского, дом 3, корпус 7",37.50931299999999,55.60033299999999,LAMPOCHKI,,0.0
19401,RC,Пункт приема отработанных ртутьсодержащих ламп № 699,"город Москва, Вильнюсская улица, дом 7, корпус 2",37.52429,55.60263799999999,LAMPOCHKI,,0.0
19402,RC,Пункт приема отработанных ртутьсодержащих ламп № 700,"город Москва, Тарусская улица, дом 18, корпус 2",37.528775,55.602408000000004,LAMPOCHKI,,0.0
19403,RC,Пункт приема отработанных ртутьсодержащих ламп № 701,"город Москва, Ясногорская улица, дом 17, корпус 2",37.532701,55.60155099999999,LAMPOCHKI,,0.0
19404,RC,Пункт приема отработанных ртутьсодержащих ламп № 702,"город Москва, Новоясеневский проспект, дом 38, корпус 1",37.54505,55.602942,LAMPOCHKI,,0.0
19405,RC,Пункт приема отработанных ртутьсодержащих ламп № 703,"город Москва, Новоясеневский проспект, дом 32, корпус 1",37.539388,55.604179999999985,LAMPOCHKI,,0.0
19406,RC,Пункт приема отработанных ртутьсодержащих ламп № 704,"Россия, Москва, Голубинская улица, 24к1",37.53813399999999,55.59584499999997,LAMPOCHKI,,0.0
19407,RC,Пункт приема отработанных ртутьсодержащих ламп № 705,"город Москва, улица Инессы Арманд, дом 7",37.547906,55.591705000000005,LAMPOCHKI,,0.0
19408,RC,Пункт приема отработанных ртутьсодержащих ламп № 706,"город Москва, Литовский бульвар, дом 11, корпус 2",37.541995,55.61354200000001,LAMPOCHKI,,0.0
19409,RC,Пункт приема отработанных ртутьсодержащих ламп № 707,"город Москва, улица Айвазовского, дом 8, корпус 2",37.536359999999995,55.615614,LAMPOCHKI,,0.0
19410,RC,Пункт приема отработанных ртутьсодержащих ламп № 708,"город Москва, Новоясеневский проспект, дом 19, корпус 2",37.546572999999995,55.605140999999996,LAMPOCHKI,,0.0
19411,RC,Пункт приема отработанных ртутьсодержащих ламп № 709,"город Москва, Изваринская улица, дом 3А",37.253206,55.61251499999999,LAMPOCHKI,,0.0
19412,RC,Пункт приема отработанных ртутьсодержащих ламп № 710,"город Москва, Аэрофлотская улица, дом 8",37.292481,55.61178000000001,LAMPOCHKI,,0.0
19413,RC,Пункт приема отработанных ртутьсодержащих ламп № 711,"город Москва, Бережковская набережная, дом 12",37.56444599999999,55.738074000000005,LAMPOCHKI,,0.0
19414,RC,Пункт приема отработанных ртутьсодержащих ламп и батареек № 712,"г. Москва, пл. Победы, д. 1, к. А",37.52241878042332,55.73655632261024,LAMPOCHKI,,1.0
19415,RC,Пункт приема отработанных ртутьсодержащих ламп № 713,"г. Москва, ул. 1812 Года, д. 7",37.52166144047208,55.738200799671716,LAMPOCHKI,,0.0
19416,RC,Пункт приема отработанных ртутьсодержащих ламп № 716,"город Москва, Студенческая улица, дом 11",37.55072,55.74300499999999,LAMPOCHKI,,0.0
19417,RC,Пункт приема отработанных ртутьсодержащих ламп № 717,"город Москва, Студенческая улица, дом 42",37.539473,55.73911799999998,LAMPOCHKI,,0.0
19418,RC,Пункт приема отработанных ртутьсодержащих ламп № 719,"город Москва, улица Крылатские Холмы, дом 49",37.412980999999995,55.764014,LAMPOCHKI,,0.0
19420,RC,Пункт приема отработанных ртутьсодержащих ламп № 721,"город Москва, Рублёвское шоссе, дом 34, корпус 1",37.417194,55.74838200000001,LAMPOCHKI,,0.0
19421,RC,Пункт приема отработанных ртутьсодержащих ламп № 722,"город Москва, Крылатская улица, дом 31, корпус 2",37.409055,55.769979999999975,LAMPOCHKI,,0.0
19422,RC,Пункт приема отработанных ртутьсодержащих ламп № 723,"город Москва, улица Крылатские Холмы, дом 26, корпус 2",37.41660999999999,55.764121,LAMPOCHKI,,0.0
19423,RC,Пункт приема отработанных ртутьсодержащих ламп № 724,"город Москва, Ярцевская улица, дом 27, корпус 2",37.41573799999999,55.74238799999999,LAMPOCHKI,,0.0
19424,RC,Пункт приема отработанных ртутьсодержащих ламп № 725,"город Москва, Ельнинская улица, дом 18, корпус 2",37.424237,55.739443,LAMPOCHKI,,0.0
19425,RC,Пункт приема отработанных ртутьсодержащих ламп № 726,"город Москва, Истринская улица, дом 8, корпус 1",37.433445,55.73715699999999,LAMPOCHKI,,0.0
19426,RC,Пункт приема отработанных ртутьсодержащих ламп № 727,"город Москва, Молдавская улица, дом 16",37.436993,55.73296499999998,LAMPOCHKI,,0.0
19427,RC,Пункт приема отработанных ртутьсодержащих ламп № 728,"город Москва, Полоцкая улица, дом 23",37.42366199999999,55.733219,LAMPOCHKI,,0.0
19428,RC,Пункт приема отработанных ртутьсодержащих ламп № 729,"город Москва, Бобруйская улица, дом 6, корпус 1",37.403603,55.7355,LAMPOCHKI,,0.0
19429,RC,Пункт приема отработанных ртутьсодержащих ламп № 730,"город Москва, улица Академика Павлова, дом 40, корпус 2",37.409091,55.743593,LAMPOCHKI,,0.0
19430,RC,Пункт приема отработанных ртутьсодержащих ламп № 731,"город Москва, улица Маршала Тимошенко, дом 24",37.396623,55.74469299999999,LAMPOCHKI,,0.0
19431,RC,Пункт приема отработанных ртутьсодержащих ламп № 732,"город Москва, Рублёвское шоссе, дом 24, корпус 1",37.426716,55.744114999999994,LAMPOCHKI,,0.0
19432,RC,Пункт приема отработанных ртутьсодержащих ламп № 734,"город Москва, Новолучанская улица, дом 5",37.360124,55.788454,LAMPOCHKI,,0.0
19433,RC,Пункт приема отработанных ртутьсодержащих ламп № 735,"город Москва, улица Ивана Франко, дом 40, строение 2",37.411247,55.728677000000005,LAMPOCHKI,,0.0
19434,RC,Пункт приема отработанных ртутьсодержащих ламп № 736,"город Москва, Ярцевская улица, дом 28",37.41599899999999,55.73923499999999,LAMPOCHKI,,0.0
19435,RC,Пункт приема отработанных ртутьсодержащих ламп № 737,"город Москва, Беловежская улица, дом 15, корпус 3",37.39684,55.713544000000006,LAMPOCHKI,,0.0
19436,RC,Пункт приема отработанных ртутьсодержащих ламп № 738,"город Москва, Гвардейская улица, дом 6, корпус 2",37.427467,55.72244499999998,LAMPOCHKI,,0.0
19437,RC,Пункт приема отработанных ртутьсодержащих ламп № 739,"город Москва, Можайское шоссе, дом 34, корпус 2",37.41656499999999,55.719742999999994,LAMPOCHKI,,0.0
19438,RC,Пункт приема отработанных ртутьсодержащих ламп № 740,"город Москва, Сколковское шоссе, дом 30",37.40324,55.70786100000001,LAMPOCHKI,,0.0
19439,RC,Пункт приема отработанных ртутьсодержащих ламп № 741,"город Москва, Барвихинская улица, дом 16, корпус 1",37.388349,55.72003200000002,LAMPOCHKI,,0.0
19440,RC,Пункт приема отработанных ртутьсодержащих ламп № 742,"город Москва, Гвардейская улица, дом 17, корпус 2",37.4221,55.725266,LAMPOCHKI,,0.0
19441,RC,Пункт приема отработанных ртутьсодержащих ламп № 743,"город Москва, Можайское шоссе, дом 31, корпус 3",37.419287999999995,55.71787199999999,LAMPOCHKI,,0.0
19442,RC,Пункт приема отработанных ртутьсодержащих ламп № 744,"город Москва, улица Багрицкого, дом 22",37.43590799999999,55.71857699999998,LAMPOCHKI,,0.0
19443,RC,Пункт приема отработанных ртутьсодержащих ламп № 745,"город Москва, улица Толбухина, дом 8, корпус 1",37.401854,55.71937299999997,LAMPOCHKI,,0.0
19444,RC,Пункт приема отработанных ртутьсодержащих ламп № 746,"город Москва, улица Наташи Ковшовой, дом 15",37.45053099999999,55.68143200000001,LAMPOCHKI,,0.0
19445,RC,Пункт приема отработанных ртутьсодержащих ламп № 747,"город Москва, Веерная улица, дом 3, корпус 1",37.479456,55.708591999999996,LAMPOCHKI,,0.0
19446,RC,Пункт приема отработанных ртутьсодержащих ламп № 748,"город Москва, Очаковское шоссе, дом 8, корпус 4",37.456683999999996,55.697245,LAMPOCHKI,,0.0
19447,RC,Пункт приема отработанных ртутьсодержащих ламп № 749,"город Москва, Нежинская улица, дом 15, корпус 1",37.469072,55.70592899999998,LAMPOCHKI,,0.0
19448,RC,Пункт приема отработанных ртутьсодержащих ламп № 750,"город Москва, Матвеевская улица, дом 28, корпус 1",37.465332000000004,55.704783,LAMPOCHKI,,0.0
19449,RC,Пункт приема отработанных ртутьсодержащих ламп № 751,"город Москва, улица Елены Колесовой, дом 2",37.450700999999995,55.676803,LAMPOCHKI,,0.0
19450,RC,Пункт приема отработанных ртутьсодержащих ламп № 752,"город Москва, Нежинская улица, дом 21",37.46564,55.70775499999999,LAMPOCHKI,,0.0
19451,RC,Пункт приема отработанных ртутьсодержащих ламп № 753,"город Москва, Веерная улица, дом 26, корпус 2",37.481217,55.71000199999999,LAMPOCHKI,,0.0
19452,RC,Пункт приема отработанных ртутьсодержащих ламп № 754,"город Москва, Лукинская улица, дом 9, корпус 1",37.33825900000001,55.64302299999999,LAMPOCHKI,,0.0
19453,RC,Пункт приема отработанных ртутьсодержащих ламп № 755,"город Москва, Чоботовская улица, дом 17, корпус 1",37.34797,55.645182,LAMPOCHKI,,0.0
19454,RC,Пункт приема отработанных ртутьсодержащих ламп № 756,"город Москва, Боровское шоссе, дом 23А",37.36916099999999,55.646339999999995,LAMPOCHKI,,0.0
19455,RC,Пункт приема отработанных ртутьсодержащих ламп № 757,"город Москва, Новопеределкинская улица, дом 8А",37.36906200000001,55.64116799999998,LAMPOCHKI,,0.0
19456,RC,Пункт приема отработанных ртутьсодержащих ламп № 758,"город Москва, Боровское шоссе, дом 35, корпус 1",37.36096899999999,55.640609,LAMPOCHKI,,0.0
19457,RC,Пункт приема отработанных ртутьсодержащих ламп № 759,"город Москва, Новоорловская улица, дом 10, корпус 2",37.361535,55.636955999999984,LAMPOCHKI,,0.0
19458,RC,Пункт приема отработанных ртутьсодержащих ламп № 760,"город Москва, Чоботовская улица, дом 3, корпус 1",37.354105,55.641238999999985,LAMPOCHKI,,0.0
19459,RC,Пункт приема отработанных ртутьсодержащих ламп № 761,"город Москва, Боровское шоссе, дом 48, корпус 1",37.346289999999996,55.636504000000016,LAMPOCHKI,,0.0
19460,RC,Пункт приема отработанных ртутьсодержащих ламп № 769,"город Москва, Мичуринский проспект, дом 25, корпус 5",37.504313,55.69566199999999,LAMPOCHKI,,1.0
19461,RC,Пункт приема отработанных ртутьсодержащих ламп № 771,"город Москва, 3-й Сетуньский проезд, дом 3",37.535125,55.731754,LAMPOCHKI,,0.0
19462,RC,Пункт приема отработанных ртутьсодержащих ламп № 772,"город Москва, улица Пырьева, дом 5А",37.52635699999999,55.72589399999999,LAMPOCHKI,,0.0
19463,RC,Пункт приема отработанных ртутьсодержащих ламп № 773,"город Москва, Мосфильмовская улица, дом 17/25",37.516413,55.715601,LAMPOCHKI,,0.0
19464,RC,Пункт приема отработанных ртутьсодержащих ламп № 774,"город Москва, улица Лобачевского, дом 100",37.48170199999999,55.684771999999995,LAMPOCHKI,,0.0
19465,RC,Пункт приема отработанных ртутьсодержащих ламп № 775,"город Москва, улица Довженко, дом 12, корпус 3",37.50822,55.721787000000006,LAMPOCHKI,,0.0
19466,RC,Пункт приема отработанных ртутьсодержащих ламп № 777,"город Москва, улица Раменки, дом 23",37.492985,55.689831999999996,LAMPOCHKI,,0.0
19467,RC,Пункт приема отработанных ртутьсодержащих ламп № 778,"город Москва, улица Богданова, дом 48, корпус 3",37.396065,55.649756000000004,LAMPOCHKI,,0.0
19468,RC,Пункт приема отработанных ртутьсодержащих ламп № 779,"город Москва, Солнцевский проспект, дом 15А",37.406644,55.648469999999996,LAMPOCHKI,,0.0
19469,RC,Пункт приема отработанных ртутьсодержащих ламп № 780,"город Москва, улица Главмосстроя, дом 9, корпус 1",37.404636999999994,55.65556900000001,LAMPOCHKI,,0.0
19470,RC,Пункт приема отработанных ртутьсодержащих ламп № 781,"город Москва, улица 50 лет Октября, дом 25",37.413057,55.65627799999998,LAMPOCHKI,,0.0
19471,RC,Пункт приема отработанных ртутьсодержащих ламп № 782,"город Москва, улица 50 лет Октября, дом 9",37.412521,55.651065,LAMPOCHKI,,0.0
19472,RC,Пункт приема отработанных ртутьсодержащих ламп № 783,"город Москва, улица Авиаторов, дом 16, корпус 1",37.39989899999999,55.64589500000001,LAMPOCHKI,,0.0
19473,RC,Пункт приема отработанных ртутьсодержащих ламп № 784,"город Москва, Солнцевский проспект, дом 19",37.41074,55.647521999999995,LAMPOCHKI,,0.0
19474,RC,Пункт приема отработанных ртутьсодержащих ламп № 785,"город Москва, Наро-Фоминская улица, дом 13",37.386288,55.656372,LAMPOCHKI,,0.0
19475,RC,Пункт приема отработанных ртутьсодержащих ламп № 786,"город Москва, Родниковая улица, дом 16",37.384777,55.635519999999985,LAMPOCHKI,,0.0
19476,RC,Пункт приема отработанных ртутьсодержащих ламп № 787,"город Москва, Производственная улица, дом 5",37.385064,55.64955299999999,LAMPOCHKI,,0.0
19478,RC,Пункт приема отработанных ртутьсодержащих ламп № 789,"город Москва, улица Авиаторов, дом 30",37.40934,55.642329,LAMPOCHKI,,0.0
19479,RC,Пункт приема отработанных ртутьсодержащих ламп № 790,"город Москва, улица Главмосстроя, дом 12",37.408358,55.65430400000002,LAMPOCHKI,,0.0
19480,RC,Пункт приема отработанных ртутьсодержащих ламп № 791,"город Москва, улица Академика Анохина, дом 6, корпус 3",37.46934099999999,55.66826899999999,LAMPOCHKI,,0.0
19481,RC,Пункт приема отработанных ртутьсодержащих ламп № 792,"город Москва, проспект Вернадского, дом 91, корпус 2",37.496695,55.665776999999984,LAMPOCHKI,,0.0
19482,RC,Пункт приема отработанных ртутьсодержащих ламп № 793,"город Москва, улица 26-ти Бакинских Комиссаров, дом 3, корпус 3",37.48782899999999,55.65544700000001,LAMPOCHKI,,0.0
19483,RC,Пункт приема отработанных ртутьсодержащих ламп № 794,"г.Москва, ул. 26-ти Бакинских Комиссаров, д. 8к3",37.491413,55.660129999999995,LAMPOCHKI,,0.0
19484,RC,Пункт приема отработанных ртутьсодержащих ламп № 795,"г. Москва, ул. Академика Анохина, д. 24",37.46881507393729,55.66277320709619,LAMPOCHKI,,1.0
19485,RC,Пункт приема отработанных ртутьсодержащих ламп № 796,"город Москва, Никулинская улица, дом 13",37.452184,55.66563399999998,LAMPOCHKI,,0.0
19486,RC,Пункт приема отработанных ртутьсодержащих ламп № 797,"город Москва, Никулинская улица, дом 6, корпус 2",37.46345699999999,55.667127,LAMPOCHKI,,0.0
19487,RC,Пункт приема отработанных ртутьсодержащих ламп № 798,"город Москва, Большая Филёвская улица, дом 17",37.499128999999996,55.74712999999998,LAMPOCHKI,,0.0
19488,RC,Пункт приема отработанных ртутьсодержащих и люминесцентных ламп и батареек № 799,"г. Москва, 2-я Филевская ул., д. 3а",37.4920647013682,55.73593998117291,"LAMPOCHKI,BATAREJKI",,0.0
19489,RC,Пункт приема отработанных ртутьсодержащих ламп № 800,"город Москва, Большая Филёвская улица, дом 23, корпус 5",37.492051,55.74536199999999,LAMPOCHKI,,0.0
19491,RC,Пункт приема отработанных ртутьсодержащих ламп № 802,"город Москва, Филёвский бульвар, дом 40",37.482609,55.76284399999998,LAMPOCHKI,,0.0
19492,RC,Пункт приема отработанных ртутьсодержащих ламп № 803,"город Москва, улица Ватутина, дом 14, корпус 1",37.455131,55.721926999999994,LAMPOCHKI,,0.0
19493,RC,Пункт приема отработанных ртутьсодержащих ламп № 804,"город Москва, Рублёвское шоссе, дом 7",37.453287,55.72914800000001,LAMPOCHKI,,0.0
19494,RC,Пункт приема отработанных ртутьсодержащих ламп № 805,"город Москва, Большая Филёвская улица, дом 41, корпус 4",37.47497,55.74022599999999,LAMPOCHKI,,0.0
19495,RC,Пункт приема отработанных ртутьсодержащих ламп № 806,"город Москва, Инициативная улица, дом 10, корпус 1",37.457159,55.716523999999986,LAMPOCHKI,,0.0
19496,RC,Пункт приема отработанных ртутьсодержащих ламп № 808,"город Москва, Тарутинская улица, дом 1",37.47109,55.732109000000015,LAMPOCHKI,,0.0
19497,RC,Пункт приема отработанных ртутьсодержащих ламп № 809,"город Москва, Кастанаевская улица, дом 27, корпус 3",37.48324699999999,55.73461299999999,LAMPOCHKI,,0.0
19498,RC,Пункт приема отработанных ртутьсодержащих ламп № 810,"город Москва, Центральная улица, дом 9",37.385706,55.853214,LAMPOCHKI,,0.0
19499,RC,Пункт приема отработанных ртутьсодержащих ламп № 811,"город Москва, Пятницкое шоссе, дом 6, корпус 1",37.389203,55.83773699999999,LAMPOCHKI,,0.0
19500,RC,Пункт приема отработанных ртутьсодержащих ламп № 812,"город Москва, Пятницкое шоссе, дом 16, корпус 4",37.387765,55.842630999999976,LAMPOCHKI,,0.0
19501,RC,Пункт приема отработанных ртутьсодержащих ламп № 813,"город Москва, Пятницкое шоссе, дом 13, корпус 1",37.381908,55.84110600000001,LAMPOCHKI,,0.0
19502,RC,Пункт приема отработанных ртутьсодержащих ламп № 814,"город Москва, Митинская улица, дом 38, корпус 1",37.36354,55.847854,LAMPOCHKI,,0.0
19503,RC,Пункт приема отработанных ртутьсодержащих ламп № 815,"г. Москва, ул. Митинская, д. 52, к. 1",37.35497118434889,55.852458487591285,LAMPOCHKI,,0.0
19504,RC,Пункт приема отработанных ртутьсодержащих ламп № 816,"город Москва, Пятницкое шоссе, дом 27, корпус 1",37.362875,55.849098,LAMPOCHKI,,0.0
19505,RC,Пункт приема отработанных ртутьсодержащих ламп № 817,"город Москва, Пятницкое шоссе, дом 38",37.360772,55.854928,LAMPOCHKI,,0.0
19506,RC,Пункт приема отработанных ртутьсодержащих ламп № 818,"город Москва, улица Барышиха, дом 44, корпус 1",37.344764,55.85654499999998,LAMPOCHKI,,0.0
19507,RC,Пункт приема отработанных ртутьсодержащих ламп № 819,"город Москва, Пятницкое шоссе, дом 41",37.352275,55.85683499999999,LAMPOCHKI,,0.0
19508,RC,Пункт приема отработанных ртутьсодержащих ламп № 820,"город Москва, Ангелов переулок, дом 8",37.345794,55.853068999999984,LAMPOCHKI,,0.0
19509,RC,Пункт приема отработанных ртутьсодержащих ламп № 821,"город Москва, Ангелов переулок, дом 11",37.345365,55.85223599999999,LAMPOCHKI,,0.0
19510,RC,Пункт приема отработанных ртутьсодержащих ламп № 822,"город Москва, Митинская улица, дом 49",37.351974,55.851958999999994,LAMPOCHKI,,0.0
19511,RC,Пункт приема отработанных ртутьсодержащих ламп № 823,"город Москва, улица Барышиха, дом 23, корпус 1",37.345888,55.84517399999998,LAMPOCHKI,,0.0
19512,RC,Пункт приема отработанных ртутьсодержащих ламп № 825,"город Москва, Митинская улица, дом 37",37.35427,55.848046999999994,LAMPOCHKI,,1.0
19513,RC,Пункт приема отработанных ртутьсодержащих ламп № 826,"город Москва, Дубравная улица, дом 40, корпус 3",37.353283,55.844003000000015,LAMPOCHKI,,0.0
19514,RC,Пункт приема отработанных ртутьсодержащих ламп № 827,"город Москва, Митинская улица, дом 27, корпус 2",37.36203799999999,55.84438999999998,LAMPOCHKI,,0.0
19515,RC,Пункт приема отработанных ртутьсодержащих ламп № 828,"город Москва, Митинская улица, дом 17, корпус 4",37.366458,55.841877999999994,LAMPOCHKI,,0.0
19516,RC,Пункт приема отработанных ртутьсодержащих ламп № 832,"город Москва, Врачебный проезд, дом 6, корпус 2",37.462604,55.81290899999999,LAMPOCHKI,,0.0
19517,RC,Пункт приема отработанных ртутьсодержащих ламп № 834,"город Москва, улица Свободы, дом 9",37.451499999999996,55.827606,LAMPOCHKI,,0.0
19518,RC,Пункт приема отработанных ртутьсодержащих ламп № 835,"город Москва, Большая Набережная улица, дом 9",37.456081999999995,55.826716000000005,LAMPOCHKI,,0.0
19519,RC,Пункт приема отработанных ртутьсодержащих ламп № 837,"город Москва, 3-й Тушинский проезд, дом 7",37.41953,55.834618000000006,LAMPOCHKI,,0.0
19520,RC,Пункт приема отработанных ртутьсодержащих ламп № 838,"город Москва, Волоколамское шоссе, дом 96, корпус 2",37.431953,55.82542599999999,LAMPOCHKI,,0.0
19521,RC,Пункт приема отработанных ртутьсодержащих ламп № 839,"город Москва, улица Вилиса Лациса, дом 23, корпус 4",37.423393000000004,55.861619999999995,LAMPOCHKI,,0.0
19522,RC,Пункт приема отработанных ртутьсодержащих ламп № 840,"г. Москва, ул. Планерная, д. 5, к. 4",37.430543,55.86170099999998,LAMPOCHKI,,0.0
19523,RC,Пункт приема отработанных ртутьсодержащих ламп № 841,"г. Москва, ул. Планерная, д. 12, к. 5",37.440406,55.86192799999999,LAMPOCHKI,,0.0
19524,RC,Пункт приема отработанных ртутьсодержащих ламп № 842,"г. Москва, ул. Свободы, д. 93, к. 1",37.442886,55.867728,LAMPOCHKI,,0.0
19525,RC,Пункт приема отработанных ртутьсодержащих ламп № 843,"город Москва, улица Героев Панфиловцев, дом 15, корпус 3",37.427291,55.85579999999998,LAMPOCHKI,,0.0
19526,RC,Пункт приема отработанных ртутьсодержащих ламп № 844,"город Москва, бульвар Яна Райниса, дом 10",37.426474,55.85057499999999,LAMPOCHKI,,0.0
19527,RC,Пункт приема отработанных ртутьсодержащих ламп № 845,"город Москва, бульвар Яна Райниса, дом 24, корпус 2",37.414598,55.851505,LAMPOCHKI,,0.0
19528,RC,Пункт приема отработанных ртутьсодержащих ламп № 846,"город Москва, ул. Героев Панфиловцев, д. 22, к. 1",37.41192099999999,55.857437,LAMPOCHKI,,0.0
19529,RC,Пункт приема отработанных ртутьсодержащих ламп № 847,"город Москва, улица Фомичёвой, дом 3, строение 1",37.445527,55.856350999999975,LAMPOCHKI,,0.0
19530,RC,Пункт приема отработанных ртутьсодержащих ламп № 848,"город Москва, улица Фомичёвой, дом 14, корпус 2",37.44136799999999,55.85821999999998,LAMPOCHKI,,0.0
19531,RC,Пункт приема отработанных ртутьсодержащих ламп № 849,"город Москва, улица Твардовского, дом 6, корпус 2",37.39057699999999,55.795717,LAMPOCHKI,,0.0
19532,RC,Пункт приема отработанных ртутьсодержащих ламп № 851,"город Москва, Неманский проезд, дом 5, корпус 2",37.39466399999999,55.81450199999999,LAMPOCHKI,,0.0
19533,RC,Пункт приема отработанных ртутьсодержащих ламп № 852,"город Москва, Неманский проезд, дом 7, корпус 2",37.39385599999999,55.81172500000001,LAMPOCHKI,,0.0
19535,RC,Пункт приема отработанных ртутьсодержащих ламп № 854,"город Москва, улица Маршала Катукова, дом 9, корпус 3",37.404590000000006,55.811831000000005,LAMPOCHKI,,0.0
19536,RC,Пункт приема отработанных ртутьсодержащих ламп № 855,"город Москва, улица Маршала Катукова, дом 19, корпус 3",37.41103199999999,55.80738999999999,LAMPOCHKI,,0.0
19537,RC,Пункт приема отработанных ртутьсодержащих ламп № 856,"город Москва, Строгинский бульвар, дом 15",37.403854,55.804329,LAMPOCHKI,,0.0
19538,RC,Пункт приема отработанных ртутьсодержащих ламп № 857,"город Москва, Строгинский бульвар, дом 4, корпус 2",37.396039,55.803717,LAMPOCHKI,,0.0
19539,RC,Пункт приема отработанных ртутьсодержащих ламп № 858,"город Москва, Таллинская улица, дом 24, строение 2",37.40503,55.798331999999995,LAMPOCHKI,,0.0
19540,RC,Пункт приема отработанных ртутьсодержащих ламп № 859,"город Москва, Строгинский бульвар, дом 12",37.398078,55.804065999999985,LAMPOCHKI,,0.0
19541,RC,Пункт приема отработанных ртутьсодержащих ламп № 860,"город Москва, улица Твардовского, дом 19, корпус 1",37.401528,55.79640999999999,LAMPOCHKI,,0.0
19542,RC,Пункт приема отработанных ртутьсодержащих ламп № 861,"город Москва, Таллинская улица, дом 24",37.405632999999995,55.798737999999986,LAMPOCHKI,,0.0
19543,RC,Пункт приема отработанных ртутьсодержащих ламп № 862,"город Москва, улица Демьяна Бедного, дом 1, корпус 2",37.485555999999995,55.771201000000005,LAMPOCHKI,,0.0
19544,RC,Пункт приема отработанных ртутьсодержащих ламп № 863,"город Москва, улица Народного Ополчения, дом 11",37.4743,55.772416,LAMPOCHKI,,0.0
19545,RC,Пункт приема отработанных ртутьсодержащих ламп № 864,"город Москва, улица Демьяна Бедного, дом 17, корпус 3",37.48506199999999,55.778729999999996,LAMPOCHKI,,0.0
19546,RC,Пункт приема отработанных ртутьсодержащих ламп № 865,"город Москва, улица Генерала Глаголева, дом 8, корпус 3",37.463386,55.780512,LAMPOCHKI,,0.0
19547,RC,Пункт приема отработанных ртутьсодержащих ламп № 866,"город Москва, улица Маршала Тухачевского, дом 42, корпус 4",37.469225,55.786823999999996,LAMPOCHKI,,0.0
19548,RC,Пункт приема отработанных ртутьсодержащих ламп № 868,"город Москва, улица Народного Ополчения, дом 29, корпус 3",37.478351,55.781782000000014,LAMPOCHKI,,0.0
19549,RC,Пункт приема отработанных ртутьсодержащих ламп № 869,"город Москва, улица Маршала Тухачевского, дом 58",37.458517,55.784825,LAMPOCHKI,,0.0
19550,RC,Пункт приема отработанных ртутьсодержащих ламп № 870,"г. Москва, Живописная ул., д. 5, к. 7",37.4546,55.78301299999999,LAMPOCHKI,,0.0
19551,RC,Пункт приема отработанных ртутьсодержащих ламп № 871,"город Москва, улица Маршала Конева, дом 7",37.489428,55.79685499999999,LAMPOCHKI,,0.0
19552,RC,Пункт приема отработанных ртутьсодержащих ламп № 872,"город Москва, улица Маршала Рыбалко, дом 12, корпус 2",37.488834999999995,55.79947199999998,LAMPOCHKI,,0.0
19553,RC,Пункт приема отработанных ртутьсодержащих ламп № 875,"город Москва, Авиационная улица, дом 68",37.456638999999996,55.809999999999974,LAMPOCHKI,,1.0
19554,RC,Пункт приема отработанных ртутьсодержащих ламп № 876,"город Москва, улица Ирины Левченко, дом 1",37.49117,55.78875299999999,LAMPOCHKI,,0.0
19555,RC,Пункт приема отработанных ртутьсодержащих ламп № 877,"город Москва, улица Маршала Бирюзова, дом 25",37.488870999999996,55.795064,LAMPOCHKI,,0.0
19556,RC,Пункт приема отработанных ртутьсодержащих ламп № 878,"город Москва, Воротынская улица, дом 16, корпус 1",37.390155,55.89042599999999,LAMPOCHKI,,0.0
19557,RC,Пункт приема отработанных ртутьсодержащих ламп № 880,"город Москва, улица Фабрициуса, дом 36",37.435708,55.84473799999998,LAMPOCHKI,,0.0
19558,RC,Пункт приема отработанных ртутьсодержащих ламп № 881,"город Москва, Штурвальная улица, дом 5, строение 1",37.44523999999999,55.84745199999999,LAMPOCHKI,,0.0
19559,RC,Пункт приема отработанных ртутьсодержащих ламп № 883,"город Москва, улица Свободы, дом 55",37.45195,55.849963999999986,LAMPOCHKI,,0.0
19560,RC,Пункт приема отработанных ртутьсодержащих ламп № 884,"город Москва, улица Василия Петушкова, дом 15",37.40036899999999,55.83844,LAMPOCHKI,,0.0
19561,RC,Пункт приема отработанных ртутьсодержащих ламп № 885,"город Москва, бульвар Яна Райниса, дом 19, корпус 2",37.427775999999994,55.84802799999999,LAMPOCHKI,,0.0
19562,RC,Пункт приема отработанных ртутьсодержащих ламп № 886,"город Москва, проезд Донелайтиса, дом 12, корпус 2",37.41405,55.83914799999999,LAMPOCHKI,,0.0
19563,RC,Пункт приема отработанных ртутьсодержащих ламп № 887,"город Москва, Светлогорский проезд, дом 7",37.40332399999999,55.84492,LAMPOCHKI,,0.0
19564,RC,Пункт приема отработанных ртутьсодержащих ламп № 888,"город Москва, бульвар Яна Райниса, дом 47, корпус 1",37.409262,55.850095,LAMPOCHKI,,0.0
19579,RC,Пункт приема отработанных ртутьсодержащих ламп,"город Москва, Липецкая улица, дом 17, корпус 1",37.686518,55.58032499999998,LAMPOCHKI,,0.0
19580,RC,Пункт приема отработанных ртутьсодержащих ламп №910,"город Москва, Варшавское шоссе, дом 152, корпус 11",37.597288,55.590144,LAMPOCHKI,,0.0
19581,RC,Пункт приема отработанных ртутьсодержащих ламп № 913,"город Москва, Чертановская улица, дом 51, корпус 4",37.59412499999999,55.60279899999999,LAMPOCHKI,,0.0
19582,RC,Пункт приема отработанных ртутьсодержащих ламп № 914,"город Москва, Россошанская улица, дом 7, корпус 1",37.61038899999999,55.595723000000014,LAMPOCHKI,,0.0
19583,RC,Пункт приема отработанных ртутьсодержащих ламп № 915,"город Москва, Варшавское шоссе, дом 143, корпус 5",37.589143,55.58181899999999,LAMPOCHKI,,0.0
19584,RC,Пункт приема отработанных ртутьсодержащих ламп № 916,"город Москва, улица Подольских Курсантов, дом 8, корпус 2",37.613328,55.60770199999999,LAMPOCHKI,,0.0
19585,RC,Пункт приема отработанных ртутьсодержащих ламп № 917,"город Москва, Россошанская улица, дом 11, корпус 3",37.613246,55.597852999999986,LAMPOCHKI,,0.0
19586,RC,Пункт приема отработанных ртутьсодержащих ламп № 918,"город Москва, 15-я Парковая улица, дом 26, корпус 4",37.822541132896426,55.80128368276392,LAMPOCHKI,,0.0
19587,RC,Пункт приема отработанных ртутьсодержащих ламп № 919,"город Москва, Средняя Первомайская улица, дом 27",37.816989,55.795697,LAMPOCHKI,,0.0
19588,RC,Пункт приема отработанных ртутьсодержащих ламп 920,"город Москва, Дубнинская улица, дом 16, корпус 2",37.566159,55.86676699999999,LAMPOCHKI,,0.0
19589,RC,Пункт приема отработанных ртутьсодержащих ламп 921,"город Москва, Бескудниковский бульвар, дом 8, корпус 4",37.563851,55.861484999999995,LAMPOCHKI,,0.0
19590,RC,Пункт приема отработанных ртутьсодержащих ламп 922,"город Москва, Дубнинская улица, дом 24, корпус 1",37.561042,55.873134,LAMPOCHKI,,0.0
19591,RC,Пункт приема отработанных ртутьсодержащих ламп 923,"город Москва, Керамический проезд, дом 49, корпус 2",37.566378,55.874853,LAMPOCHKI,,0.0
19592,RC,Пункт приема отработанных ртутьсодержащих ламп 924,"город Москва, улица 800-летия Москвы, дом 11, корпус 2",37.56371,55.88210199999999,LAMPOCHKI,,0.0
19593,RC,Пункт приема отработанных ртутьсодержащих ламп 925,"город Москва, Дубнинская улица, дом 36, корпус 1",37.55927,55.88626399999998,LAMPOCHKI,,0.0
19594,RC,Пункт приема отработанных ртутьсодержащих ламп 926,"город Москва, Дубнинская улица, дом 73, корпус 4",37.553968,55.88098699999999,LAMPOCHKI,,0.0
19595,RC,Пункт приема отработанных ртутьсодержащих ламп 927,"город Москва, Фестивальная улица, дом 44",37.51019699999999,55.86310100000001,LAMPOCHKI,,0.0
19596,RC,Пункт приема отработанных ртутьсодержащих ламп 930,"город Москва, улица Бусиновская Горка, дом 1, корпус 2",37.49617400000001,55.880292999999995,LAMPOCHKI,,0.0
19597,RC,Пункт приема отработанных ртутьсодержащих ламп 931,"город Москва, Новая улица, дом 7",37.511489999999995,55.875501,LAMPOCHKI,,0.0
19598,RC,Пункт приема отработанных ртутьсодержащих ламп 933,"город Москва, Коровинское шоссе, дом 11, корпус 2, строение 3",37.535439,55.868147,LAMPOCHKI,,0.0
19599,RC,Пункт приема отработанных ртутьсодержащих ламп 935,"город Москва, Хорошёвское шоссе, дом 12, корпус 1",37.552249,55.775223000000004,LAMPOCHKI,,0.0
19603,RC,Пункт приема отработанных ртутьсодержащих ламп 939,"город Москва, поселение Кокошкино, дачный посёлок Кокошкино, улица Ленина, дом 2",37.463911,55.60079100000001,LAMPOCHKI,,0.0
19604,RC,Пункт приема отработанных ртутьсодержащих ламп 940,"город Москва, поселение Внуковское, улица Лётчика Грицевца, дом 4, корпус 1",37.30321,55.622707999999996,LAMPOCHKI,,0.0
19605,RC,Пункт приема отработанных ртутьсодержащих ламп 941,"город Москва, поселение Внуковское, улица Самуила Маршака, дом 14",37.32753399999999,55.638662,LAMPOCHKI,,0.0
19606,RC,Пункт приема отработанных ртутьсодержащих ламп 942,"город Москва, поселение Вороновское, посёлок ЛМС, микрорайон ""Центральный"", дом 31",37.264759,55.618506999999994,LAMPOCHKI,,0.0
19607,RC,Пункт приема отработанных ртутьсодержащих ламп 943,"Россия, Москва, Новомосковский административный округ, район Коммунарка, посёлок подсобного хозяйства Воскресенское, 15А",37.445326,55.52665799999998,LAMPOCHKI,,1.0
19608,RC,Пункт приема отработанных ртутьсодержащих ламп 944,"город Москва, поселение Десеновское, Нововатутинский проспект, дом 10, корпус 1",37.350759999999994,55.517694,LAMPOCHKI,,0.0
19609,RC,Пункт приема отработанных ртутьсодержащих ламп 945,"город Москва, поселение Десеновское, 3-я Ватутинская улица, дом 5",37.33053499999999,55.504521999999994,LAMPOCHKI,,0.0
19610,RC,Пункт приема отработанных ртутьсодержащих ламп 946,"город Москва, поселение Десеновское, Буковая аллея, дом 6",37.394557,55.520620999999984,LAMPOCHKI,,0.0
19616,RC,Пункт приема отработанных ртутьсодержащих ламп 952,"город Москва, город Московский, 1-й микрорайон, дом 5Ж",37.351651999999994,55.60671599999999,LAMPOCHKI,,0.0
19617,RC,Пункт приема отработанных ртутьсодержащих ламп 953,"город Москва, город Московский, Радужная улица, дом 29",37.37644099999999,55.588114,LAMPOCHKI,,0.0
19620,RC,Пункт приема отработанных ртутьсодержащих ламп 958,"город Москва, поселение Сосенское, посёлок Коммунарка, улица Потаповская Роща, дом 1, корпус 2",37.49460299999999,55.544030000000014,LAMPOCHKI,,0.0
19621,RC,Пункт приема отработанных ртутьсодержащих ламп 959,"город Москва, поселение Сосенское, посёлок Коммунарка, улица Липовый Парк, дом 11",37.486183999999994,55.56592400000001,LAMPOCHKI,,0.0
19622,RC,Пункт приема отработанных ртутьсодержащих ламп 960,"город Москва, поселение Сосенское, улица Александры Монаховой, дом 95, корпус 4",37.49323,55.542542000000005,LAMPOCHKI,,0.0
19626,RC,Пункт приема отработанных ртутьсодержащих ламп 964,"город Москва, поселение Филимонковское, улица Героя России Чернышёва, дом 7",37.344929,55.56536399999999,LAMPOCHKI,,0.0
19629,RC,Пункт приема отработанных ртутьсодержащих ламп 968,"город Москва, посёлок Внуково, Спортивная улица, дом 7/19",37.568417,55.502105,LAMPOCHKI,,0.0
19630,RC,Пункт приема отработанных ртутьсодержащих ламп 973,"город Москва, улица Пестеля, дом 4А",37.616538999999996,55.86436399999999,LAMPOCHKI,,0.0
19631,RC,Пункт приема отработанных ртутьсодержащих ламп 976,"город Москва, Ярославское шоссе, дом 142",37.681028,55.851621999999985,LAMPOCHKI,,0.0
19632,RC,Пункт приема ламп пункт № 977,"город Москва, улица Вучетича, дом 15, корпус 1",37.55760099999999,55.81084999999999,LAMPOCHKI,,0.0
19633,RC,Пункт приема отработанных ртутьсодержащих ламп 978,"город Москва, улица Костякова, дом 6/5",37.573536999999995,55.811498,LAMPOCHKI,,1.0
19634,RC,Пункт приема батареек и отработанных ртутьсодержащих ламп 979,"г. Москва, Дмитровский пр-д, д. 20, к. 1",37.56259806854097,55.807681886131995,"LAMPOCHKI,BATAREJKI",,1.0
19635,RC,Пункт приема отработанных ртутьсодержащих ламп 981,"город Москва, Дмитровское шоссе, дом 33, корпус 1",37.56953,55.82887999999998,LAMPOCHKI,,0.0
19636,RC,Пункт приема отработанных ртутьсодержащих ламп 982,"город Москва, 3-й Нижнелихоборский проезд, дом 8",37.566279,55.845546999999996,LAMPOCHKI,,0.0
19637,RC,Пункт приема отработанных ртутьсодержащих ламп № 993,"город Москва, 7-я Парковая улица, дом 15, строение 3",37.793031,55.79720499999999,LAMPOCHKI,,0.0
19638,RC,Пункт приема отработанных ртутьсодержащих ламп № 994,"город Москва, Измайловский бульвар, дом 40",37.803856,55.79625299999999,LAMPOCHKI,,0.0
19639,RC,Пункт приема отработанных ртутьсодержащих ламп № 995,"город Москва, Заводской проезд, дом 25",37.78966299999999,55.790240999999995,LAMPOCHKI,,0.0
19640,RC,Пункт приема отработанных ртутьсодержащих ламп № 997,"город Москва, 11-я Парковая улица, дом 52",37.80729,55.80844999999998,LAMPOCHKI,,0.0
19641,RC,Пункт приема отработанных ртутьсодержащих ламп № 999,"город Москва, 38-й квартал Юго-Запада, корпус 5А",37.51732,55.659083999999986,LAMPOCHKI,,0.0
19642,RC,Пункт приема отработанных ртутьсодержащих ламп № 1000,"город Москва, улица Новаторов, дом 6",37.52329399999999,55.668356,LAMPOCHKI,,0.0
19643,RC,Пункт приема отработанных ртутьсодержащих ламп № 1001,"город Москва, Изюмская улица, дом 49, корпус 1",37.566376999999996,55.54572199999998,LAMPOCHKI,,0.0
19644,RC,Пункт приема отработанных ртутьсодержащих ламп № 1002,"город Москва, улица Маршала Савицкого, дом 22, корпус 2, строение 2",37.592518,55.50296099999998,LAMPOCHKI,,0.0
19645,RC,Пункт приема отработанных ртутьсодержащих ламп № 1003,"город Москва, Курганская улица, дом 8",37.819882,55.829426000000005,LAMPOCHKI,,0.0
19646,RC,Пункт приема отработанных ртутьсодержащих ламп № 1004,"город Москва, Уссурийская улица, дом 1, корпус 1",37.80955099999999,55.82377799999998,LAMPOCHKI,,0.0
19647,RC,Пункт приема отработанных ртутьсодержащих ламп №1005,"г. Москва, ул. Большая Косинская, з/у 3",37.853092999999994,55.71163,LAMPOCHKI,,0.0
19648,RC,Пункт приема отработанных ртутьсодержащих ламп №1006,"город Москва, Большая Черкизовская улица, дом 2, корпус 1",37.716046,55.79543299999999,LAMPOCHKI,,1.0
19649,RC,Пункт приема отработанных ртутьсодержащих ламп №1007,"город Москва, Малая Черкизовская улица, дом 12",37.718148,55.798454,LAMPOCHKI,,0.0
19650,RC,Пункт приема отработанных ртутьсодержащих ламп №1008,"город Москва, Преображенская улица, дом 5/7",37.706667,55.795599999999986,LAMPOCHKI,,0.0
19651,RC,Пункт приема отработанных ртутьсодержащих ламп №1009,"город Москва, Измайловское шоссе, дом 15, корпус 2",37.725604,55.78020299999999,LAMPOCHKI,,0.0
19652,RC,Пункт приема отработанных ртутьсодержащих ламп №1010,"город Москва, посёлок Внуково, Спортивная улица, дом 3А",37.299659000000005,55.61111899999999,LAMPOCHKI,,0.0
19653,RC,Пункт приема отработанных ртутьсодержащих ламп №1012,"г. Москва, Кутузовский пр-кт, д. 4/2",37.56227199999999,55.75072699999998,LAMPOCHKI,,0.0
19654,RC,Пункт приема отработанных ртутьсодержащих ламп №1013,"город Москва, Осенний бульвар, дом 12, корпус 3",37.41038499999999,55.75880200000001,LAMPOCHKI,,0.0
19655,RC,Пункт приема отработанных ртутьсодержащих ламп №1014,"город Москва, Винницкая улица, дом 11",37.491242,55.698046,LAMPOCHKI,,0.0
19656,RC,Пункт приема отработанных ртутьсодержащих ламп №1015,"город Москва, улица Столетова, дом 8",37.504879,55.70506699999999,LAMPOCHKI,,1.0
19657,RC,Пункт приема отработанных ртутьсодержащих ламп № 1016,"Россия, Москва, Новозаводская улица, 2к2",37.515229999999995,55.747848000000005,LAMPOCHKI,,0.0
19658,RC,Пункт приема отработанных ртутьсодержащих ламп №1017,"город Москва, Заречная улица, дом 7",37.507403,55.754411000000005,LAMPOCHKI,,0.0
19659,RC,Пункт приема отработанных ртутьсодержащих ламп №1018,"город Москва, Кременчугская улица, дом 3, корпус 2",37.462981,55.724109,LAMPOCHKI,,1.0
19660,RC,Пункт приема отработанных ртутьсодержащих ламп № 1019,"г. Москва, Ленинградский пр-кт, д. 19",37.569232271160985,55.7817874165829,LAMPOCHKI,,0.0
19661,RC,Пункт приема отработанных ртутьсодержащих ламп №1020,"город Москва, Дубнинская улица, дом 10, корпус 1",37.567725,55.86240399999999,LAMPOCHKI,,0.0
19662,RC,Пункт приема отработанных ртутьсодержащих ламп №1021,"город Москва, Лобненская улица, дом 6А",37.53810699999999,55.89124399999999,LAMPOCHKI,,0.0
19663,RC,Пункт приема отработанных ртутьсодержащих ламп №1022,"город Москва, Карельский бульвар, дом 21, корпус 1",37.535026,55.895312999999994,LAMPOCHKI,,0.0
19664,RC,Пункт приема отработанных ртутьсодержащих ламп № 1023,"город Москва, Клязьминская улица, дом 7, корпус 2",37.52226999999999,55.888351,LAMPOCHKI,,0.0
19665,RC,Пункт приема отработанных ртутьсодержащих ламп № 1024,"город Москва, улица Софьи Ковалевской, дом 4А",37.534523,55.88027299999999,LAMPOCHKI,,0.0
19666,RC,Пункт приема отработанных ртутьсодержащих ламп №1025,"город Москва, Коровинское шоссе, дом 13, корпус 2",37.53287,55.869233,LAMPOCHKI,,0.0
19667,RC,Пункт приема отработанных ртутьсодержащих ламп №1026,"город Москва, Базовская улица, дом 15, корпус 5",37.508920999999994,55.88016200000001,LAMPOCHKI,,0.0
19668,RC,Пункт приема отработанных ртутных ламп №1027,"город Москва, Беломорская улица, дом 26",37.475755,55.86478299999999,LAMPOCHKI,,0.0
19669,RC,Пункт приема отработанных ртутьсодержащих ламп № 1028,"город Москва, Смольная улица, дом 51, корпус 1",37.47738999999999,55.864485,LAMPOCHKI,,0.0
19670,RC,Пункт приема отработанных ртутьсодержащих ламп №1029,"город Москва, улица Куусинена, дом 21А",37.51052,55.788640999999984,LAMPOCHKI,,0.0
19672,RC,Пункт приема отработанных ртутьсодержащих ламп № 1031,"город Москва, улица Зорге, дом 14, корпус 3",37.51155299999999,55.78401499999998,LAMPOCHKI,,0.0
19673,RC,Пункт приема отработанных ртутьсодержащих ламп № 1032,"город Москва, улица Авиаконструктора Микояна, дом 14, корпус 4",37.523902,55.793531,LAMPOCHKI,,0.0
19674,RC,Пункт приема отработанных ртутьсодержащих ламп № 1033,"город Москва, Хорошёвское шоссе, дом 84, корпус 5",37.519306,55.779864,LAMPOCHKI,,0.0
19675,RC,Пункт приема отработанных ртутьсодержащих ламп № 1034,"город Москва, улица Полины Осипенко, дом 18, корпус 2",37.530722999999995,55.781529000000006,LAMPOCHKI,,0.0
19676,RC,Пункт приема отработанных ртутьсодержащих ламп № 1035,"город Москва, Чукотский проезд, дом 4",37.652211,55.86769199999999,LAMPOCHKI,,0.0
19677,RC,Пункт приема отработанных ртутьсодержащих ламп № 1036,"город Москва, Алтуфьевское шоссе, дом 86",37.588853,55.897104,LAMPOCHKI,,0.0
19678,RC,Пункт приема отработанных ртутьсодержащих ламп № 1037,"город Москва, улица Пришвина, дом 3",37.592258,55.89061299999999,LAMPOCHKI,,0.0
19679,RC,Пункт приема отработанных ртутьсодержащих ламп № 1038,"город Москва, Шенкурский проезд, дом 12",37.594944,55.895464000000004,LAMPOCHKI,,0.0
19680,RC,Пункт приема отработанных ртутьсодержащих ламп № 1039,"город Москва, Мурановская улица, дом 8",37.602436,55.892864,LAMPOCHKI,,0.0
19681,RC,Пункт приема отработанных ртутьсодержащих ламп № 1040,"город Москва, улица Пришвина, дом 12, корпус 2",37.59736899999999,55.887614000000006,LAMPOCHKI,,0.0
19682,RC,Пункт приема отработанных ртутьсодержащих ламп № 1041,"город Москва, Белозерская улица, дом 17",37.618543,55.898210000000006,LAMPOCHKI,,0.0
19683,RC,Пункт приема отработанных ртутьсодержащих ламп № 1042,"город Москва, улица Плещеева, дом 16, строение 1",37.61346699999999,55.886967999999996,LAMPOCHKI,,0.0
19684,RC,Пункт приема отработанных ртутьсодержащих ламп № 1043,"город Москва, Анадырский проезд, дом 63",37.70791599999999,55.880439999999986,LAMPOCHKI,,0.0
19685,RC,Пункт приема отработанных ртутьсодержащих ламп № 1044,"город Москва, Широкая улица, дом 5, корпус 4",37.65559799999999,55.889942,LAMPOCHKI,,0.0
19686,RC,Пункт приема отработанных ртутных ламп № 1045,"город Москва, Дмитровское шоссе, дом 169, корпус 7",37.540156,55.930065000000006,LAMPOCHKI,,0.0
19687,RC,Пункт приема отработанных ртутных ламп № 1046,"город Москва, проезд Дежнёва, дом 7",37.643452999999994,55.870863999999976,LAMPOCHKI,,0.0
19688,RC,Пункт приема отработанных ртутьсодержащих ламп № 1047,"город Москва, Таллинская улица, дом 12",37.398067,55.798462999999984,LAMPOCHKI,,0.0
19689,RC,Пункт приема отработанных ртутьсодержащих ламп № 1048,"город Москва, улица Маршала Новикова, дом 20",37.459019999999995,55.80630199999999,LAMPOCHKI,,0.3333333333333333
19690,RC,Пункт приема отработанных ртутьсодержащих ламп № 1049,"город Москва, Новопоселковая улица, дом 5А",37.441017,55.838961,LAMPOCHKI,,0.0
19691,RC,Пункт приема отработанных ртутьсодержащих ламп № 1050,"город Москва, Лодочная улица, дом 31, строение 5",37.460969,55.839800000000004,LAMPOCHKI,,0.0
19692,RC,Пункт приема отработанных ртутьсодержащих ламп № 1051,"город Москва, улица Свободы, дом 32",37.45604599999999,55.842843,LAMPOCHKI,,0.0
19693,RC,Пункт приема отработанных ртутьсодержащих ламп № 1052,"город Москва, Рязанский проспект, дом 72, корпус 2",37.811384,55.712041,LAMPOCHKI,,0.0
19694,RC,Пункт приема отработанных ртутьсодержащих ламп № 1053,"город Москва, Ферганский проезд, дом 7, корпус 1",37.821661,55.69562599999999,LAMPOCHKI,,0.0
19695,RC,Пункт приема отработанных ртутьсодержащих ламп № 1054,"город Москва, Ташкентский переулок, дом 5, корпус 2",37.820646,55.70761799999998,LAMPOCHKI,,0.0
19696,RC,Пункт приема отработанных ртутьсодержащих ламп № 1055,"город Москва, квартал Самаркандский Бульвар 137а, корпус 5",37.81928,55.700044999999996,LAMPOCHKI,,0.0
19697,RC,Пункт приема отработанных ртутьсодержащих ламп № 1056,"город Москва, Ферганская улица, дом 16, корпус 2",37.810459,55.70671000000001,LAMPOCHKI,,0.0
19698,RC,Пункт приема отработанных ртутьсодержащих ламп № 1057,"город Москва, Волгоградский проспект, дом 160, корпус 2",37.80553599999999,55.69475299999998,LAMPOCHKI,,0.0
19699,RC,Пункт приема отработанных ртутьсодержащих ламп № 1058,"город Москва, Волгоградский проспект, дом 170, корпус 1",37.811078,55.69124199999999,LAMPOCHKI,,0.0
19700,RC,Пункт приема отработанных ртутьсодержащих ламп № 1061,"город Москва, Краснодонская улица, дом 42",37.747675,55.66803599999998,LAMPOCHKI,,0.0
19701,RC,Пункт приема отработанных ртутьсодержащих ламп № 1062,"город Москва, Тихорецкий бульвар, дом 14, корпус 2",37.770735,55.67812799999999,LAMPOCHKI,,0.0
19702,RC,Пункт приема отработанных ртутьсодержащих ламп № 1063,"город Москва, Новороссийская улица, дом 25, корпус 2",37.762668,55.67257999999999,LAMPOCHKI,,0.0
19703,RC,Пункт приема отработанных ртутьсодержащих ламп № 1064,"город Москва, улица Головачёва, дом 3, корпус 2",37.80550900000001,55.67520900000001,LAMPOCHKI,,0.0
19705,RC,Пункт приема отработанных ртутьсодержащих ламп № 1066,"город Москва, улица Верхние Поля, дом 45, корпус 4",37.77742799999999,55.667720999999986,LAMPOCHKI,,0.0
19706,RC,Пункт приема отработанных ртутьсодержащих ламп № 1067,"город Москва, Братиславская улица, дом 18, корпус 3",37.75897599999999,55.657174,LAMPOCHKI,,0.0
19707,RC,Пункт приема отработанных ртутьсодержащих ламп № 1068,"город Москва, улица Верхние Поля, дом 34, корпус 3",37.763046,55.667741,LAMPOCHKI,,0.0
19708,RC,Пункт приема отработанных ртутьсодержащих ламп № 1069,"город Москва, улица Верхние Поля, дом 42, корпус 2",37.778091999999994,55.66417200000001,LAMPOCHKI,,0.0
19709,RC,Пункт приема отработанных ртутьсодержащих ламп № 1070,"город Москва, Марьинский бульвар, дом 1",37.748062,55.648904999999985,LAMPOCHKI,,0.0
19710,RC,Пункт приема отработанных ртутьсодержащих ламп № 1071,"город Москва, Новомарьинская улица, дом 3, корпус 4",37.747001999999995,55.654878999999994,LAMPOCHKI,,0.0
19711,RC,Пункт приема отработанных ртутьсодержащих ламп № 1072,"город Москва, Новочеркасский бульвар, дом 57",37.739617,55.64977399999998,LAMPOCHKI,подвал,0.0
19712,RC,Пункт приема отработанных ртутьсодержащих ламп № 1073,"город Москва, улица Паперника, дом 6, корпус 1",37.789365999999994,55.72020500000001,LAMPOCHKI,,0.0
19713,RC,Пункт приема отработанных ртутьсодержащих ламп № 1074,"город Москва, улица Михайлова, дом 13",37.765606,55.72870699999999,LAMPOCHKI,,0.0
19714,RC,Пункт приема отработанных ртутьсодержащих ламп № 1075,"город Москва, Мещерский переулок, дом 6, корпус 2",37.77926899999999,55.71552500000001,LAMPOCHKI,,0.0
19716,RC,Пункт приема отработанных ртутных ламп № 1077,"город Москва, Зеленодольская улица, дом 16",37.782,55.714226999999994,LAMPOCHKI,,0.0
19717,RC,Пункт приема отработанных ртутьсодержащих ламп № 1078,"город Москва, 1-я улица Машиностроения, дом 10",37.670913999999996,55.71419099999999,LAMPOCHKI,,0.0
19718,RC,Пункт приема отработанных ртутьсодержащих ламп № 1079,"город Москва, Одесская улица, дом 17",37.595025,55.659454000000004,LAMPOCHKI,,0.0
19719,RC,Пункт приема отработанных ртутьсодержащих ламп № 1080,"город Москва, Азовская улица, дом 24, корпус 2",37.597387,55.65083599999999,LAMPOCHKI,,0.0
19720,RC,Пункт приема отработанных ртутьсодержащих ламп № 1081,"город Москва, Симферопольский бульвар, дом 16, корпус 1",37.60468199999999,55.65200899999999,LAMPOCHKI,,0.0
19721,RC,Пункт приема отработанных ртутьсодержащих ламп № 1083,"город Москва, улица Грина, дом 28",37.570698,55.56775899999999,LAMPOCHKI,,0.0
19722,RC,Пункт приема отработанных ртутьсодержащих ламп № 1084,"город Москва, Литовский бульвар, дом 6, корпус 3",37.529412,55.609232999999996,LAMPOCHKI,,0.0
19723,RC,Пункт приема отработанных ртутьсодержащих ламп № 1085,"город Москва, Ясногорская улица, дом 3",37.54109,55.609975000000006,LAMPOCHKI,,0.0
19724,RC,Пункт приема отработанных ртутных ламп № 1086,"город Москва, улица Рокотова, дом 7, корпус 2",37.549768,55.609481999999986,LAMPOCHKI,,1.0
19725,RC,Пункт приема отработанных ртутьсодержащих ламп № 1088,"г.Москва, Малая Грузинская ул., д.43",37.57165,55.77033500000002,LAMPOCHKI,,0.0
19726,RC,Пункт приема отработанных ртутьсодержащих ламп № 1089,"город Москва, Васильевская улица, дом 2, корпус 2",37.586724,55.769979999999975,LAMPOCHKI,,0.0
19727,RC,Пункт приема отработанных ртутьсодержащих ламп № 1090,"город Москва, Большая Декабрьская улица, дом 2",37.558840999999994,55.765781999999994,LAMPOCHKI,,0.0
19728,RC,Пункт приема отработанных ртутьсодержащих ламп № 1091,"город Москва, Новоспасский переулок, дом 3, корпус 1",37.655823,55.73438000000001,LAMPOCHKI,,0.0
19729,RC,Пункт приема отработанных ртутьсодержащих ламп № 1093,"город Москва, улица Петровка, дом 19, строение 1",37.616018,55.76485999999999,LAMPOCHKI,,0.0
19730,RC,Пункт приема отработанных ртутьсодержащих ламп № 1094,"г. Москва, ул. Чаянова, д. 10, стр. 2",37.595001,55.774995,LAMPOCHKI,,0.0
19731,RC,Пункт приема отработанных ртутьсодержащих ламп № 1095,"город Москва, Вадковский переулок, дом 20, строение 1",37.597782,55.789379999999994,LAMPOCHKI,,0.0
19732,RC,Пункт приема отработанных ртутных ламп № 1096,"город Москва, Лужнецкая набережная, дом 10Б",37.56507499999999,55.715270999999994,LAMPOCHKI,,0.0
19733,RC,Пункт приема отработанных ртутьсодержащих ламп № 1097,"город Москва, Загорьевская улица, дом 10, корпус 2",37.67722,55.57906800000001,LAMPOCHKI,,0.0
19734,RC,Пункт приема отработанных ртутьсодержащих ламп № 1098,"город Москва, Ключевая улица, дом 4, корпус 2",37.755419,55.63883100000001,LAMPOCHKI,,1.0
19735,RC,Пункт приема отработанных ртутьсодержащих ламп № 1099,"город Москва, Автозаводская улица, дом 7",37.66019,55.707505000000005,LAMPOCHKI,,0.0
19736,RC,Пункт приема отработанных ртутьсодержащих ламп № 1100,"город Москва, улица Трофимова, дом 6",37.664186,55.702870999999995,LAMPOCHKI,,0.0
19737,RC,Пункт приема отработанных ртутьсодержащих ламп № 1101,"город Москва, микрорайон Северное Чертаново, корпус 806",37.595492,55.63597499999998,LAMPOCHKI,,0.0
19738,RC,Пункт приема отработанных ртутьсодержащих ламп № 1102,"город Москва, Бирюлёвская улица, дом 1, корпус 1",37.664752,55.601949999999995,LAMPOCHKI,,0.0
19739,RC,Пункт приема отработанных ртутьсодержащих ламп № 1105,"г. Москва, ул. Верхняя Масловка, д. 24",37.56003874363409,55.797563486859154,LAMPOCHKI,,0.0
19740,RC,Пункт приема отработанных ртутьсодержащих ламп № 1106,"город Москва, улица Малая Лубянка, дом 16",37.631283,55.76459699999999,LAMPOCHKI,,0.47058823529411764
22221,RC,"Точка приема вторсырья в Академии ""LaimaLux""","г. Москва, ул. Новый Арбат, д. 34 с. 1",37.57910580546046,55.753211303658745,"BUMAGA,PLASTIK,KRYSHECHKI,BYTOVAJA_TEHNIKA,BATAREJKI",,1.0
22270,RC,"ТОЧКА ПРИЕМА КРЫШЕЧЕК В МАГАЗИНЕ ""ПЕРЕКРЕСТОК""","г. Москва, ул. Новомарьинская, д. 14/15",37.75849194437647,55.65420577274302,KRYSHECHKI,,0.0
22364,RC,"Контейнеры для вторсырья ГУП ""Экотехпром""","Москва, ул. Озерная, 22",37.455918999999994,55.678370999999984,"PLASTIK,STEKLO",,1.0
22503,RC,Коворкинг-центр НКО,"Россия, Москва, 4-й Вешняковский проезд, 1к1",37.793316999999995,55.718303,"ODEZHDA,KRYSHECHKI,BATAREJKI",,0.0
22520,RC,"Точка приёма батареек и крышечек в магазине ""ВкусВилл""","Москва, Симферопольский б-р, 22к1",37.60481999999999,55.64788000000001,"KRYSHECHKI,BATAREJKI",,0.0
22539,RC,"Пункт приёма вторсырья ""Соберись и Разделяй"" в МЕГА Теплый Стан","г. Москва, пос. Сосенское, Калужское шоссе, 21-й км, с. 1 (или МКАД, 41-й километр, с. 1)",37.49179476658838,55.60132637983944,"BUMAGA,PLASTIK,STEKLO,METALL,TETRA_PAK",,0.8888888888888888
22608,RC,Пункт приема втосырья в районном центр «Высота»,"г. Москва, ул. Юных Ленинцев, д. 52",37.7653600358243,55.699819990293946,"KRYSHECHKI,BATAREJKI,INOE",,1.0
22612,RC,Пункт приема втосырья в районном центр «Марс»,"г. Москва, ул. Инженерная, д. 1",37.582256623458925,55.87875269829432,"ODEZHDA,KRYSHECHKI,BATAREJKI,INOE",,1.0
22613,RC,Пункт приема втосырья в районном центр «Рассвет»,"г.Москва, ул. Зои и Александра Космодемьянских, д. 23",37.51839865814315,55.82383484065875,"ODEZHDA,KRYSHECHKI,BATAREJKI,INOE",,0.6
22614,RC,Пункт приема втосырья в районном центр «Нева»,"г.Москва, ул. Беломорская, 16А",37.471161017879474,55.86261939711918,"ODEZHDA,KRYSHECHKI,BATAREJKI,INOE",,0.75
22615,RC,"Контейнер для приема баночек продукции ""Эвалар"" в аптеке ""Эвалар""","Россия, Москва, Мясницкая улица, 24/7с2",37.63565799999999,55.763200999999995,PLASTIK,,0.0
22616,RC,"Контейнер для приема баночки из-под продукции Эвалар в аптеке ""Эвалар""","г. Москва, Карманицкий пер., д. 9",37.58369091785786,55.748209233272114,PLASTIK,,0.0
22617,RC,"Контейнер для приема баночки из-под продукции Эвалар в аптеке ""Эвалар""","г.Москва, ул. Профсоюзная, д. 4",37.57185466474475,55.686935081347485,PLASTIK,,1.0
22618,RC,"Контейнер для приема баночки из-под продукции Эвалар в аптеке ""Эвалар""","г.Москва, ш. Энтузиастов, д. 13",37.715701086044376,55.751681140108104,PLASTIK,,0.0
22619,RC,"Контейнер для приема баночек из-под продукции ""Эвалар"" в аптеке ""Эвалар""","г. Москва, Калужская пл., д. 1, к. 1",37.61177624464604,55.7282862568864,PLASTIK,,0.0
22620,RC,"Контейнер для приема баночек из-под продукции Эвалар в аптеке ""Эвалар""","г. Москва, Зубовский б-р, д. 13, с. 1",37.59255745465914,55.735707869162844,PLASTIK,,1.0
22621,RC,"Контейнер для приема баночки из-под продукции Эвалар в аптеке ""Эвалар""","г. Москва, Зацепский вал, д. 14",37.6368956349962,55.73144449898113,PLASTIK,,0.0
22622,RC,"Контейнер для приема баночки из-под продукции Эвалар в аптеке ""Эвалар""","г.Москва, Ленинградский пр-т, д. 77, к. 2",37.50871540420535,55.80553434628753,PLASTIK,,0.0
22623,RC,"Контейнер для приема баночек из-под продукции Эвалар в аптеке ""Эвалар""","г. Москва, Тверская ул., д. 4",37.61356066801274,55.75816230360175,PLASTIK,,0.6
22624,RC,"Контейнер для приема баночки из-под продукции Эвалар в аптеке ""Эвалар""","г. Москва, Новослободская ул., д. 12",37.599882240753246,55.78079152274242,PLASTIK,,0.0
22636,RC,Пункт приема втосырья в районном центр «Будапешт»,"г. Москва, ул. Лескова, 14",37.604352225365375,55.897440316990476,"ODEZHDA,KRYSHECHKI,BATAREJKI,INOE",,0.0
22637,RC,"Контейнер для приема опасных отходов в магазине ""Lemana Pro""","Москва, 66-й километр МКАД, вл. 2",37.386852,55.810717,"ODEZHDA,LAMPOCHKI,BATAREJKI,OPASNYE_OTHODY",,0.5
22638,RC,"Контейнер для приема опасных отходов в магазине ""Lemana Pro""","Люберцы, 22-ой км Новорязанского ш, 5/2",37.883584,55.664541000000014,"ODEZHDA,LAMPOCHKI,BATAREJKI,OPASNYE_OTHODY",,1.0
22652,RC,"Пункт приёма вторсырья ""Мой чистый город""","Россия, Московская область, Королёв, проезд Макаренко, 1",37.86148299999999,55.91602699999999,"BUMAGA,PLASTIK,KRYSHECHKI",Режим работы требует уточнения,0.0
22703,RC,"Контейнеры для вторсырья ГУП ""Экотехпром""","г. Москва, ул. 1-я Вольская, 22к1",37.92245,55.68640999999999,"PLASTIK,STEKLO",,0.0
22717,RC,"Контейнер для приема одежды ""Доброворот""","г.Москва, Площадь Победы, д.3Б",37.512009971547876,55.73236000525408,ODEZHDA,,0.0
22719,RC,"Контейнер для приема одежды ""Доброворот""","г. Москва, Мичуринский пр-кт, д. 31, к. 5",37.49810322071471,55.69452916340089,ODEZHDA,,0.0
22724,RC,"Контейнер для приема одежды ""Доброворот""","г.Москва, Большая Очаковская улица, 42к1",37.446429961103206,55.676690002752785,ODEZHDA,,0.0
22726,RC,"Контейнер для приема одежды ""Доброворот""","г.Москва, Веерная улица, 22к1",37.482859346773964,55.7085755312544,ODEZHDA,,0.0
22729,RC,"Контейнер для приема одежды ""Доброворот""","г.Москва, Синельниковская улица, 49",37.57300063854668,55.541271504598626,ODEZHDA,,0.0
22730,RC,"Контейнер для приема одежды ""Доброворот""","г.Москва, Чечёрский проезд, вл5",37.538489619044704,55.534614340207625,ODEZHDA,,0.0
22731,RC,"Контейнер для приема одежды ""Доброворот""","г.Москва, Черневская улица, с1к1",37.52472414519743,55.537500161822216,ODEZHDA,,0.0
22732,RC,"Контейнер для приема одежды ""Доброворот""","г.Москва, Венёвская улица, 31/48",37.5593154214056,55.5405951232505,ODEZHDA,,0.0
22733,RC,"Контейнер для приема одежды ""Доброворот""","г.Москва, Старокачаловская улица, 8к1",37.59017574488634,55.56924032085283,ODEZHDA,,0.0
22734,RC,"Контейнер для приема одежды ""Доброворот""","г.Москва, Куликовская улица, 16А",37.562057472031164,55.569868116009886,ODEZHDA,,1.0
22735,RC,"Контейнер для приема одежды ""Доброворот"" в ЭКОЦЕНТРЕ ""Битца""","г.Москва, Новоясеневский тупик, 1с3",37.558103817308755,55.59754764691474,ODEZHDA,,0.0
22736,RC,"Контейнер для приема одежды ""Доброворот""","г.Москва, улица Ирины Левченко, 1",37.49118999461234,55.78906999239188,ODEZHDA,,0.0
22770,RC,"Контейнер для приёма одежды ""Добрые вещи""","Москва, Каширское ш., 61Г",37.71405300000001,55.621354000000004,ODEZHDA,,0.0
23211,RC,Пункт приёма косметической тары в магазине FOAM,"Россия, Москва, 4-я Тверская-Ямская улица, 26/8",37.594054,55.77484199999999,PLASTIK,,0.0
23361,RC,"Точка приёма батареек и крышечек в магазине ""ВкусВилл""","Москва, ул. Егора Абакумова, 15А",37.59628,55.78339000000001,"KRYSHECHKI,BATAREJKI",,0.0
23499,RC,Пункт приема вторсырья SFT Group Котляково,"Россия, Москва, Кавказский бульвар, 52А",37.644574999999996,55.63039500000001,"BUMAGA,PLASTIK",,0.0
23500,RC,"Пункт приема вторсырья ООО ""ЮВИ МСК""","Россия, Московская область, Балашиха, микрорайон 1 Мая",37.84330599999999,55.81245899999998,"BUMAGA,PLASTIK",,0.0
23501,RC,"Пункт приема вторсырья ООО ""ЮВИ МСК""","г.Москва, Солнечногорский проезд, 4Ас1",37.52723799999999,55.85926099999998,"BUMAGA,PLASTIK",,0.0
23502,RC,"Пункт приема вторсырья ООО ""ЮВИ МСК""","г.Москва, Батюнинский проезд, 25",37.700737999999994,55.664055000000005,"BUMAGA,PLASTIK",,0.0
23503,RC,"Пункт приема вторсырья ООО ""ЮВИ МСК""","г.Москва, улица Генерала Дорохова, 18сБ",37.441287,55.69034899999999,"BUMAGA,PLASTIK",,0.5
23504,RC,"Пункт приема вторсырья ООО ""ЮВИ МСК""","Московская область, г. Мытищи, Силикатная улица, 19",37.776726999999994,55.93202099999999,"BUMAGA,PLASTIK",,1.0
23508,RC,"Фандомат ""Гипер Лента""","Московская область, Ленинский городской округ, г.Видное, Старо-Нагорная улица, 20",37.689626,55.566607999999995,"PLASTIK,METALL",,0.75
23509,RC,"Фандомат ""Гипер Лента""","г.Москва, Можайское шоссе, 39",37.41404099999999,55.717283999999985,"PLASTIK,METALL",,0.0
23513,RC,"Пункт приёма зубных щёток в магазине ""Перекрёсток""","Москва, п. Московский, Татьянин Парк улица, 20",37.430353999999994,55.655483,INOE,,0.0
23518,RC,"Пункт приёма зубных щёток в магазине ""Перекрёсток""","Москва, Открытое шоссе, 4/1",37.73013399999999,55.80897399999999,INOE,,0.0
23519,RC,Контейнер для зубных щёток в магазине «Перекрёсток» от SPLAT,"Москва, Шоссейная улица, 49",37.72368999999999,55.67512299999999,"PLASTIK,INOE",,0.0
23522,RC,Контейнер для зубных щёток в магазине «Перекрёсток» от SPLAT,"Одинцово, бульвар Маршала Крылова, 21",37.299182,55.68767,"PLASTIK,INOE",,0.0
23525,RC,Контейнер для зубных щёток в магазине «Перекрёсток» от SPLAT,"Москва, Дмитровское шоссе, 80",37.551241,55.864176999999984,"PLASTIK,INOE",,0.0
23526,RC,"Пункт приёма зубных щёток в магазине ""Перекрёсток""","Москва, Лётчика Бабушкина улица, 15",37.67343,55.86355000000001,INOE,,0.0
23527,RC,Контейнер для зубных щёток в магазине «Перекрёсток» от SPLAT,"Москва, Аминьевское шосе, 6",37.456828,55.707299,"PLASTIK,INOE",,0.0
23530,RC,Пункт приема редкостей в цветочной студии БотСад,"г.Москва, Олонецкая улица, 4",37.619584999999994,55.852929999999986,INOE,,0.0
23533,RC,"Точка приема добрых крышечек в магазине ""Перекресток""","г.Москва, Каширское шоссе, 80",37.709093,55.62450499999999,KRYSHECHKI,,0.0
23534,RC,"Приём редкостей в школе 1179, Школьное отделение 1","г.Москва, Чертановская улица, 1Ак3",37.609145999999996,55.63818,"PLASTIK,KRYSHECHKI,BATAREJKI,INOE",,1.0
23536,RC,"Пункт приема электронных сигарет в магазине ""Кайф Store""","Россия, Москва, улица Вертолётчиков, 4к1",37.94361599999999,55.703387,INOE,,0.0
23577,RC,"Контейнеры для вторсырья ГУП ""Экотехпром""","Москва, ул. Кировоградская, 8к2",37.611596,55.62847299999999,"PLASTIK,STEKLO",,1.0
23588,RC,Точка приема одежды и редкостей в компании Утконос Онлайн,"Россия, Москва, Столярный переулок, 3к6",37.57168,55.764652,"ODEZHDA,BATAREJKI,INOE",,0.0
23671,RC,"Контейнер для сбора крышечек в ОЭЗ ""Технополис""","Россия, Москва, Волгоградский проспект, 42к13",37.721402999999995,55.71012499999999,KRYSHECHKI,,0.0
23959,RC,Контейнер для приёма вещей «Зеленая капля»,"Москва, поселение Московский, МКАД, 47-й километр, вл31с1",37.429986,55.658764,ODEZHDA,,0.0
23965,RC,Контейнер для приёма вещей «Зеленая капля»,"Москва, Таллинская ул., д. 7",37.396128,55.800468,ODEZHDA,,1.0
23967,RC,Контейнер для приёма вещей «Зеленая капля»,"Московская область, Мытищи, Рождественская улица, 11",37.75628,55.91880599999998,ODEZHDA,,1.0
23968,RC,Контейнер для приёма вещей «Зеленая капля»,"Россия, Московская область, Красногорск, Международная улица, 12",37.387068,55.820908,ODEZHDA,,0.0
23969,RC,Контейнер для приема вещей «Зеленая капля»,"Москва, пос. Коммунарка, ул. Сосенский Стан, д. 17",37.47708399999999,55.565207,ODEZHDA,,0.0
23970,RC,Контейнер для приёма вещей «Зеленая капля»,"Россия, Москва, Дмитровское шоссе, 165Б",37.540786,55.91576399999999,ODEZHDA,,0.0
23973,RC,Контейнер для приёма вещей «Зеленая капля»,"Москва, Магнитогорская улица, 2",37.821309,55.772644000000014,ODEZHDA,,0.0
23974,RC,Контейнер для приёма вещей «Зеленая капля»,"Москва, Нижегородская улица, 2к1",37.67450699999999,55.738465000000005,ODEZHDA,,0.0
23975,RC,Контейнер для приёма вещей «Зеленая капля»,"Видное, ул. Березовая д. 8",37.718326,55.540718999999996,ODEZHDA,,0.0
23976,RC,Контейнер для приёма вещей «Зеленая капля»,"Москва, Боровское шоссе, 46",37.3484,55.63652299999999,ODEZHDA,,0.0
23977,RC,Контейнер для приёма вещей «Зеленая капля»,"Москва, Старокачаловская улица, 1Б",37.585386,55.56855699999999,ODEZHDA,,0.0
23978,RC,"Контейнер для зубных щёток, крышечек, батареек и одежды в магазине «Перекрёсток»","Москва, Севастопольский проспект, 28к2",37.578262,55.66468899999998,"PLASTIK,KRYSHECHKI,BATAREJKI,INOE",,0.0
23979,RC,Контейнер для приема вещей «Зеленая капля»,"Россия, Москва, улица Миклухо-Маклая, 37",37.521465,55.64517899999999,ODEZHDA,,0.0
23980,RC,Контейнер для приёма вещей «Зеленая капля»,"Москва, улица Раменки, 3",37.495994,55.69350400000001,ODEZHDA,,0.0
24182,RC,"Точка приема крышечек в магазине ""Перекресток""","г. Москва, ул. Минская, д. 14А",37.48481315689573,55.73896498645022,KRYSHECHKI,,0.0
24270,RC,"Бокс для сбора батареек и крышечек в музее ""Гараж""","Россия, Москва, улица Крымский Вал, 9с32",37.601656999999996,55.727706000000005,"KRYSHECHKI,BATAREJKI",,0.0
24683,RC,"Точка приёма крышечек в ""Дотерра Рус""","Россия, Москва, Ленинградский проспект, 31Ас1",37.559892,55.783427999999994,"PLASTIK,STEKLO,KRYSHECHKI",,0.0
24787,RC,"Контейнер для приема опасных отходов в магазине ""Lemana Pro""","Люберцы, Новоухтомское шоссе, 2А",37.84619300000001,55.711808999999995,"ODEZHDA,LAMPOCHKI,BATAREJKI,OPASNYE_OTHODY",,1.0
24798,RC,Точка сбора электронных сигарет Hookan Dealers,"Москва, Ярцевская улица, 24к1",37.414364,55.73913400000001,INOE,,0.0
24799,RC,Точка сбора электронных сигарет Smoking shop,"Москва, Коровинское шоссе, 1А",37.544449,55.86450500000001,INOE,,0.0
24800,RC,"Точка сбора электронных сигарет ""Табак""","Красногорск, улица Карбышева, 17А",37.303979,55.83916800000001,INOE,,0.0
24801,RC,"Точка сбора электронных сигарет ""Табак""","Москва, улица Верхняя Масловка, 21",37.560134,55.79570699999998,INOE,,0.0
24803,RC,"Точка сбора электронных сигарет ""Табак""","Москва, Севастопольский проспект, 28к2",37.578262,55.664689999999986,INOE,,0.0
24804,RC,Точка сбора электронных сигарет ТАБАК VAPE КАЛЬЯН,"Москва, бульвар Дмитрия Донского, 2А",37.575091,55.569554999999994,INOE,,0.0
24806,RC,Точка сбора электронных сигарет ТАБАК VAPE КАЛЬЯН,"г. Москва, ул. Профсоюзная, д. 128, к. 2",37.51529,55.63044099999999,INOE,,0.0
24807,RC,"Точка сбора электронных сигарет ""Море пара""","Москва, Большая Тульская улица, 2",37.62077,55.709018,INOE,,0.0
24808,RC,Точка сбора электронных сигарет Kastro Tobacco,"Россия, Московская обл, г Одинцово, улица Чикина, 1А",37.29387299999999,55.683741999999995,INOE,,0.0
24809,RC,Точка сбора электронных сигарет ТАБАК ВЕЙП,"Москва, поселение Филимонковское, посёлок Марьино, Кнутовская улица, вл1",37.329743,55.548640000000006,INOE,,0.0
24810,RC,Точка сбора электронных сигарет Kastro Tobacco,"Одинцово, улица Маршала Неделина, 6А",37.269547,55.67772199999999,INOE,,0.0
24811,RC,"Точка сбора электронных сигарет ""Табак""","Москва, улица Александры Монаховой, 92к1",37.487793,55.54310400000001,INOE,,0.0
24812,RC,Точка сбора электронных сигарет SMOKE FLAVOR tobacco,"Москва, поселение Внуковское, бульвар Андрея Тарковского, 1",37.340748,55.62954199999999,INOE,,0.0
24813,RC,Точка сбора электронных сигарет NOTA BENE сеть табачных магазинов,"г. Москва, Мичуринский пр-кт, д. 21, к.6",37.506172,55.69944599999999,INOE,,0.0
24815,RC,"Точка сбора электронных сигарет ""Табак""","г. Москва, пр-кт Вернадского, д. 39",37.50484267560515,55.6751033071259,INOE,,0.0
24816,RC,Точка сбора электронных сигарет TOBACOFFEE,"Московская область, городской округ Красногорск, село Ильинское, улица Ленина, 11",37.236732,55.758842999999985,INOE,,0.0
25623,RC,Сердце для добрых крышечек,"Московская область, Советский проспект, 23",37.366845238758486,55.71950410063633,KRYSHECHKI,,1.0
26585,RC,Пункт сбора батареек и крышечек в ЖК «Люблинский Парк»,"г.Москва, Люблинская, дом 78, корпус 3, подъезд 5, этаж 1.",37.740587205835126,55.66713016951147,"KRYSHECHKI,BATAREJKI",,0.0
26726,RC,"Контейнеры для вторсырья ГУП ""Экотехпром""","Москва, Останкинский проезд",37.63585100000001,55.82177799999999,"PLASTIK,STEKLO",,1.0
26727,RC,Пункт сбора батареек и крышечек в ЖК Люблинский парк,"Москва, Люблинская улица, дом 78к3, подъезд 5",37.73066485307038,55.66216938191179,"KRYSHECHKI,BATAREJKI",,1.0
27436,RC,"Пункт приёма техники и батареек в магазине ""М.Видео""","Москва, улица Щукинская, д. 42",37.46444,55.80954999999999,"BYTOVAJA_TEHNIKA,BATAREJKI",,0.0
27437,RC,"Точка приема крышечек в магазине ""Перекрёсток""","г. Москва, ул. Авиационная, д. 66",37.46003999256529,55.80973000070532,KRYSHECHKI,,0.0
27438,RC,"Пункт приёма добрых крышечек  в магазине ""Перекрёсток""","г. Москва, ул. Щукинская, д. 42",37.464439988818214,55.80954999933463,KRYSHECHKI,,1.0
27441,RC,"Прием батареек в ""Пятерочке""","г. Москва, Шмитовский пр-д, д. 2, стр. 1",37.55681196751661,55.75923665434826,BATAREJKI,,0.0
27483,RC,"Точка приёма батареек и крышечек в магазине ""ВкусВилл""","Москва, Кронштадтский б-р, 47",37.511687,55.851698999999996,"KRYSHECHKI,BATAREJKI",,0.0
27489,RC,«ДОБРЫЕ КРЫШЕЧКИ» HENKEL И «ПЕРЕКРЁСТКА»,"г.Москва,  Боровское ш., 6",37.40276145699499,55.65890199880215,KRYSHECHKI,,0.0
27527,RC,Пункт приёма батареек и мягкой упаковки в магазине «Лента»,"Ореховый бульвар, 22А",37.733405336951705,55.61210547282232,"BATAREJKI,INOE",,1.0
27528,RC,Точка приема крышечек в магазине «Мегафон»,"г.Москва, Ореховый бульвар, 22А",37.732604286755134,55.612138836691216,KRYSHECHKI,,0.0
27529,RC,Пространство ASHRAM,"Россия, Москва, Малая Никитская улица, 20с1",37.58933499999999,55.75898899999998,"KRYSHECHKI,BATAREJKI",,1.0
27540,RC,"Точка сбора электронных сигарет ""Табак""","г. Химки, Юбилейный пр-кт, д. 36Б",37.42219823925112,55.886939798073826,INOE,,0.0
27541,RC,"Точка сбора электронных сигарет ""Табак""","г.Москва, Хорошевское ш 92",37.51448003459464,55.77803999454621,INOE,,0.0
27542,RC,"Точка сбора электронных сигарет ""Табак""","г.Москва, Покровка 38, с. 1",37.65118546226767,55.76130637007266,INOE,,0.0
27543,RC,"Точка сбора электронных сигарет ""Море Пара""","Россия, Москва, улица Арбат, 1",37.59918799999999,55.751806999999985,INOE,,0.0
27544,RC,"Точка сбора электронных сигарет ""Торседор Сигары & Алкоголь""","г.Москва, Кутузовский пр-т 35",37.53802999739443,55.74053998838203,INOE,,0.0
27545,RC,"Точка сбора электронных сигарет ""Трамплин""","г.Москва, Ярцевская 25а",37.41529001733999,55.741090008868404,INOE,,0.0
27546,RC,"Точка сбора электронных сигарет ""Табак""","г. Москва, Народного Ополчения ул., д. 47 к. 1 стр. 1",37.49256769274146,55.793396106244394,INOE,,0.0
27547,RC,"Точка сбора электронных сигарет ""Продукты""","г.Москва,  Неглинная, д. 18 стр. 1",37.62108670977059,55.76572457891018,INOE,,0.0
27548,RC,"Точка сбора электронных сигарет ""Табак. Tobacco bros""","г.Москва,  ул Бориса Пастернака, д. 19",37.32441996099633,55.63751998619992,INOE,,0.0
27549,RC,"Точка сбора электронных сигарет ""Табакерия""","г.Москва, Осташковское ш. д.2 стр. 1",37.67410298063854,55.898455095436205,INOE,,0.0
27550,RC,"Точка сбора электронных сигарет ""Табакерия""","г. Москва, Осташковское ш. д. 1",37.66849399031938,55.899110489404954,INOE,,0.0
27551,RC,"Точка сбора электронных сигарет ""Табак""","г.Москва, Аргуновская 4",37.620959960679045,55.81406000806673,INOE,,0.0
27552,RC,"Точка сбора электронных сигарет ""Табак""","г. Москва, Огородный пр-д, д. 10",37.60394935718895,55.81367722039521,INOE,,0.0
27553,RC,"Точка сбора электронных сигарет ""Табак""","г.Москва, Новохохловская 49",37.71601996278204,55.72423999464337,INOE,,0.0
27555,RC,"Точка сбора электронных сигарет ""Смог маркет""","Видное, Берёзовая ул., д. 1",37.720931574241405,55.54587654207542,INOE,,0.0
27556,RC,"Точка сбора электронных сигарет ""Табак""","г. Москва, Южнопортовая 18",37.684740041235806,55.706189985250205,INOE,,0.0
27557,RC,"Точка сбора электронных сигарет ""Табак""","г.Москва, Новочеркасский бульвар д 57",37.73963999829237,55.64977998642706,INOE,,0.0
27558,RC,"Точка сбора электронных сигарет ""Табак""","г.Москва, Свободный пр-кт, 16 к. 2",37.817119964313285,55.75317998218962,INOE,,0.0
27559,RC,"Точка сбора электронных сигарет ""Clockwork brothers""","г.Москва, Хабаровская д .2",37.83102998409004,55.81460001217878,INOE,,0.0
27560,RC,"Точка сбора электронных сигарет ""Clockwork brothers""","г.Москва, Байкальская д 37",37.81434002230611,55.81777000605025,INOE,,0.0
27561,RC,"Точка сбора электронных сигарет ""Табак""","г. Москва, Алтуфьевское ш., д. 18А",37.58554400631709,55.8578626113017,INOE,,0.0
27562,RC,"Точка сбора электронных сигарет ""Mr.tobacco ""","г.Москва, авиконструктора миля 3А",37.851950040949475,55.68685000095833,INOE,,0.0
27563,RC,"Точка сбора электронных сигарет ""Табачная лавка""","г.Москва, Проспект мира 95",37.63499998377404,55.80761998230946,INOE,,0.0
27565,RC,"Точка сбора электронных сигарет ""Кофе и Табак""","г. Москва, Тверская ул., д. 6, стр. 1",37.611268971865655,55.760403003432025,INOE,,0.6666666666666666
27567,RC,"Точка сбора электронных сигарет в магазине ""Есть табак""","г. Химки, ул. Московская, д. 1",37.45073259780946,55.89375425332338,INOE,,0.0
27568,RC,"Точка сбора электронных сигарет в ""Cofix""","г. Москва, ул. Бутырская, д. 86б",37.58225431025503,55.80804890468939,INOE,,0.0
27569,RC,"Точка сбора электронных сигарет ""Табакерия""","г.Москва, Большая Молчановка 17",37.592540028315284,55.75304000440662,INOE,,0.0
27578,RC,"Пункт сбора ""Добрых крышечек"" в молодежном центре ""Импульс""","Россия, Московская область, Мытищи, Силикатная улица, 12",37.774308999999995,55.92793999999999,KRYSHECHKI,,1.0
27579,RC,"Пункт сбора ""Добрых крышечек"" в молодежном центре ""Импульс""","Мытищи, Мира, 9",37.73353000997264,55.91115999776456,KRYSHECHKI,,1.0
27662,RC,"Приём электроники в сервисном центре ""WorldMac""","Россия, Москва, Пятницкая улица, 46с2",37.62772999999999,55.736701999999994,BYTOVAJA_TEHNIKA,,0.0
27731,RC,"Контейнеры для вторсырья ГУП ""Экотехпром""","Москва, метро Царицыно, 1 выход",37.66957,55.62096100000001,"PLASTIK,STEKLO",,1.0
27735,RC,"Фандомат по приему вторсырья ""Ecoplatform""","Одинцовский г. о., парк Мещерский",37.375644909219396,55.67209097421093,"PLASTIK,METALL",,0.0
27738,RC,"Фандомат по приему вторсырья ""Ecoplatform""","г. Химки, Ленинградское шоссе, влд. 5",37.433412275324855,55.88881447508136,"PLASTIK,METALL",,0.0
27739,RC,"Фандомат по приему вторсырья ""Ecoplatform""","г. Москва, Литературный б-р, д. 2",37.81295,55.55678600000001,"PLASTIK,METALL",,0.0
27740,RC,"Фандомат по приему вторсырья ""Ecoplatform""","Одинцовский г. о., деревня Раздоры, ул. Липовой Рощи, д. 2 к. 1",37.378265,55.79843499999998,"PLASTIK,METALL",,1.0
27741,RC,"Фандомат по приему вторсырья ""Ecoplatform""","г. Химки, мкр. Подрезково, Тепличный пр-д, д. 6",37.329481,55.954389,"PLASTIK,METALL",,0.0
27744,RC,"Фандомат по приему вторсырья ""Ecoplatform""","ЖК ""Остафьево"", г. Москва, поселение Рязановское, Остафьевское шоссе, 12к1",37.521378999999996,55.501040999999994,"PLASTIK,METALL",,0.0
27745,RC,"Фандомат по приему вторсырья ""Ecoplatform""","г. Москва, ул. Недорубова, д. 32",37.93341753372973,55.70758515682398,"PLASTIK,METALL",,0.0
27747,RC,"Фандомат по приему вторсырья ""Ecoplatform""","ЖК «Пригород Лесное-2» Московская область, Литературный бульвар д. 6",37.813539999999996,55.56040399999999,"PLASTIK,METALL",,0.0
27748,RC,"Фандомат по приему вторсырья ""Ecoplatform"""," Сколковская ул., 3Б, Одинцово",37.323516999999995,55.69542200000001,"PLASTIK,METALL",,1.0
27749,RC,"Фандомат по приему вторсырья ""Ecoplatform""","Россия, Москва, Комсомольская площадь, 5с4",37.656547999999994,55.77719399999998,"PLASTIK,METALL",,1.0
27750,RC,"Фандомат по приему вторсырья ""Ecoplatform""","г. Москва, Павелецкая пл., д. 1А,",37.64010799999999,55.72950499999999,"PLASTIK,METALL",,0.0
27751,RC,"Фандомат по приему вторсырья ""Ecoplatform""","г. Москва, Павелецкая пл., д. 1А",37.64035700000001,55.72972,"PLASTIK,METALL",,0.0
27752,RC,"Фандомат по приему вторсырья ""Ecoplatform""","г. Москва, пл. Савеловского вокзала",37.58748328,55.794246509999994,"PLASTIK,METALL",,0.0
27753,RC,"Фандомат по приему вторсырья ""Ecoplatform""","г. Москва, ул. Земляной Вал, д. 29, стр. 1",37.66062599999999,55.75787599999999,"PLASTIK,METALL",,0.0
27754,RC,"Фандомат по приему вторсырья ""Ecoplatform""","г. Москва, Комсомольская пл., д. 2",37.65599099999999,55.77359499999999,"PLASTIK,METALL",,0.0
27756,RC,"Фандомат по приему вторсырья ""Ecoplatform""","г. Москва, пл. Тверская застава, д, 7",37.58127499999999,55.776613000000005,"PLASTIK,METALL",,0.0
27757,RC,"Фандомат по приему вторсырья ""Ecoplatform""","г. Москва, пл. Киевского вокзала 1",37.567316000000005,55.742915999999994,"PLASTIK,METALL",,0.0
27758,RC,"Фандомат по приему вторсырья ""Ecoplatform""","г. Химки, ул. Бутаково, д. 4",37.435545481742224,55.88800213579566,"PLASTIK,METALL",,0.0
27759,RC,"Фандомат по приему вторсырья ""Ecoplatform""","г. Химки, Ленинградское шоссе, влд. 5",37.434070924990436,55.889040157188624,"PLASTIK,METALL",,0.0
27760,RC,"Фандомат по приему вторсырья ""Ecoplatform""","Ленинский р-н, пос. Лопатино, ул. Сухановская, д. 1, стр. 1",37.64126707,55.53529371,"PLASTIK,METALL",,0.0
27762,RC,"Фандомат по приему вторсырья ""Ecoplatform""",г.Мытищи ул.Мира с32/2 (возле магазина Перекрёсток (на входе справа),37.7174232,55.92203004999998,"PLASTIK,METALL",,0.0
27765,RC,"Фандомат по приему вторсырья ""Ecoplatform""","Россия, Московская область, Балашиха, улица Дмитриева, 10",37.925532,55.83429499999999,"PLASTIK,METALL",,0.0
27766,RC,"Фандомат по приему вторсырья ""Ecoplatform""","г. Москва, 1-й Покровский пр-д, д. 5",37.84537321893256,55.657507056830035,"PLASTIK,METALL",,1.0
27783,RC,"Пункт приёма техники и батареек в магазине ""М.Видео""","Котельники, 1-й Покровский проезд, 1",37.846036,55.65880699999999,"BYTOVAJA_TEHNIKA,BATAREJKI",,0.0
27788,RC,"Контейнеры для вторсырья ГУП ""Экотехпром""","Москва, Пролетарский пр-кт, 31",37.65871,55.6347,"PLASTIK,STEKLO",,1.0
27789,RC,"Контейнеры для вторсырья ГУП ""Экотехпром""","Москва, Луганская улица, 3к2",37.665079,55.62669699999999,"PLASTIK,STEKLO",,1.0
27791,RC,"Прием крышечек и батареек в магазине ""МЕГАФОН""","г. Москва, Пролетарский пр-кт, вл. 30",37.658380939771995,55.630332146592565,"KRYSHECHKI,BATAREJKI",,1.0
27792,RC,"Контейнеры для вторсырья ГУП ""Экотехпром""","Россия, Москва, Кавказский бульвар, 26",37.66081499999999,55.62847200000001,"PLASTIK,STEKLO",,1.0
27818,RC,Приём батареек в магазине МЕГАФОН,"г. Котельники, Новорязанское ш., д. 1А, Колибри",37.85820147631639,55.676381884883234,BATAREJKI,,0.0
27865,RC,"Контейнеры для вторсырья ГУП ""Экотехпром""","Москва, 7-я Кожуховская ул., 9",37.674884,55.709635999999996,"PLASTIK,STEKLO",,0.0
27896,RC,"Пункт приёма зубных щёток в магазине ""Перекрёсток""","Химки, мкр. Подрезково, кв-л Кирилловка, 55Г",37.336135,55.96131799999999,INOE,,0.0
27905,RC,"Точка приёма батареек и крышечек в магазине ""ВкусВилл""","Москва, ул. Корабельная, 6",37.69538,55.679509999999986,"KRYSHECHKI,BATAREJKI",,0.0
27906,RC,"Точка приёма батареек и крышечек в магазине ""ВкусВилл""","Москва, ул. Затонная, 4с2",37.68343,55.67946999999999,"KRYSHECHKI,BATAREJKI",,0.0
27933,RC,"Точка приёма батареек в магазине ""ВкусВилл""","Москва, ул. Коминтерна, 15с1",37.68980799999999,55.871299,BATAREJKI,,0.0
27936,RC,"Точка приёма крышечек в магазине ""Перекрёсток""","г. Москва, ул. Маломосковская, д. 20, с. 1",37.65115908898383,55.812575496950565,KRYSHECHKI,,0.0
27937,RC,"Точка приёма батареек и крышечек в магазине ""ВкусВилл""","Москва, пос. Сосенское, б-р Веласкеса, 2с1",37.454702,55.591356999999995,"KRYSHECHKI,BATAREJKI",,0.0
27938,RC,"Контейнер для приема одежды фонда ""Второе дыхание""","Москва, Веласкеса б-р., 3к2",37.456651,55.59244100000001,ODEZHDA,,0.0
27943,RC,"Точка приёма батареек и крышечек в магазине ""ВкусВилл""","Москва, Маломосковская ул., 14",37.648776,55.812848,"KRYSHECHKI,BATAREJKI",,0.0
27960,RC,"Точка приёма батареек, крышечек и пластиковых карточек в магазине ""ВкусВилл""","Москва, Люблинская ул., 169к2",37.744971,55.64906400000001,"KRYSHECHKI,BATAREJKI,INOE",,0.0
27961,RC,"Контейнер для батареек в супермаркете ""Азбука Вкуса""","Москва, Старая Басманная ул., 28/2",37.66772,55.76811,BATAREJKI,,0.0
27972,RC,Контейнер для приёма вещей «Зеленая капля»,"Москва, Кузьминская ул., д. 10, стр. 12",37.788645,55.693177,ODEZHDA,,0.0
27978,RC,"Контейнеры для вторсырья ГУП ""Экотехпром""","Москва, Сиреневый б-р, 1к5",37.763715999999995,55.80283800000001,"PLASTIK,STEKLO",,0.0
27980,RC,"Контейнеры для вторсырья ГУП ""Экотехпром""","Москва,ул. Мичуринский Проспект, Олимпийская Деревня, 21А",37.457742,55.67271900000001,"PLASTIK,STEKLO",,0.0
27981,RC,"Контейнеры для вторсырья ГУП ""Экотехпром""","Москва, Москва, Озёрная улица, 33А/2",37.45031,55.670385999999986,"PLASTIK,STEKLO",,0.0
27984,RC,Точка приема батареек,"г. Москва, Серебряническая наб., д. 29",37.65274966957542,55.750436226220216,BATAREJKI,,0.0
28002,RC,"Контейнер для приема одежды фонда ""Второе дыхание""","Москва, Открытое ш., 4с1",37.72999099999999,55.80909999999998,ODEZHDA,,1.0
28004,RC,"Контейнеры для вторсырья ГУП ""Экотехпром""","Москва, Шипиловский пр-д, вл. 39с2",37.694931999999994,55.613032,"PLASTIK,STEKLO",,0.0
28008,RC,"Точка приема батареек в магазине ""Магнит Косметик""","Россия, Московская область, Химки, улица Кирова, 18",37.451307,55.888912000000005,BATAREJKI,,0.0
28010,RC,Фандомат по приёму вторсырья «ЭКОпункт»,"Химки, Юбилейный пр-кт, д. 36",37.421863,55.88706799999999,"PLASTIK,METALL",,0.0
28011,RC,Фандомат по приёму вторсырья «ЭКОпункт»,"Химки, мкр. Подрезково, ул. Комсомольская, д. 15",37.33590399999999,55.944869,"PLASTIK,METALL",,0.0
28012,RC,Контейнер для приёма вещей «Добрые вещи»,"Москва, ул. Синявинская, д. 11, к. 12",37.34925499999999,55.9472,ODEZHDA,,0.0
28013,RC,Точка приёма крышечек и батареек в магазине «Мегафон»,"г. Котельники, 1-й Покровский пр-зд, д. 5",37.84529440288036,55.6563269014254,"KRYSHECHKI,BATAREJKI",,0.0
28014,RC,Фандомат по приёму вторсырья «ЭКОпункт»,"Долгопрудный, Лихачевский пр-кт, д. 74",37.492602999999995,55.93654600000001,"PLASTIK,METALL",,0.0
28029,RC,"Контейнеры для вторсырья ГУП ""Экотехпром""","Москва, ул. Болотниковская, у парка 70-летия Победы",37.570128,55.665139,"PLASTIK,STEKLO",,0.0
28031,RC,"Точка приема батареек в магазине ""Пятерочка""","г. Москва, ул. Вертолетчиков, д. 4, к. 10",37.946296407328106,55.703398222142496,BATAREJKI,,0.0
28033,RC,Контейнер для приёма вещей «Зеленая капля»,"Москва, Головинское ш., д. 5, к. 1",37.491543,55.840326999999995,ODEZHDA,,0.0
28036,RC,Контейнер для приёма вещей «Сдать вещи просто»,"Москва, Северное Чертаново, д. 5Г",37.591438999999994,55.63820299999999,ODEZHDA,,0.0
28037,RC,Контейнер для приёма вещей «Сдать вещи просто»,"Москва, Каширское ш., д. 52",37.668209999999995,55.646019999999986,ODEZHDA,,0.0
28039,RC,Контейнер для приёма вещей «Сдать вещи просто»,"Москва, 2-й квартал, д. 20А",37.798588,55.63812499999998,ODEZHDA,,0.0
28040,RC,Контейнер для приёма вещей «Сдать вещи просто»,"Москва, ул. Василия Ботылёва, д. 43",37.354283,55.79009699999999,ODEZHDA,,0.0
28041,RC,Контейнер для приёма вещей «Сдать вещи просто»,"Москва, ул. Свободы, д. 37",37.45445399999999,55.840726000000004,ODEZHDA,,0.0
28043,RC,"КОНТЕЙНЕР ДЛЯ ПРИЕМА ВЕЩЕЙ ПРОЕКТА ""СДАТЬ ВЕЩИ ПРОСТО""","г. Москва, ул. Маршала Тухачевского, д. 20, к.2",37.479343933986826,55.78497172597309,ODEZHDA,,0.0
28044,RC,Контейнер для приёма вещей «Сдать вещи просто»,"Москва, ул. Николая Химушина, д. 17, к. 3",37.764592,55.82412499999998,ODEZHDA,,1.0
28045,RC,Контейнер для приёма вещей «Сдать вещи просто»,"Москва, ул. Флотская, д. 25",37.513149999999996,55.861609999999985,ODEZHDA,,0.0
28046,RC,Контейнер для приёма вещей «Сдать вещи просто»,"Москва, ул. Большая Внуковская, д. 6",37.294619,55.61327700000001,ODEZHDA,,0.0
28047,RC,Контейнер для приёма вещей «Сдать вещи просто»,"с. Молоково, Новомолоковский б-р, д. 10",37.85323999999999,55.563169999999985,ODEZHDA,,0.0
28048,RC,Контейнер для приёма вещей «Сдать вещи просто»,"Москва, ул. Буженинова, д. 11",37.70730999999999,55.7879,ODEZHDA,,0.0
28049,RC,Контейнер для приёма вещей «Сдать вещи просто»,"Москва, Сиреневый б-р, д. 28",37.80031999999999,55.80249000000001,ODEZHDA,,0.0
28051,RC,Контейнер для приёма вещей «Сдать вещи просто»,"Москва, ул. Миклуха-Маклая, д. 36А",37.533007,55.64017199999999,ODEZHDA,,0.0
28052,RC,Контейнер для приёма вещей «Сдать вещи просто»,"Россия, Москва, Профсоюзная улица, 128к2",37.515509,55.63053099999998,ODEZHDA,,0.0
28053,RC,Контейнер для приёма вещей «Сдать вещи просто»,"Москва, ул. Обручева, д. 16, к. 1",37.514895,55.65921399999999,ODEZHDA,,0.0
28055,RC,Контейнер для приёма вещей «Сдать вещи просто»,"г. Люберцы, ул. Весенняя, д. 12",37.90804,55.70030299999999,ODEZHDA,,0.0
28061,RC,Контейнер для приёма вещей «Сдать вещи просто»,"Москва, ул. Малая Семёновская, д. 5, с. 1",37.70748799999999,55.78476,ODEZHDA,,0.0
28062,RC,Контейнер для приёма вещей «Сдать вещи просто»,"Россия, Москва, Сходненская улица, 56",37.443488,55.85051799999999,ODEZHDA,,0.0
28065,RC,Контейнер для приёма вещей «Сдать вещи просто»,"Москва, ул. Малая Калитниковская, д. 7",37.679187,55.73722699999998,ODEZHDA,,0.0
28066,RC,Контейнер для приёма вещей «Сдать вещи просто»,"Москва, ул. Сущёвский вал, д. 5, с. 1",37.59234,55.794279999999986,ODEZHDA,,0.0
28067,RC,Контейнер для приёма вещей «Сдать вещи просто»,"Москва, ул. Сущёвский вал, д. 5, с. 9",37.593377,55.79574499999997,ODEZHDA,,0.0
28068,RC,Контейнер для приёма вещей «Сдать вещи просто»,"Москва, Варшавское ш., д. 97",37.62398000000001,55.63345999999999,ODEZHDA,,0.0
28069,RC,Контейнер для приёма вещей «Сдать вещи просто»,"Москва, ул. Ярцевская, д. 25А",37.415290000000006,55.74109,ODEZHDA,,1.0
28070,RC,Контейнер для приёма вещей «Сдать вещи просто»,"Москва, ул. Болотниковская, д. 12",37.60808,55.65695999999999,ODEZHDA,,0.0
28071,RC,Контейнер для приёма вещей «Сдать вещи просто»,"Москва, Пятницкий пер., д. 2",37.62948,55.74338,ODEZHDA,,0.0
28072,RC,"КОНТЕЙНЕР ДЛЯ ПРИЕМА ВЕЩЕЙ ПРОЕКТА ""СДАТЬ ВЕЩИ ПРОСТО""","Россия, Москва, улица Авиаконструктора Миля, 3А",37.851634999999995,55.68678299999999,ODEZHDA,,0.0
28073,RC,Контейнер для приёма вещей «Сдать вещи просто»,"Москва, ул. Барклая, д. 10",37.49907,55.74342,ODEZHDA,,0.0
28074,RC,Контейнер для приёма вещей «Сдать вещи просто»,"Москва, ул. 1905 г., д. 11",37.560644,55.764697000000005,ODEZHDA,,0.0
28075,RC,"КОНТЕЙНЕР ДЛЯ ПРИЕМА ВЕЩЕЙ ПРОЕКТА ""СДАТЬ ВЕЩИ ПРОСТО""","Россия, Москва, 3-я Хорошёвская улица, 21А",37.498956,55.78561299999999,ODEZHDA,,0.0
28086,RC,"Контейнер для батареек в супермаркете ""Азбука Вкуса""","Москва, Чаянова, 14/10с2",37.596358,55.77622900000001,BATAREJKI,,0.0
28087,RC,"Контейнер для батареек в супермаркете ""Азбука Вкуса""","Москва, ул. Петровка, 19с1",37.616032,55.765205999999985,BATAREJKI,,0.0
28090,RC,"Контейнеры для вторсырья ГУП ""Экотехпром""","Москва, ул. 1-я Вольская, 13к2",37.925131,55.68536499999998,"PLASTIK,STEKLO",,1.0
28094,RC,"Контейнер для сбора опасных отходов от компании ""Первый Экологический Сервис""","г. Химки, ул. 9 Мая, д. 11",37.4133675131336,55.90263733889426,"LAMPOCHKI,BATAREJKI,OPASNYE_OTHODY",,0.0
28129,RC,"Контейнеры для вторсырья ГУП ""Экотехпром""","Москва, ул. Кржижановского, 24/35к4",37.57761899999999,55.67609600000001,"PLASTIK,STEKLO",,0.0
28130,RC,"Пункт приема IQOS и lil SOLID в магазине ""Q STORE""","Россия, Московская область, Химки, микрорайон ИКЕА, 4",37.394800000000004,55.911691,INOE,,0.0
28131,RC,"Фандомат по приему пластиковых бутылок и алюминиевых банок ""Ecoplatform""","г. Химки, р-н Новокуркино, 8-й микрорайон, к. 1",37.3977046021021,55.91082154027053,"PLASTIK,METALL",,0.0
28132,RC,"Контейнер для приёма одежды ""Добрые вещи""","г. Химки, ул. 9 Мая, влд. 20, стр. 1",37.41543,55.90329599999999,ODEZHDA,,0.0
28133,RC,Контейнер La Roche-Posay для упаковки от косметики,"Москва, ул. Академика Бочвара, д. 15. Аптечный пункт №5",37.45604099999999,55.80314199999999,"PLASTIK,INOE",,0.0
28134,RC,Контейнер La Roche-Posay для упаковки от косметики,"Москва, ул. Покровка, 38, с. 1. Аптечный пункт №583",37.65107799999999,55.76127199999998,"PLASTIK,INOE",,0.0
28135,RC,Контейнер La Roche-Posay для упаковки от косметики,"Москва, Варшавское ш., д. 87 Б. Аптечный пункт №510",37.620285,55.65374200000001,"PLASTIK,INOE",,0.0
28136,RC,Контейнер La Roche-Posay для упаковки от косметики,"Москва, Тишинская пл., д. 6, с. 1. Аптечный пункт №1980",37.58399,55.77037899999999,"PLASTIK,INOE",,0.0
28137,RC,Контейнер La Roche-Posay для упаковки от косметики,"Москва, ул. Валовая, 8/18. Аптечный пункт №1962",37.631906,55.73079299999999,"PLASTIK,INOE",,0.0
28138,RC,Контейнер La Roche-Posay для упаковки от косметики,"Москва, Ленинский пр-т, д. 90. Аптечный пункт №495",37.52558599999999,55.675377,"PLASTIK,INOE",,0.0
28139,RC,Контейнер La Roche-Posay для упаковки от косметики,"Москва, Ленинградский пр-т, д. 12. Аптечный пункт №1510",37.57896099999999,55.780052,"PLASTIK,INOE",,0.0
28140,RC,Контейнер La Roche-Posay для упаковки от косметики,"Москва, Каширское ш., д. 14. Аптечный пункт №248",37.626302,55.66463899999999,"PLASTIK,INOE",,0.0
28141,RC,Контейнер La Roche-Posay для упаковки от косметики,"Москва, Энтузиастов ш., д. 12, к. 2. Аптечный пункт №709 ТЦ Город",37.70559399999999,55.74789,"PLASTIK,INOE",,0.0
28142,RC,Контейнер La Roche-Posay для упаковки от косметики,"Москва, пос. Воскресенское, Чечерский пр-зд, д. 51. Аптечный пункт №1913",37.516905,55.523864999999994,"PLASTIK,INOE",,0.0
28143,RC,Контейнер La Roche-Posay для упаковки от косметики,"Москва, Веневская ул., д. 4. Аптечный пункт №490",37.542249,55.54846400000001,"PLASTIK,INOE",,0.0
28144,RC,Контейнер La Roche-Posay для упаковки от косметики,"г. Москва Ленинградский пр-кт д. 62А (ТЦ ""Галерея Аэропорт"" м. Аэропорт)",37.532107,55.80183499999999,"PLASTIK,INOE",,0.0
28146,RC,Контейнер La Roche-Posay для упаковки от косметики,"Москва, ул. 7-я Кожуховская, д. 9, ТЦ Мозаика",37.674907,55.71016199999999,"PLASTIK,INOE",,0.0
28147,RC,Контейнер La Roche-Posay для упаковки от косметики,"Москва, Пресненская наб., д. 12",37.538064,55.749702999999954,"PLASTIK,INOE",,0.0
28148,RC,Контейнер La Roche-Posay для упаковки от косметики,"Москва, Мичуринский пр-кт, д. 34",37.497984,55.698438,"PLASTIK,INOE",,0.0
28149,RC,Контейнер La Roche-Posay для упаковки от косметики,"Москва, Чертаново Северное мкр., д. 1, ТРК Авентура",37.599439,55.636931000000004,"PLASTIK,INOE",,0.0
28150,RC,Контейнер La Roche-Posay для упаковки от косметики,"г. Красногорск, ул. Авангардная, д. 3, ЖК АРТ",37.360733999999994,55.81487700000001,"PLASTIK,INOE",,0.0
28151,RC,Контейнер La Roche-Posay для упаковки от косметики,"Москва, Береговой пр-зд, д. 5А, к. 1, ТЦ Фили Град",37.509913,55.75555999999999,"PLASTIK,INOE",,0.0
28152,RC,Контейнер La Roche-Posay для упаковки от косметики,"Москва, б-р Дмитрия Донского, д. 11",37.57634,55.56707399999998,"PLASTIK,INOE",,0.0
28153,RC,Контейнер La Roche-Posay для упаковки от косметики,"Москва, ул. Тверская, д. 30/2",37.597714999999994,55.76918299999998,"PLASTIK,INOE",,0.0
28154,RC,Контейнер La Roche-Posay для упаковки от косметики,"Москва, пр-т Вернадского, д. 105, к.5",37.48581,55.66378499999996,"PLASTIK,INOE",,0.0
28155,RC,Контейнер La Roche-Posay для упаковки от косметики,"Москва, ул. Истринская, д. 10, к. 2",37.433863,55.73756000000001,"PLASTIK,INOE",,0.0
28187,RC,"Контейнеры для вторсырья ГУП ""Экотехпром""","Москва, ул. Твардовского, 14",37.403406999999994,55.794697,"PLASTIK,STEKLO",,0.0
28261,RC,Экоцентр Росэко,"Россия, Москва, Каширское шоссе, 65к3",37.7263,55.59879499999999,"BUMAGA,PLASTIK,METALL,KRYSHECHKI","Открыто ежедневно с 9:00 до 23:00, для жителей ЖК «Ясный» — 24/7",1.0
28263,RC,"Пункт приёма вторсырья ""Репластик""","Россия, Московская область, Ленинский городской округ, село Остров, улица Верхняя Слобода, 10",37.844486,55.580116,"PLASTIK,KRYSHECHKI,INOE","Прием сырья: с ПН по СБ, 9:00-18:00",1.0
28333,RC,"Площадка для приёма вторсырья ""МегаБак""","г.о. Красногорск, Коммунальный квартал, 20",37.34347069011403,55.823419319386105,"BUMAGA,PLASTIK,STEKLO,METALL,ODEZHDA,LAMPOCHKI,BYTOVAJA_TEHNIKA,BATAREJKI,SHINY,OPASNYE_OTHODY,INOE",,0.5
28339,RC,"Контейнер для приема одежды фонда ""Второе дыхание""","Москва, Зубовский бульвар, 2к1",37.593029,55.736354000000006,ODEZHDA,,0.0
28340,RC,"Контейнеры для вторсырья ГУП ""Экотехпром""","г. Москва, ул. 2-я Вольская, 11к5с2",37.926088,55.690509999999996,"PLASTIK,STEKLO",,0.0
28341,RC,"Контейнеры для вторсырья ГУП ""Экотехпром""","г. Москва, ул. 2-я Вольская, 11с6",37.927613,55.68889000000001,"PLASTIK,STEKLO",,0.0
28363,RC,"Контейнер для приёма одежды ""Добрые вещи""","г. Красногорск, Красногорский б-р, д. 18",37.373422999999995,55.81776099999998,ODEZHDA,,0.0
28365,RC,"Контейнер для приёма одежды ""Добрые вещи""","г. Красногорск, Красногорский б-р, д. 26",37.377443,55.821511,ODEZHDA,,0.0
28367,RC,"Пункт приёма вторсырья экобокс ""Петромакс""","г. Красногорск, Красногорский б-р, д. 4",37.36525675127016,55.81517355898748,"BUMAGA,PLASTIK,METALL,BYTOVAJA_TEHNIKA,INOE",,0.0
28370,RC,"Контейнер для приема одежды фонда ""Второе дыхание""","Москва, Сиреневый б-р., 31",37.80058,55.80371999999999,ODEZHDA,,1.0
28372,RC,"Пункт приёма макулатуры, крышечек и пластиковых бутылок","г. Москва, ул. Юннатов 13, стр. 1",37.55898477127059,55.80116618378356,"BUMAGA,PLASTIK,KRYSHECHKI",,1.0
28582,RC,"Бокс приёма блистеров от таблеток ""GreenBox""","Россия, Москва, 3-й проезд Марьиной Рощи, 41",37.611021,55.795912,INOE,,0.0
28591,RC,"Точка приёма батареек и крышечек в магазине ""ВкусВилл""","Сосенское, б-р Веласкеса, 2с1",37.841775000000005,55.77060500000001,"KRYSHECHKI,BATAREJKI",,0.0
28624,RC,"Пункт приёма батареек в магазине ""Перекрёсток""","Москва, ул. Максимова, 5",37.46705999999999,55.797661999999995,BATAREJKI,,0.0
28642,RC,"Контейнеры для вторсырья ГУП ""Экотехпром""","Москва, ул. Пестеля, 11",37.612914,55.867657,"PLASTIK,STEKLO",,0.0
28650,RC,"Контейнер для приема одежды ""Доброворот""","Москва, 21-й км Калужского шоссе",37.49118,55.603518,ODEZHDA,,0.0
28686,RC,"Пункт приёма батареек в магазине ""Перекрёсток""","Москва, Каширское ш., 80",37.709129999999995,55.624499,BATAREJKI,,1.0
28687,RC,"Пункт приёма батареек в магазине ""Перекрёсток""","Москва, Микрорайон Северное Чертаново, 1А",37.59845899999999,55.636289,BATAREJKI,,1.0
28690,RC,"Пункт приёма батареек в магазине ""Перекрёсток""","Москва, ул. Ясногорская, 2",37.53640999999999,55.610189,BATAREJKI,,1.0
28691,RC,"Пункт приёма батареек в магазине ""Перекрёсток""","Москва, ул Каховка, 27",37.57204899999999,55.65542999999999,BATAREJKI,,1.0
28693,RC,"Пункт приёма батареек в магазине ""Перекрёсток""","Москва, Боровское шоссе, 35",37.35955799999999,55.64123300000001,BATAREJKI,,1.0
28695,RC,"Пункт приёма батареек в магазине ""Перекрёсток""","Россия, Москва, Ленинградский проспект, 36",37.559834,55.790898999999996,BATAREJKI,,1.0
28696,RC,"Пункт приёма батареек в магазине ""Перекрёсток""","Москва, Мичуринский пр-кт, 44А",37.491835,55.694649,BATAREJKI,,1.0
28697,RC,"Пункт приёма батареек в магазине ""Перекрёсток""","Москва, Народного ополчения, 24",37.481349,55.77980999999999,BATAREJKI,,1.0
28698,RC,"Пункт приёма батареек в магазине ""Перекрёсток""","Москва, Новокуркинское ш.,1",37.40672,55.885209999999994,BATAREJKI,Режим работы требует уточнения,1.0
28699,RC,"Пункт приёма батареек в магазине ""Перекрёсток""","п. Сосенское, ул. Николо-Хаванская, 28к5",37.454054,55.589092,BATAREJKI,,1.0
28700,RC,Пункт приёма батареек и крышечек в магазине «Перекрёсток»,"Москва, Новый арбат, 15",37.592639999999996,55.75187,"KRYSHECHKI,BATAREJKI",,1.0
28701,RC,"Пункт приёма батареек в магазине ""Перекрёсток""","Москва, пл. Киевского Вокзала, 2",37.565769,55.74466999999998,BATAREJKI,,1.0
28702,RC,"Пункт приёма батареек в магазине ""Перекрёсток""","Москва, пр-кт Балаклавский, 16А",37.603519,55.64217899999998,BATAREJKI,,0.0
28703,RC,"Пункт приёма батареек в магазине ""Перекрёсток""","Москва, проезд Завода Серп и Молот, 10",37.70233999999999,55.752569,BATAREJKI,,1.0
28704,RC,"Пункт приёма батареек в магазине ""Перекрёсток""","Россия, Москва, Севастопольский проспект, 28к2",37.578042,55.664861999999985,BATAREJKI,,1.0
28705,RC,"Пункт приёма батареек в магазине ""Перекрёсток""","Москва, ул.  Шелепихинская набережная, 34к2",37.511141,55.76237400000001,BATAREJKI,,1.0
28707,RC,"Пункт приёма батареек в магазине ""Перекрёсток""","Москва, ул. 3-я Парковая, 57",37.780969,55.805389999999996,BATAREJKI,,1.0
28708,RC,"Пункт приёма батареек в магазине ""Перекрёсток""","Москва, ул. Академика Анохина, 58",37.469049999999996,55.65022999999999,BATAREJKI,,1.0
28709,RC,"Пункт приёма батареек в магазине ""Перекрёсток""","Москва, ул. Академика Варги, 8, к. 1",37.474506,55.630313999999984,BATAREJKI,,0.0
28710,RC,"Пункт приёма батареек в магазине ""Перекрёсток""","Москва, ул. Академика Челомея, 3к2",37.527177,55.65945299999999,BATAREJKI,,1.0
28711,RC,"Пункт приёма батареек в магазине ""Перекрёсток""","Москва, ул. Борисовские пруды, 26",37.75811,55.640009000000006,BATAREJKI,,1.0
28714,RC,"Пункт приёма батареек в магазине ""Перекрёсток""","Москва, ул. Волочаевская, 12Ас1",37.682044999999995,55.755939999999974,BATAREJKI,,1.0
28715,RC,"Пункт приёма батареек в магазине ""Перекрёсток""","Москва, ул. Гарибальди, 23",37.553959,55.67145000000001,BATAREJKI,,1.0
28716,RC,"Пункт приёма батареек в магазине ""Перекрёсток""","Москва, ул. Генерала Кузнецова, 22",37.853749,55.68598,BATAREJKI,,1.0
28718,RC,"Пункт приёма батареек в магазине ""Перекрёсток""","Москва, ул. Земляной вал, 33",37.659089,55.75720999999999,BATAREJKI,,1.0
28719,RC,"Пункт приёма батареек в магазине ""Перекрёсток""","Москва, ул. Космонавтов, 15",37.66029,55.821789999999986,BATAREJKI,,1.0
28720,RC,"Пункт приёма батареек в магазине ""Перекрёсток""","Москва, ул. Краснодарская, 51к2",37.76523399999999,55.676980999999984,BATAREJKI,,1.0
28721,RC,"Пункт приёма батареек в магазине ""Перекрёсток""","Москва, ул. Магнитогорская, 2",37.820749,55.77253900000001,BATAREJKI,,1.0
28722,RC,"Пункт приёма батареек в магазине ""Перекрёсток""","Москва, ул. Медынская, 7",37.64822,55.586369999999995,BATAREJKI,,1.0
28723,RC,"Пункт приёма батареек в магазине ""Перекрёсток""","Москва, ул. Намёткина, 3",37.545879,55.66602899999998,BATAREJKI,,1.0
28724,RC,"Пункт приёма батареек в магазине ""Перекрёсток""","Москва, ул. Новослободская, 4",37.601429,55.77996999999999,BATAREJKI,,0.0
28725,RC,"Пункт приёма батареек в магазине ""Перекрёсток""","Москва, ул. Островитянова,  7",37.49495,55.64442,BATAREJKI,,1.0
28726,RC,"Пункт приёма батареек в магазине ""Перекрёсток""","Москва, ул. Паперника, 9",37.786939,55.72084000000001,BATAREJKI,,1.0
28727,RC,"Пункт приёма батареек в магазине ""Перекрёсток""","Москва, ул. Петрозаводская, 24Ас1",37.493351,55.867458,BATAREJKI,,1.0
28728,RC,"Пункт приёма батареек в магазине ""Перекрёсток""","Москва, ул. Римского-Корсакова, 20",37.609789,55.87434900000001,BATAREJKI,,1.0
28729,RC,"Пункт приёма батареек в магазине ""Перекрёсток""","Москва, ул. Рязанский проспект, 30",37.77896599999999,55.719114000000005,BATAREJKI,,1.0
28730,RC,"Пункт приёма батареек в магазине ""Перекрёсток""","Москва, ул. Усачева, 2с1",37.576895,55.73105599999999,BATAREJKI,,1.0
28731,RC,"Пункт приёма батареек, зубных щёток, одежды и мягкой упаковки в магазине ""Перекрёсток""","Москва, Череповецкая улица, 18",37.57886,55.89758,"ODEZHDA,INOE",,1.0
28732,RC,"Пункт приёма батареек в магазине ""Перекрёсток""","Москва, ул. Щербаковская, 7А",37.726592,55.782825999999986,BATAREJKI,,1.0
28733,RC,"Пункт приёма батареек в магазине ""Перекрёсток""","Москва, ул. Каховка, 29",37.569571,55.65635599999998,BATAREJKI,,1.0
28735,RC,Контейнер для зубных щёток и батареек в магазине «Перекрёсток»,"Москва, Щёлковское шоссе, 75",37.80193499999999,55.811097000000004,"PLASTIK,BATAREJKI,INOE",,1.0
28736,RC,"Пункт приёма батареек в магазине ""Перекрёсток""","Москва, Береговой проезд, 5",37.506774,55.755879999999976,BATAREJKI,,1.0
28737,RC,"Пункт приёма батареек в магазине ""Перекрёсток""","Москва, Варшавское шоссе, 160",37.595209,55.582999,BATAREJKI,,1.0
28739,RC,"Пункт приёма батареек в магазине ""Перекрёсток""","Москва, уд. Первомайская, 42",37.78706,55.79272000000001,BATAREJKI,Режим работы требует уточнения,1.0
28740,RC,"Пункт приёма батареек в магазине ""Перекрёсток""","Москва, Дмитровское ш., 80с1",37.551278,55.864145999999984,BATAREJKI,,1.0
28741,RC,"Пункт приёма батареек в магазине ""Перекрёсток""","Москва, Новоясеневский пр-т, 7",37.5324,55.607719999999986,BATAREJKI,,1.0
28742,RC,"Пункт приёма батареек в магазине ""Перекрёсток""","Москва, п. Сосенское, ул. Сосновая, 6",37.451891999999994,55.57190999999999,BATAREJKI,,0.0
28743,RC,"Пункт приёма батареек в магазине ""Перекрёсток""","Москва, ул. Паустовского, 6к1",37.539118,55.60022799999999,BATAREJKI,,0.0
28744,RC,"Пункт приёма батареек в магазине ""Перекрёсток""","Москва, пр-кт Вернадского, 86а",37.48076999999999,55.663129999999995,BATAREJKI,,1.0
28745,RC,"Пункт приёма батареек в магазине ""Перекрёсток""","Москва, ул. Русаковская, 31",37.67848,55.78859000000001,BATAREJKI,,1.0
28746,RC,"Пункт приёма батареек в магазине ""Перекрёсток""","Россия, Москва, Сходненская улица, 56",37.444582,55.85073899999998,BATAREJKI,,1.0
28747,RC,"Пункт приёма батареек в магазине ""Перекрёсток""","Москва, ул. Авиационная, 66",37.460039,55.80972999999999,BATAREJKI,,0.0
28748,RC,"Пункт приёма батареек в магазине ""Перекрёсток""","Москва, Алтуфьевское ш., 70к1",37.588203,55.888451999999994,BATAREJKI,,0.0
28749,RC,"Пункт приёма батареек в магазине ""Перекрёсток""","Москва, Аминьевское ш., 6",37.457100000000004,55.70699999999999,BATAREJKI,,0.0
28750,RC,"Пункт приёма батареек в магазине ""Перекрёсток""","Москва, Боровское ш., 6",37.401941,55.65877599999999,BATAREJKI,,1.0
28751,RC,"Пункт приёма батареек в магазине ""Перекрёсток""","Москва, Боровское ш., 46",37.34824499999999,55.63623999999999,BATAREJKI,,1.0
28752,RC,"Пункт приёма батареек в магазине ""Перекрёсток""","Москва, бульвар Адмирала Ушакова, 7",37.551259,55.54627899999999,BATAREJKI,,1.0
28753,RC,"Пункт приёма батареек в магазине ""Перекрёсток""","Москва, Варшавское ш., 152А",37.599349,55.593430000000005,BATAREJKI,,0.0
28754,RC,"Пункт приёма батареек в магазине ""Перекрёсток""","Россия, Москва, Варшавское шоссе, 124к1",37.616103,55.627560999999986,BATAREJKI,,0.0
28757,RC,"Пункт приёма батареек в магазине ""Перекрёсток""","Москва, Дмитровское ш., 13к1",37.57323499999999,55.818124999999995,BATAREJKI,,1.0
28758,RC,"Пункт приёма батареек в магазине ""Перекрёсток""","Москва, Каширское шоссе, 26",37.646059,55.653200000000005,BATAREJKI,,1.0
28759,RC,"Пункт приёма батареек в магазине ""Перекрёсток""","Москва, Керамический пр-зд, 51к2",37.564303,55.875248,BATAREJKI,,1.0
28761,RC,"Пункт приёма батареек в магазине ""Перекрёсток""","Россия, Москва, Кутузовский проспект, 57",37.477421,55.728021000000005,BATAREJKI,,0.0
28762,RC,"Пункт приёма батареек в магазине ""Перекрёсток""","Москва, Кутузовский пр-кт, 88",37.44949999999999,55.72557999999999,BATAREJKI,,1.0
28763,RC,"Пункт приёма батареек в магазине ""Перекрёсток""","Москва, Ленинградский пр, 31Ас1",37.56033699999999,55.783587,BATAREJKI,,0.0
28764,RC,"Пункт приёма батареек в магазине ""Перекрёсток""","Москва, Литовский бульвар,  22",37.5376,55.61193999999998,BATAREJKI,,1.0
28765,RC,"Пункт приёма батареек в магазине ""Перекрёсток""","Москва, Локомотивный пр-зд, 4",37.57683899999999,55.83805,BATAREJKI,,1.0
28766,RC,"Пункт приёма батареек в магазине ""Перекрёсток""","Москва, ул. Малыгина, 7",37.69469,55.88034999999999,BATAREJKI,,1.0
28767,RC,"Пункт приёма батареек в магазине ""Перекрёсток""","Москва, Олимпийская деревня, Мичуринский пр-кт, 3к1",37.467043,55.677964,BATAREJKI,,1.0
28769,RC,"Пункт приёма батареек в магазине ""Перекрёсток""","Москва, ул. Нагатинская, 16",37.642919,55.678779000000006,BATAREJKI,,1.0
28770,RC,"Пункт приёма батареек в магазине ""Перекрёсток""","Москва, ул. Новомарьинская, 14/15",37.758379999999995,55.654179000000006,BATAREJKI,,1.0
28772,RC,"Пункт приёма батареек в магазине ""Перекрёсток""","Москва, ул. Новопетровская, 6",37.516629,55.82569899999999,BATAREJKI,,0.0
28773,RC,"Пункт приёма батареек в магазине ""Перекрёсток""","Москва, Новочеркасский бульвар, 20к5",37.71823299999999,55.645793,BATAREJKI,,1.0
28774,RC,Контейнер для зубных щёток и батареек в магазине «Перекрёсток»,"Москва, Новоясеневский проспект, 11",37.536229,55.60677,"PLASTIK,BATAREJKI,INOE",,1.0
28775,RC,"Контейнеры для батареек, крышечек, кни аэрозольных баллончиков и зубных щёток в магазине «Перекрёсток»","Москва, Ореховый б-р, 14к3",37.720187,55.60974999999998,"PLASTIK,KRYSHECHKI,BATAREJKI,OPASNYE_OTHODY,INOE",,1.0
28776,RC,"Пункт приёма батареек в магазине ""Перекрёсток""","Москва, Осенний бульвар, 12к1",37.40936,55.758497999999996,BATAREJKI,,1.0
28777,RC,"Пункт приёма батареек в магазине ""Перекрёсток""","Москва, п. Внуковское, ул. Лётчика Ульянина, 5",37.307369,55.62594,BATAREJKI,,1.0
28778,RC,"Пункт приёма батареек в магазине ""Перекрёсток""","Москва, п. Московский, Киевское ш., 22-й км, 4с1",37.440103,55.63376800000001,BATAREJKI,,1.0
28779,RC,"Пункт приёма батареек в магазине ""Перекрёсток""","Москва, ул. Перерва, 43к1",37.748676,55.659236,BATAREJKI,,1.0
28780,RC,"Пункт приёма батареек в магазине ""Перекрёсток""","Москва, Пресненская наб., 2",37.53873999999999,55.74893999999999,BATAREJKI,,1.0
28783,RC,"Пункт приёма батареек в магазине ""Перекрёсток""","Москва, Проспект Мира, 92с2",37.636181,55.79305899999999,BATAREJKI,,1.0
28784,RC,"Пункт приёма батареек в магазине ""Перекрёсток""","Москва, Профсоюзная, 129а",37.50737899999999,55.618228999999985,BATAREJKI,,0.0
28786,RC,"Пункт приёма батареек в магазине ""Перекрёсток""","Москва, пр-т. Андропова, 36",37.66190999999999,55.67580899999999,BATAREJKI,,1.0
28787,RC,"Пункт приёма батареек в магазине ""Перекрёсток""","Москва, Россошанский пр-т, 3",37.609258999999994,55.60096899999998,BATAREJKI,,1.0
28789,RC,"Пункт приёма батареек в магазине ""Перекрёсток""","Москва, Сиреневый бульвар, 31",37.80058,55.80371999999999,BATAREJKI,,1.0
28790,RC,"Пункт приёма батареек в магазине ""Перекрёсток""","Москва, ул. Скульптора Мухиной, 12",37.34137,55.63948899999999,BATAREJKI,,1.0
28791,RC,"Пункт приёма батареек в магазине ""Перекрёсток""","Москва, Славянский бульвар, 9к1",37.467746,55.72631299999999,BATAREJKI,,1.0
28792,RC,"Пункт приёма батареек в магазине ""Перекрёсток""","Москва, Солнцевский пр-т, 21",37.411699,55.646989000000005,BATAREJKI,,0.0
28793,RC,"Пункт приёма батареек в магазине ""Перекрёсток""","Москва, Строгинский бульвар, 1/2",37.396759,55.80579000000001,BATAREJKI,,0.0
28795,RC,"Пункт приёма батареек в магазине ""Перекрёсток""","Москва, ул. Тимирязевская, 2/3",37.57338899999999,55.808009,BATAREJKI,,1.0
28796,RC,"Пункт приёма батареек в магазине ""Перекрёсток""","Москва, Тишинская площадь, 1с1",37.583335,55.769874,BATAREJKI,,1.0
28797,RC,"Пункт приёма батареек в магазине ""Перекрёсток""","Москва, ул. Лобненская, 4А",37.53821,55.88982899999999,BATAREJKI,,0.0
28799,RC,"Пункт приёма батареек в магазине ""Перекрёсток""","Москва, ул. Андропова, 8",37.66495,55.69595899999999,BATAREJKI,,1.0
28800,RC,"Пункт приёма батареек в магазине ""Перекрёсток""","Москва, ул. Большая Дорогомиловская, 8",37.565569,55.746269000000005,BATAREJKI,,1.0
28802,RC,"Пункт приёма батареек в магазине ""Перекрёсток""","Москва, ул. Большая Семёновская, 16",37.704089,55.78204,BATAREJKI,,1.0
28803,RC,"Пункт приёма батареек в магазине ""Перекрёсток""","Москва, ул. Генерала Кузнецова, 25к1",37.853385,55.681984,BATAREJKI,,1.0
28804,RC,"Пункт приёма батареек в магазине ""Перекрёсток""","Москва, ул. Голубинская, 5к1",37.513149999999996,55.60681199999998,BATAREJKI,,0.0
28805,RC,"Пункт приёма батареек в магазине ""Перекрёсток""","Москва, ул. Декабристов, 12",37.601919,55.863179999999986,BATAREJKI,,0.0
28806,RC,"Пункт приёма батареек в магазине ""Перекрёсток""","Москва, ул. Домодедовская, 28",37.71233899999999,55.60473899999998,BATAREJKI,,1.0
28807,RC,"Пункт приёма батареек в магазине ""Перекрёсток""","Москва, ул. Зеленодольская, 40",37.76572,55.704059999999984,BATAREJKI,,0.0
28809,RC,"Пункт приёма батареек в магазине ""Перекрёсток""","Москва, ул. Кировоградская, 14",37.605988999999994,55.62259899999999,BATAREJKI,,0.0
28811,RC,"Пункт приёма батареек в магазине ""Перекрёсток""","Москва, ул. Лебедянская, 17",37.669899,55.58737,BATAREJKI,,1.0
28812,RC,"Контейнер для зубных щёток, крышечек и батареек в магазине «Перекрёсток»","Москва, Маршала Бирюзова, 32",37.483987,55.799730999999994,"PLASTIK,KRYSHECHKI,BATAREJKI,INOE",,1.0
28813,RC,"Пункт приёма батареек в магазине ""Перекрёсток""","Москва, ул. Миклухо-Маклая, 37",37.52127,55.645460000000014,BATAREJKI,,1.0
28814,RC,"Пункт приёма батареек в магазине ""Перекрёсток""","Россия, Москва, улица Милашенкова, 8",37.584897,55.82527799999999,BATAREJKI,,0.0
28815,RC,"Пункт приёма батареек в магазине ""Перекрёсток""","Москва, ул. Минская, 14",37.484535,55.73922,BATAREJKI,,1.0
28816,RC,"Пункт приёма батареек в магазине ""Перекрёсток""","Россия, Москва, Новокосинская улица, 14А",37.857432,55.73770199999998,BATAREJKI,,1.0
28820,RC,"Пункт приёма батареек в магазине ""Перекрёсток""","Москва, ул. Профсоюзная, 61А",37.54144,55.65596,BATAREJKI,,1.0
28821,RC,"Пункт приёма батареек в магазине ""Перекрёсток""","Москва, ул. Раменки, 3",37.49598999999999,55.69351,BATAREJKI,,0.0
28824,RC,"Пункт приёма батареек в магазине ""Перекрёсток""","Москва, ул. Удальцова, 42",37.491159999999994,55.68381,BATAREJKI,,0.0
28825,RC,"Пункт приёма батареек в магазине ""Перекрёсток""","Россия, Москва, Хорошёвское шоссе, 16с3",37.545709,55.774377999999984,BATAREJKI,,1.0
28826,RC,"Пункт приёма батареек в магазине ""Перекрёсток""","Москва, ул. Шаболовка, 10",37.61037,55.72348000000001,BATAREJKI,,1.0
28827,RC,"Пункт приёма батареек в магазине ""Перекрёсток""","Москва, ул. Широкая, 9к1",37.6588984,55.88828399999999,BATAREJKI,,0.0
28828,RC,"Пункт приёма батареек в магазине ""Перекрёсток""","Москва, ул. Азовская, 24к3",37.5955158,55.64768999999999,BATAREJKI,,1.0
28829,RC,"Пункт приёма батареек в магазине ""Перекрёсток""","Москва, ул. Бирюлёвская, 51к1",37.671589999999995,55.58273000000001,BATAREJKI,,1.0
28831,RC,"Пункт приёма батареек в магазине ""Перекрёсток""","Москва, ул. Братиславская, 27к1",37.76555689999999,55.654588,BATAREJKI,,1.0
28832,RC,"Пункт приёма батареек и крышечек в магазине ""Перекрёсток""","Москва, ул. Волгоградский пр-кт, 1с1",37.67113419999999,55.733553,"KRYSHECHKI,BATAREJKI",,1.0
28833,RC,"Пункт приёма батареек в магазине ""Перекрёсток""","Москва, проезд Дежнева, 21",37.638,55.87041,BATAREJKI,,1.0
28834,RC,"Пункт приёма батареек в магазине ""Перекрёсток""","Москва, ул. Дубравная, 34/29",37.35807,55.84613999999999,BATAREJKI,,1.0
28835,RC,"Пункт приёма батареек в магазине ""Перекрёсток""","Москва, ул. Елецкая, 15",37.73378,55.60733999999999,BATAREJKI,,0.0
28836,RC,"Пункт приёма батареек и зубных щёток в магазине ""Перекрёсток""","Москва, ул. Коломенская, 7",37.70288,55.682230000000004,"BATAREJKI,INOE",,0.0
28837,RC,"Пункт приёма батареек в магазине ""Перекрёсток""","Москва, ул. Люблинская, 169к2",37.745055199999996,55.64908499999999,BATAREJKI,,1.0
28838,RC,"Пункт приёма батареек в магазине ""Перекрёсток""","Москва, ул. Марксистская, 1",37.65852,55.74041999999999,BATAREJKI,,1.0
28839,RC,"Пункт приёма батареек в магазине ""Перекрёсток""","Москва, ул. Маршала Катукова, 18",37.40641,55.806689999999996,BATAREJKI,,1.0
28840,RC,Контейнер для зубных щёток и батареек в магазине «Перекрёсток»,"Москва, Нижегородская улица, 2с1",37.674506,55.73854500000001,"PLASTIK,BATAREJKI,INOE",,0.0
28841,RC,"Пункт приёма батареек в магазине ""Перекрёсток""","Москва, ул. Полярная, 21",37.63458,55.879300000000015,BATAREJKI,,1.0
28842,RC,"Пункт приёма батареек в магазине ""Перекрёсток""","Москва, ул. Пришвина, 22",37.60222,55.88563999999999,BATAREJKI,,1.0
28843,RC,"Пункт приёма батареек в магазине ""Перекрёсток""","Москва, ул.Фестивальная, 2Б",37.47827999999999,55.855009999999986,BATAREJKI,,1.0
28844,RC,"Пункт приёма батареек в магазине ""Перекрёсток""","Москва, ул. Щукинская, 42",37.46444,55.80954999999999,BATAREJKI,,0.0
28845,RC,"Пункт приёма батареек в магазине ""Перекрёсток""","Москва, Хорошевское ш., 27",37.52389,55.77707,BATAREJKI,,1.0
28846,RC,"Пункт приёма батареек в магазине ""Перекрёсток""","Москва, Шереметьевская 6с1",37.61707239999999,55.795469,BATAREJKI,,1.0
28847,RC,"Контейнеры для батареек, зубных щёток и мягкой упаковки в магазине «Перекрёсток»","Москва, Шипиловская улица, 50к1",37.738215,55.62125,"PLASTIK,KRYSHECHKI,INOE",,1.0
28848,RC,"Пункт приёма батареек в магазине ""Перекрёсток""","Москва, Шмитовский проезд, 16с2",37.54792419999999,55.75810700000002,BATAREJKI,,1.0
28849,RC,"Пункт приёма батареек в магазине ""Перекрёсток""","Москва, ул. Шоссейная, 34",37.72290769999999,55.682564,BATAREJKI,,1.0
28850,RC,"Пункт приёма батареек в магазине ""Перекрёсток""","Москва, ул. Ялтинская, 2",37.61098,55.65199999999999,BATAREJKI,,1.0
28852,RC,"Пункт приёма батареек в магазине ""Перекрёсток""","Московский, ул. Никитина, 2",37.3567316,55.604423000000004,BATAREJKI,,1.0
28853,RC,"Пункт приёма батареек в магазине ""Перекрёсток""","Внуковское, ул. Омская, 7А",37.2633073,55.615808999999985,BATAREJKI,,1.0
28862,RC,"Пункт приёма батареек в магазине ""Перекрёсток""","Мытищи, ул. Троицкая, 7",37.699769999999994,55.90520999999999,BATAREJKI,,1.0
28864,RC,"Пункт приёма батареек в магазине ""Перекрёсток""","Мытищи, ул. Селезнева, 33",37.727459999999994,55.89169,BATAREJKI,,1.0
28865,RC,"Пункт приёма батареек в магазине ""Перекрёсток""","Мытищи, Шараповский пр-зд, вл. 2",37.75853649999999,55.91672699999999,BATAREJKI,,1.0
28866,RC,"Пункт приёма батареек в магазине ""Перекрёсток""","Видное, ул. Берёзовая, 8",37.71829,55.54074,BATAREJKI,,1.0
28867,RC,Бокс для приема одежды «Не просто вещь»,"Московская область, Балашиха, улица Ситникова, 2",37.879198,55.788743000000004,ODEZHDA,,1.0
28868,RC,"Пункт приёма батареек в магазине ""Перекрёсток""","Видное, микрорайон Солнечный, 10",37.702634599999996,55.55167500000001,BATAREJKI,,1.0
28869,RC,"Пункт приёма батареек в магазине ""Перекрёсток""","Видное, ул. Олимпийская, 6к1",37.6995383,55.54538299999998,BATAREJKI,,1.0
28874,RC,"Пункт приёма батареек в магазине ""Перекрёсток""","Россия, Московская область, Люберцы, Октябрьский проспект, 112",37.87678999999999,55.68500399999998,BATAREJKI,,0.0
28883,RC,"Пункт приёма батареек в магазине ""Перекрёсток""","Химки, Ленинградское шоссе, вл. 5",37.4334751,55.888884,BATAREJKI,,1.0
28884,RC,"Пункт приёма батареек в магазине ""Перекрёсток""","Долгопрудный,  Лихачёвский просп., 74",37.49305,55.93587999999999,BATAREJKI,,1.0
28885,RC,"Пункт приёма батареек в магазине ""Перекрёсток""","Королёв, пр-т Космонавтов, 12А",37.867311799999996,55.91744699999998,BATAREJKI,,1.0
28886,RC,"Пункт приёма батареек в магазине ""Перекрёсток""","Красногорск, ул. Авангардная, 3",37.36132,55.81472999999998,BATAREJKI,,1.0
28887,RC,"Пункт приёма батареек в магазине ""Перекрёсток""","Мытищи, ул. Мира, 32\2",37.71948,55.92120899999999,BATAREJKI,,1.0
28902,RC,"Пункт приёма батареек в магазине ""Перекрёсток""","п. Лопатино, ул. Сухановская, 1с1",37.64060739999999,55.535780999999986,BATAREJKI,,1.0
28909,RC,"Пункт приёма батареек и мягкой упаковки в магазине ""Перекрёсток""","Москва, Ленинградское шоссе, 16Ас4",37.496678,55.823546000000015,"BATAREJKI,INOE",,1.0
28910,RC,"Пункт приёма батареек в магазине ""Перекрёсток""","Москва, Можайское шоссе, 31к1",37.42002999999999,55.718455999999996,BATAREJKI,,1.0
28911,RC,"Пункт приёма батареек в магазине ""Перекрёсток""","Москва, Тюменский пр-зд, 3к1",37.738255,55.81257,BATAREJKI,,1.0
28919,RC,"Пункт приёма батареек в магазине ""Перекрёсток""","п. Лесной городок, Центральная ул., 8",37.21151699999999,55.63249399999998,BATAREJKI,,0.0
28928,RC,Контейнер для приёма вещей «Сдать вещи просто»,"Москва, ул. Свободы, д. 12/8",37.453589,55.83043700000001,ODEZHDA,,0.0
28988,RC,"Точка приема крышечек в магазине ""ВкусВилл""","г. Москва,  ул. Суздальская, 30/2",37.86346684236102,55.74375964694417,KRYSHECHKI,,0.0
28989,RC,"Пункт приёма батареек в магазине ""Перекрёсток""","Москва, ул. Кибальчича, 12к2",37.653791,55.815526,BATAREJKI,,0.0
29040,RC,"Контейнеры для вторсырья ГУП ""Экотехпром""","Москва, Электролитный пр-д, с7к3",37.609819,55.672543999999995,"PLASTIK,STEKLO",,0.0
29043,RC,Фандомат по приёму вторсырья «ЭКОпункт»,"Одинцово, парк Малевича",37.298904,55.73828299999999,"PLASTIK,METALL",,0.0
29045,RC,Фандомат по приёму вторсырья «ЭКОпункт»,"Одинцово, д. Раздоры, парк Раздолье",37.298023,55.737284999999986,"PLASTIK,METALL",,0.0
29110,RC,"Контейнер для приёма одежды ""Добрые вещи""","Москва, ул. Элеваторная, 8",37.657595,55.60129299999999,ODEZHDA,,0.0
29166,RC,"Прием добрых крышечек в галерее ""Кантата""","г. Москва, ул. Гарибальди, 23",37.553960000000075,55.67145000000004,KRYSHECHKI,,0.0
29257,RC,Пункт раздельного сбора отходов в Коммунарке,"Россия, Москва, Новомосковский административный округ, район Коммунарка, квартал № 165",37.502495,55.565814999999986,"BUMAGA,PLASTIK,STEKLO,METALL,TETRA_PAK,KRYSHECHKI,BYTOVAJA_TEHNIKA,BATAREJKI,INOE",Уточняйте режим работы пункта перед посещением,0.0
29295,RC,Пункт приёма отработанных нейтрализаторов Autokat Recycle,"Россия, Москва, Большая Семёновская улица, 42с1",37.71412899999999,55.78037399999999,"OPASNYE_OTHODY,INOE",,1.0
29300,RC,"Точка приёма батареек в магазине ""ВкусВилл""","Боброво, ул. Крымская, 3",37.613769,55.536773999999994,BATAREJKI,,0.0
29354,RC,Фандомат по приёму вторсырья «ЭКОпункт»,"Красногорск, Международная улица, 6",37.246086,55.785776,"PLASTIK,METALL",,1.0
29355,RC,Фандомат по приёму вторсырья «ЭКОпункт»,"Красногорск, 26 км автодороги Балтия-М9. БЦ",37.24081199999999,55.785741,"PLASTIK,METALL",,1.0
29356,RC,Фандомат по приёму вторсырья «ЭКОпункт»,"Красрогорск, Ленина улица,  2",37.32076,55.81948599999998,"PLASTIK,METALL",,0.0
29372,RC,"Прием упаковки от кормов для животных в магазине ""Четыре лапы""","г. Москва, Осенний бул., 12 (этаж 2)",37.409083093686,55.759323474772124,INOE,,0.0
29423,RC,Пункт приёма пластиковой упаковки в магазине Hollyshop,"Россия, Москва, Сущёвская улица, 27с2",37.59998,55.78313099999999,PLASTIK,,1.0
29707,RC,Контейнер для одежды «Благодарный шкаф»,"Лыткарино, 3-й микрорайон, квартал 3А, ул. Степана Степанова, 4",37.91226999999999,55.58721000000001,ODEZHDA,,0.0
29708,RC,Контейнер для одежды «Благодарный шкаф»,"Лыткарино, Советская улица, 14Б",37.902328,55.578437,ODEZHDA,,0.0
29709,RC,Контейнер для одежды «Благодарный шкаф»,"Лыткарино, Парковая улица, с2",37.911939,55.58220499999998,ODEZHDA,"ТЦ Весна закрывается в 22:00 и пройти можно только в круглосуточный магазин Виктория. В связи с чем попасть к шкафу будет затруднительно, так как проход будет перекрыт (на фото видно пример), но при желании пройти можно.",0.0
29710,RC,"Площадка для приёма вторсырья ""МегаБак""","Россия, Московская область, Лыткарино, 3-й микрорайон, квартал 3А, улица Степана Степанова, с30А",37.911778,55.58969599999999,"BUMAGA,PLASTIK,STEKLO,METALL,ODEZHDA,LAMPOCHKI,BYTOVAJA_TEHNIKA,BATAREJKI,SHINY,OPASNYE_OTHODY,INOE",,0.0
29711,RC,Фандомат по приёму вторсырья «ЭКОпункт»,"Лыткарино, Ленина улица, 2Б",37.91024899999999,55.57835499999997,"PLASTIK,METALL",,0.0
29712,RC,Фандомат по приёму вторсырья «ЭКОпункт»,"Лыткарино, Советская улица, 14Бс3",37.902015,55.57922800000001,"PLASTIK,METALL",,0.0
29713,RC,Фандомат по приёму вторсырья «ЭКОпункт»,"Лыткарино, Парковая улица, с2",37.911964,55.582203999999976,"PLASTIK,METALL","ТЦ Весна закрывается в 22:00 и пройти можно только в круглосуточный магазин Виктория. В связи с чем попасть к шкафу будет затруднительно, так как проход будет перекрыт (на фото видно пример), но при желании пройти можно.",0.0
29726,RC,"Благотворительный магазин ""ПользаCity""","Россия, Московская область, Мытищи, улица Сукромка, 7",37.712978,55.90370799999999,"ODEZHDA,BYTOVAJA_TEHNIKA,INOE",,1.0
29733,RC,"Контейнеры для вторсырья ГУП ""Экотехпром""","Москва, ул. Дегунинская, 13с2",37.533747,55.86628,"PLASTIK,STEKLO",,0.0
29746,RC,Добрые крышечки,"Россия, Москва, Нагорная улица, 38к1",37.59311699999999,55.671425000000006,KRYSHECHKI,"Актуальное расписание работы в праздничные дни можно посмотреть на сайте https://dgp69.mos.ru/, в группе в Telegram t.me/dzm_69 (https://t.me/dzm_69) или на информационных стендах в поликлинике.",0.0
29748,RC,"Контейнеры для вторсырья ГУП ""Экотехпром""","Россия, Москва, Мячковский бульвар",37.750878,55.65920500000001,"PLASTIK,STEKLO","Представляют собой два рядом стоящих контейнера в форме ""Колокольчиков"" для сбора вторсырья.
В желтый можно класть :
Пластиковые пэт-бутылки ( 01) от напитков;
Бутылки, канистры, флаконы с маркировкой 02.

В зеленый: стеклянные бутылки, банки ( без пакетов! ). Подробнее о контейнерах: https://rsbor-msk.ru/2020/05/21/itogovyj-kommentarij-kolokolchiki/",0.0
29768,RC,Фандомат по приёму вторсырья «ЭКОпункт»,"Люберцы, 3-е Почтовое Отделение улица",37.868463,55.68270499999999,"PLASTIK,METALL",,0.0
30118,RC,Пункт приёма металла,"Россия, Московская область, Мытищи, Силикатная улица, 5",37.771682,55.925381000000016,METALL,,0.0
30134,RC,"Фандомат по приему вторсырья ""Ecoplatform""","Россия, Московская область, Люберцы, микрорайон Городок Б, улица 3-е Почтовое Отделение, 100",37.866347,55.68371399999999,"PLASTIK,METALL",,0.0
30312,RC,"Пункт сбора вещей ""Добрые вещи""","Россия, Москва, Центральный парк культуры и отдыха имени М. Горького",37.604534,55.726955999999994,ODEZHDA,,0.0
30385,RC,"Контейнеры для вторсырья ГУП ""Экотехпром""","Москва, улица Герасима Курина, 18",37.469791,55.730626,"PLASTIK,STEKLO",,0.0
30408,RC,"Контейнеры для вторсырья ГУП ""Экотехпром""","Москва, Таллинская улица, 8",37.395176,55.799323,"PLASTIK,STEKLO",,0.0
30409,RC,Контейнер приема старой одежды и домашнего текстиля,"Россия, Москва, Таллинская улица, 24с2",37.405185,55.798238,ODEZHDA,,0.0
30410,RC,"Приемный пункт приема вещей проекта ""Добрые вещи""","Россия, Московская область, городской округ Красногорск, деревня Путилково, улица 70-летия Победы, 3",37.392859,55.87503300000001,ODEZHDA,,0.0
30451,RC,Точка приёма батареек и лампочек в магазине «Глобус»,"Россия, Москва, Широкая улица, 2А",37.63957700000001,55.887181000000005,"LAMPOCHKI,BATAREJKI",В часы работы магазина доступен,0.0
30560,RC,"Точка приёма батареек и крышечек в магазине ""ВкусВилл""","Москва, Новодмитровская улица, 2к4",37.590322,55.803987000000006,"KRYSHECHKI,BATAREJKI",,0.0
30561,RC,Фандомат от Ecoplatform,"Россия, Москва, Новодмитровская улица, 2к6",37.591491,55.803008,"PLASTIK,METALL",,0.0
30567,RC,"Пункт приема вторсырья в ЖК ""Микрогород в лесу""","Россия, Московская область, городской округ Красногорск, посёлок Отрадное, Лесная улица, 17",37.3295,55.871067,"BUMAGA,PLASTIK,METALL,KRYSHECHKI","🕑 Время работы:
🟢 Открыто: пятница 18:00 - воскресенье 23:00 (или до момента заполненности пункта, о чем сообщается в чате)
🔴 Закрыто: все остальные дни, включая праздничные",0.0
30621,RC,"Точка приёма батареек, крышечек и пластиковых карточек в магазине ""ВкусВилл""","Москва, улица Мельникова, 3к1",37.677053,55.726761,"KRYSHECHKI,BATAREJKI,INOE",,1.0
30634,RC,"Контейнеры для вторсырья ГУП ""Экотехпром""","Москва, ул. Александры Монаховой, 6",37.472711,55.57447099999999,"PLASTIK,STEKLO",,0.0
30658,RC,"Контейнеры для вторсырья ГУП ""Экотехпром""","Москва, ул. Кировоградская, 17к2",37.601493,55.60672899999999,"PLASTIK,STEKLO",,0.0
30659,RC,"Контейнеры для вторсырья ГУП ""Экотехпром""","Москва, ул. Красного Маяка, 2",37.602211999999994,55.611416,"PLASTIK,STEKLO",,0.0
30684,RC,Контейнер для лампочек и батареек в гипеомаркете Глобус,"Россия, Москва, Восточный административный округ, район Косино-Ухтомский",37.844024,55.71424400000001,"LAMPOCHKI,BATAREJKI",,1.0
30776,RC,Бокс для приёма одежды «Не просто вещь»,"Москва, улица Ботаническая улица 33Вс1",37.582529,55.840430000000005,ODEZHDA,,0.0
30777,RC,Бокс для приёма одежды «Не просто вещь»,"Москва, улица Большая Академическая 63",37.546372,55.83993599999999,ODEZHDA,,0.0
30852,RC,Ежемесячная акция по сбору вторсырья,"Россия, Москва, Восточный административный округ, район Измайлово",37.785546999999994,55.787932000000005,"BUMAGA,PLASTIK,STEKLO,METALL,TETRA_PAK,ODEZHDA,KRYSHECHKI,BYTOVAJA_TEHNIKA,BATAREJKI,INOE",Акция проходит последнюю субботу каждого месяца с 13:00 до 14:30. Изменения в расписании отображаются в телеграмм канале https://t.me/zavozduh,0.0
30857,RC,Бокс для приёма одежды «Не просто вещь»,"Москва, улица Большая Академическая 6к1",37.523779,55.81837099999998,ODEZHDA,,0.0
30858,RC,Бокс для приема одежды «Не просто вещь»,"Москва, улица Алабяна 12к1",37.50124,55.798803,ODEZHDA,,0.0
30859,RC,Бокс для приема одежды «Не просто вещь»,"Москва, улица Академика Бочвара 6",37.460655,55.806099,ODEZHDA,,0.0
30860,RC,Бокс для приёма одежды «Не просто вещь»,"Москва, улица Нарвская 5А",37.504456,55.83229199999999,ODEZHDA,,0.0
30861,RC,Бокс для приёма одежды «Не просто вещь»,"Московская область, деревня Путилково, улица Просторная 3к1",37.39098500000001,55.86756,ODEZHDA,,0.0
30862,RC,Бокс для приёма одежды «Не просто вещь»,"Москва, улица Братиславская 29к1",37.76683599999999,55.653710000000004,ODEZHDA,,0.0
30863,RC,Бокс для приёма одежды «Не просто вещь»,"Москва, улица Люблинская 179/1",37.747855,55.644845999999994,ODEZHDA,,0.0
30864,RC,Бокс для приёма одежды «Не просто вещь»,"Москва, улица Новомарьинская 5к2",37.74800799999999,55.65306,ODEZHDA,,0.0
30865,RC,Бокс для приёма одежды «Не просто вещь»,"Москва, улица Ясеневая 10к1",37.719916999999995,55.600084,ODEZHDA,,0.0
30866,RC,Бокс для приёма одежды «Не просто вещь»,"Москва, улица Кировоградская 8к4",37.61007099999999,55.62686299999998,ODEZHDA,,0.0
30871,RC,Бокс для приёма одежды «Не просто вещь»,"Московская область, Балашиха, микрорайон 1 мая 24",37.84618499999999,55.80648899999999,ODEZHDA,,0.0
30872,RC,Бокс для приёма одежды «Не просто вещь»,"Москва, улица 6-я Парковая 17",37.79022,55.79160200000001,ODEZHDA,,0.0
30875,RC,Бокс для приёма одежды «Не просто вещь»,"Московская область, Люберцы, поселок Мирный, улица Свободы 5",37.947721,55.623046,ODEZHDA,,0.0
30877,RC,Бокс для приёма одежды «Не просто вещь»,"Московская область, Красногорск, улица Липовой Рощи 1к2",37.378598,55.798546999999985,ODEZHDA,,0.0
30878,RC,Бокс для приёма одежды «Не просто вещь»,"Московская область, Люберцы, улица Маресьева 7к2",37.93512199999999,55.71049499999999,ODEZHDA,,0.0
30881,RC,Бокс для приёма одежды «Не просто вещь»,"Москва, Шелепихинская набережная 34к4",37.51307,55.764121,ODEZHDA,,0.0
30882,RC,Бокс для приёма одежды «Не просто вещь»,"Москва, улица Василисы Кожиной 13",37.500436,55.735909,ODEZHDA,,0.0
30883,RC,Бокс для приема одежды «Не просто вещь»,"Москва, улица Берзарина 30, 1ый подъезд",37.474443,55.790712,ODEZHDA,,0.0
30884,RC,Бокс для приема одежды «Не просто вещь»,"Москва, улица Берзарина 30А, 1ый подъезд",37.472323,55.790209,ODEZHDA,,0.0
30885,RC,Бокс для приёма одежды «Не просто вещь»,"Москва, улица Яворки 1к2",37.344467,55.508965999999994,ODEZHDA,,0.0
30886,RC,Бокс для приёма одежды «Не просто вещь»,"Москва, улица Чароитовая 1к1",37.35308899999999,55.512164,ODEZHDA,,0.0
30887,RC,Бокс для приёма одежды «Не просто вещь»,"Москва, улица Зюзинская 6",37.577148,55.666604,ODEZHDA,,0.0
30888,RC,Бокс для приёма одежды «Не просто вещь»,"Москва, проспект Севастопольский 37",37.591198,55.673458,ODEZHDA,,0.0
30891,RC,Бокс для приёма одежды «Не просто вещь»,"Москва, улица Введенского 30к1",37.529726,55.635190000000016,ODEZHDA,,0.0
30892,RC,Бокс для приёма одежды «Не просто вещь»,"Москва, улица Кубинка 15к2",37.404618,55.72402199999999,ODEZHDA,,0.0
30893,RC,Бокс для приёма одежды «Не просто вещь»,"Москва, проспект Кутузовский 67к1",37.455346,55.724498999999994,ODEZHDA,,0.0
30898,RC,Бокс для приёма одежды «Не просто вещь»,"Москва, улица Веерная 3к5",37.477462,55.70636399999999,ODEZHDA,,0.0
30899,RC,Бокс для приёма одежды «Не просто вещь»,"Москва, улица Столетова 19",37.496453,55.70225099999998,ODEZHDA,,0.0
30901,RC,Бокс для приёма одежды «Не просто вещь»,"Москва, улица Дыбенко 22к1",37.484568,55.87241400000001,ODEZHDA,,0.0
30902,RC,Бокс для приёма одежды «Не просто вещь»,"Москва, улица 800-летия Москвы 4к2",37.536266,55.87609199999999,ODEZHDA,,0.0
30905,RC,Бокс для приёма одежды «Не просто вещь»,"Москва, улица Южнобутовская 111",37.51870400000001,55.53318899999999,ODEZHDA,,0.0
30907,RC,Бокс для приёма одежды «Не просто вещь»,"Москва, улица Новорязанская 30",37.667806,55.771504,ODEZHDA,,0.0
30908,RC,Бокс для приёма одежды «Не просто вещь»,"Москва, улица Окская 5к3",37.756676,55.71485500000001,ODEZHDA,,0.0
30909,RC,Бокс для приёма одежды «Не просто вещь»,"Москва, улица Велозаводская 6",37.664896,55.712233999999995,ODEZHDA,,0.0
30910,RC,Бокс для приёма одежды «Не просто вещь»,"Москва, Фрунзенская Набережная 50",37.576815999999994,55.71866399999999,ODEZHDA,,0.0
30911,RC,Бокс для приёма одежды «Не просто вещь»,"Москва, улица Академика Пилюгина 6",37.541045,55.671873,ODEZHDA,,0.0
30912,RC,Бокс для приёма одежды «Не просто вещь»,"Москва, улица Профсоюзная 88/20",37.529905,55.650042000000006,ODEZHDA,,0.0
30913,RC,Бокс для приёма одежды «Не просто вещь»,"Москва, улица Академика Волгина 8А",37.51715,55.65156700000001,ODEZHDA,,0.0
30914,RC,Бокс для приёма одежды «Не просто вещь»,"Москва, улица Никулинская 27к1",37.452121,55.67000499999999,ODEZHDA,,0.0
30917,RC,Бокс для приёма одежды «Не просто вещь»,"Москва, улица Маршала Савицкого 28к1",37.596461999999995,55.50386900000001,ODEZHDA,,0.0
30920,RC,Бокс для приёма одежды «Не просто вещь»,"Москва, шоссе Варшавское 146 Б",37.60406199999999,55.603497000000004,ODEZHDA,,0.0
30926,RC,Бокс для приёма одежды «Не просто вещь»,"Москва, улица Типографская 2",37.585305,55.509268000000006,ODEZHDA,,0.0
30927,RC,Бокс для приёма одежды «Не просто вещь»,"Москва, улица Маршала Савицкого 12",37.583841,55.50432799999999,ODEZHDA,,0.0
30928,RC,Бокс для приёма одежды «Не просто вещь»,"Московская область, рабочий посёлок Бутово, жилой комплекс Бутово Парк, 20к1",37.59409,55.54515500000001,ODEZHDA,,0.0
30932,RC,Бокс для приёма одежды «Не просто вещь»,"Московская область, поселение Десёновское, 3-я Нововатутинская улица 6",37.350261,55.521144,ODEZHDA,,0.0
30933,RC,Бокс для приёма одежды «Не просто вещь»,"Москва, улица Александры Монаховой 80к3",37.48012099999999,55.54670899999998,ODEZHDA,,0.0
30934,RC,Бокс для приема одежды «Не просто вещь»,"Москва, улица  Бачуринская 21",37.490515,55.57333100000002,ODEZHDA,,0.0
30935,RC,Бокс для приема одежды «Не просто вещь»,"Москва, бульвар Веласкеса 10",37.462918,55.592382,ODEZHDA,,0.0
30937,RC,Бокс для приёма одежды «Не просто вещь»,"Москва, улица Судакова 14",37.745834,55.672473,ODEZHDA,,0.0
30938,RC,Бокс для приёма одежды «Не просто вещь»,"Москва, улица Космонавта Волкова 3",37.50593,55.815827,ODEZHDA,,0.0
30939,RC,Бокс для приёма одежды «Не просто вещь»,"Москва, улица Маршала Савицкого 18к1",37.588431,55.503925,ODEZHDA,,0.0
30940,RC,Бокс для приёма одежды «Не просто вещь»,"Москва, улица Александры Монаховой 109к1",37.497378,55.540918,ODEZHDA,,0.0
30945,RC,Бокс для приёма одежды «Не просто вещь»,"Москва, улица Булатниковская 6 А",37.644198,55.580991,ODEZHDA,,0.0
30946,RC,Бокс для приёма одежды «Не просто вещь»,"Москва, проспект Балаклавский  24 к1",37.597145,55.643179999999994,ODEZHDA,,0.0
30947,RC,Бокс для приёма одежды «Не просто вещь»,"Москва, улица Саратовская 1к2",37.730625,55.71369399999998,ODEZHDA,,0.0
30948,RC,Бокс для приёма одежды «Не просто вещь»,"Московская область,Королев, улица Дзержинского 7",37.857538999999996,55.920188999999986,ODEZHDA,,0.0
30951,RC,Бокс для приёма одежды «Не просто вещь»,"Москва, улица Дубнинская 53 к3",37.55704399999999,55.87294000000001,ODEZHDA,,0.0
30957,RC,Бокс для приёма одежды «Не просто вещь»,"Москва, улица Весенняя 14",37.513826,55.874334,ODEZHDA,,0.0
30959,RC,Бокс для приема одежды «Не просто вещь»,"Москва, улица Расплетина 2",37.47978899999999,55.789318999999985,ODEZHDA,,0.0
30960,RC,Бокс для приёма одежды «Не просто вещь»,"Москва, улица Маршала Тухачевского 16к1",37.484927,55.78247999999999,ODEZHDA,,0.0
30961,RC,Бокс для приёма одежды «Не просто вещь»,"Московская область, Одинцово, улица Верхне-Пролетарская 5А",37.285151,55.667243000000006,ODEZHDA,,0.0
30963,RC,Бокс для приема одежды «Не просто вещь»,"Москва, улица Часовая 26",37.522737,55.810625999999985,ODEZHDA,,0.0
30973,RC,Бокс для приёма одежды «Не просто вещь»,"Московская область, Лыткарино,3-й микрорайон, квартал 3А 24",37.907615,55.588152,ODEZHDA,,0.0
30974,RC,Бокс для приёма одежды «Не просто вещь»,"Московская область, Лыткарино, улица Лесная Улица 1",37.892035,55.58938599999998,ODEZHDA,,0.0
30975,RC,Бокс для приёма одежды «Не просто вещь»,"Московская область, посёлок Отрадное, улица Кленовая 6",37.327937,55.870146,ODEZHDA,,0.0
30976,RC,Бокс для приёма одежды «Не просто вещь»,"Московская область, Химки, проезд Тепличный 8",37.32804399999999,55.95402200000001,ODEZHDA,,0.0
30978,RC,Бокс для приёма одежды «Не просто вещь»,"МО, Химки, проезд Транспортный 3",37.413682,55.91389300000001,ODEZHDA,,0.0
30979,RC,Бокс для приёма одежды «Не просто вещь»,"МО, Химки, улица Нахимова 10б",37.470437,55.890012000000006,ODEZHDA,,0.0
30980,RC,Бокс для приёма одежды «Не просто вещь»,"Москва, улица Митинская 28к5",37.371587,55.844329,ODEZHDA,,0.0
30981,RC,Бокс для приёма одежды «Не просто вещь»,"Москва, улица Приорова 2а",37.532592,55.81827500000001,ODEZHDA,,0.0
30982,RC,Бокс для приёма одежды «Не просто вещь»,"Москва, улица Сельскохозяйственная 18к3",37.644953,55.838651999999996,ODEZHDA,,0.0
30983,RC,Бокс для приёма одежды «Не просто вещь»,"Москва, улица Верхняя Красносельская 3с1",37.65982,55.786009000000014,ODEZHDA,,0.0
30984,RC,Бокс для приема одежды «Не просто вещь»,"Москва, улица Полины Осипенко 8",37.536311,55.779722000000014,ODEZHDA,,0.0
30986,RC,Бокс для приёма одежды «Не просто вещь»,"Москва, улица Фадеева, 6с1",37.598447,55.77557000000001,ODEZHDA,,0.0
30988,RC,Бокс для приёма одежды «Не просто вещь»,"Московская Область, рабочий посёлок Дрожжино, улица Южная 9к2",37.585952,55.52184299999998,ODEZHDA,,0.0
30989,RC,Бокс для приема одежды «Не просто вещь»,"Москва, шоссе Волоколамское 1кб",37.504843,55.80568,ODEZHDA,,0.0
30993,RC,Бокс для приёма одежды «Не просто вещь»,"Москва, улица Венёвская  3а",37.545662,55.54813099999999,ODEZHDA,,0.0
30994,RC,Бокс для приёма одежды «Не просто вещь»,"Москва, улица Генерала Кузнецова 11к2",37.860718999999996,55.688472000000004,ODEZHDA,,0.0
30995,RC,Бокс для приёма одежды «Не просто вещь»,"Московская область, Люберцы, улица Весенняя 8",37.909902,55.699705,ODEZHDA,,0.0
30996,RC,Бокс для приёма одежды «Не просто вещь»,"Московская область, Видное, улица Строительная 15",37.703361,55.554205999999986,ODEZHDA,,0.0
30998,RC,Бокс для приёма одежды «Не просто вещь»,"Москва, улица Александры Монаховой 109к4",37.497583,55.542898999999984,ODEZHDA,,0.0
30999,RC,Бокс для приёма одежды «Не просто вещь»,"Москва, улица Рассказовская 22а",37.304878,55.613554,ODEZHDA,,0.0
31001,RC,Бокс для приёма одежды «Не просто вещь»,"Москва, улица Новодмитровская 5Ас2",37.58853,55.807193000000005,ODEZHDA,,0.0
31002,RC,Бокс для приёма одежды «Не просто вещь»,"Москва, шоссе Ярославское 22к2",37.68526,55.856189,ODEZHDA,,0.0
31003,RC,Бокс для приёма одежды «Не просто вещь»,"Москва, улица Первомайская 1",37.771139,55.790494,ODEZHDA,,0.0
31004,RC,Бокс для приёма одежды «Не просто вещь»,"Москва, улица Нижняя Первомайская 19а",37.79770299999999,55.79139500000001,ODEZHDA,,0.0
31005,RC,Бокс для приёма одежды «Не просто вещь»,"Москва, бульвар Сиреневый 21",37.791548999999996,55.80322099999999,ODEZHDA,,0.0
31007,RC,Бокс для приёма одежды «Не просто вещь»,"Москва, улица Лётчика Грицевца 9",37.309172,55.6236,ODEZHDA,,0.0
31008,RC,Бокс для приёма одежды «Не просто вещь»,"Москва, улица Вертолётчиков 4к8",37.947838,55.703266000000006,ODEZHDA,,0.0
31009,RC,Бокс для приёма одежды «Не просто вещь»,"Москва, улица Липчанского 6",37.937525,55.70429099999998,ODEZHDA,,0.0
31010,RC,Бокс для приёма одежды «Не просто вещь»,"Московская область, Люберцы, улица Красноармейская 3а",37.890103,55.678575,ODEZHDA,,0.0
31011,RC,Бокс для приёма одежды «Не просто вещь»,"Москва, улица Моршанская улица 4",37.85541,55.696123,ODEZHDA,,0.0
31012,RC,Бокс для приёма одежды «Не просто вещь»,"Москва, улица Оранжерейная 10",37.86186,55.718268000000016,ODEZHDA,,0.0
31013,RC,Бокс для приёма одежды «Не просто вещь»,"Москва, 5-й квартал 11с2",37.795663,55.631650999999984,ODEZHDA,,0.0
31014,RC,Бокс для приёма одежды «Не просто вещь»,"Москва, бульвар Скандинавский 17",37.509334,55.55715299999999,ODEZHDA,,0.0
31015,RC,Бокс для приёма одежды «Не просто вещь»,"Москва, улица Зворыкина 14к4",37.350646,55.68945999999998,ODEZHDA,,0.0
31016,RC,Бокс для приёма одежды «Не просто вещь»,"Москва, шоссе Коровинское 13к1",37.533813,55.869678,ODEZHDA,,0.0
31017,RC,Бокс для приёма одежды «Не просто вещь»,"МО, Химки, улица Московская 21",37.444018,55.886281000000004,ODEZHDA,,0.0
31018,RC,Бокс для приёма одежды «Не просто вещь»,"Москва, улица Твардовского 12к3",37.400997,55.79317499999999,ODEZHDA,,0.0
31019,RC,Бокс для приёма одежды «Не просто вещь»,"Московская область, Одинцово, улица Кутузовская 19",37.324514,55.705425999999996,ODEZHDA,,0.0
31020,RC,Бокс для приёма одежды «Не просто вещь»,"Московская область, Одинцово, улица Сколковская 1г",37.322287,55.694662,ODEZHDA,,0.0
31021,RC,Бокс для приёма одежды «Не просто вещь»,"Москва, шоссе Дмитровское 74к1",37.556181,55.86046900000001,ODEZHDA,,0.0
31023,RC,Бокс для приема одежды «Не просто вещь»,"Москва, улица Барышевская Роща 26",37.534802,55.504985,ODEZHDA,,0.0
31024,RC,Бокс для приёма одежды «Не просто вещь»,"Москва, улица Чехова 4",37.555705,55.502161,ODEZHDA,,0.0
31025,RC,Бокс для приёма одежды «Не просто вещь»,"Москва, проезд Чечерский 128",37.514742,55.52382400000002,ODEZHDA,,0.0
31026,RC,Бокс для приёма одежды «Не просто вещь»,"Московская область, Видное, улица Ольховая 6",37.722064,55.543379,ODEZHDA,,0.0
31027,RC,Бокс для приёма одежды «Не просто вещь»,"Московская область,Видное, улица Завидная 15",37.73028399999999,55.539995999999995,ODEZHDA,,0.0
31028,RC,Бокс для приёма одежды «Не просто вещь»,"Москва, улица Голубинская 3к1",37.513772,55.608516,ODEZHDA,,0.0
31029,RC,Бокс для приёма одежды «Не просто вещь»,"Москва, улица Трофимова 3",37.662721999999995,55.70351,ODEZHDA,,0.0
31030,RC,Бокс для приёма одежды «Не просто вещь»,"Москва, улица Саратовская 12/2",37.736455,55.714520999999976,ODEZHDA,,0.0
31031,RC,Бокс для приёма одежды «Не просто вещь»,"Москва, улица Люблинская 17к1",37.732583999999996,55.70373800000001,ODEZHDA,,0.0
31032,RC,Бокс для приёма одежды «Не просто вещь»,"Москва, улица Братиславская 3",37.75450299999999,55.664893,ODEZHDA,,0.0
31033,RC,Бокс для приёма одежды «Не просто вещь»,"Москва, улица Новомарьинская 14/15",37.75849999999999,55.65423399999999,ODEZHDA,,0.0
31034,RC,Бокс для приёма одежды «Не просто вещь»,"Москва, шоссе Каширское 142к3с2",37.72017799999999,55.597241,ODEZHDA,,0.0
31035,RC,Бокс для приёма одежды «Не просто вещь»,"Москва, улица Воронежская 36к1",37.740354,55.610371999999984,ODEZHDA,,0.0
31036,RC,Бокс для приёма одежды «Не просто вещь»,"Москва, улица Севанская 21к3",37.648897,55.62297999999999,ODEZHDA,,0.0
31037,RC,Бокс для приёма одежды «Не просто вещь»,"Москва, улица Болотниковская 5",37.613503,55.655976,ODEZHDA,,0.0
31038,RC,Бокс для приёма одежды «Не просто вещь»,"Москва, улица Большая Черёмушкинская 8к1",37.593704,55.68691400000001,ODEZHDA,,0.0
31039,RC,Бокс для приёма одежды «Не просто вещь»,"Москва, улица Ясногорская  21к1",37.531217,55.59909599999998,ODEZHDA,,0.0
31041,RC,Бокс для приёма одежды «Не просто вещь»,"Москва, проспект Ленинский 129к2",37.480849,55.64371199999999,ODEZHDA,,0.0
31042,RC,Бокс для приёма одежды «Не просто вещь»,"Московская область, Одинцово, улица Маршала Толубко 3к1",37.29673799999999,55.681721,ODEZHDA,,0.0
31043,RC,Бокс для приёма одежды «Не просто вещь»,"Московская область, Одинцово, улица Новоспортивная 4к3",37.279393,55.679646,ODEZHDA,,0.0
31044,RC,Бокс для приёма одежды «Не просто вещь»,"Москва, улица Декабристов 20к2",37.608949,55.86234300000001,ODEZHDA,,0.0
31045,RC,Бокс для приёма одежды «Не просто вещь»,"Москва, бульвар Бескудниковский 58к2",37.536338,55.87452600000001,ODEZHDA,,0.0
31047,RC,Бокс для приёма одежды «Не просто вещь»,"Москва, шоссе Ленинградское 94к3",37.471354,55.85634999999999,ODEZHDA,,0.0
31048,RC,Бокс для приёма одежды «Не просто вещь»,"Москва, улица Производственная 12к1",37.38878,55.64422600000001,ODEZHDA,,0.0
31050,RC,Бокс для приёма одежды «Не просто вещь»,"Москва, Суздальская Улица 10к3",37.850057,55.73708999999998,ODEZHDA,,0.0
31051,RC,Бокс для приёма одежды «Не просто вещь»,"Москва, шоссе Каширское 7к1",37.628882,55.669242,ODEZHDA,,0.0
31052,RC,Бокс для приёма одежды «Не просто вещь»,"Москва, улица Кусковская 16",37.781057999999994,55.738954,ODEZHDA,,0.0
31054,RC,Бокс для приёма одежды «Не просто вещь»,"Москва, проспект Куприна 38к1",37.457006,55.54379999999999,ODEZHDA,,0.0
31055,RC,Бокс для приёма одежды «Не просто вещь»,"МО, Химки, проспект Мельникова 13",37.402246,55.902606,ODEZHDA,,0.0
31056,RC,Бокс для приёма одежды «Не просто вещь»,"Москва, улица Загорьевская 10к2с2",37.677068,55.57956299999999,ODEZHDA,,0.0
31057,RC,Бокс для приёма одежды «Не просто вещь»,"Москва, улица Винницкая  3",37.495572,55.697899,ODEZHDA,,0.0
31058,RC,Бокс для приёма одежды «Не просто вещь»,"Москва, улица Привольная 57к1",37.843785999999994,55.683396999999985,ODEZHDA,,0.0
31059,RC,Бокс для приёма одежды «Не просто вещь»,"Москва, улица Матвеевская 42к2",37.460223,55.707354,ODEZHDA,,0.0
31060,RC,Бокс для приёма одежды «Не просто вещь»,"Москва, улица Митинская 48",37.355381,55.850069,ODEZHDA,,0.0
31061,RC,Бокс для приёма одежды «Не просто вещь»,"Москва, бульвар Бескудниковский 32к5",37.556613,55.871678,ODEZHDA,,0.0
31062,RC,Бокс для приёма одежды «Не просто вещь»,"Московская область, Одинцово, улица Молодёжная 1",37.25432,55.673717,ODEZHDA,,0.0
31066,RC,Бокс для приёма одежды «Не просто вещь»,"Москва, улица Маршала Тимошенко 17к1",37.394611,55.74562899999999,ODEZHDA,,0.0
31067,RC,Бокс для приёма одежды «Не просто вещь»,"Москва, улица Барышиха 20",37.351923,55.84407499999999,ODEZHDA,,0.0
31069,RC,Бокс для приёма одежды «Не просто вещь»,"Московская область, Мытищи, улица Разведчика Абеля 1",37.72962499999999,55.92310599999999,ODEZHDA,,0.0
31070,RC,Бокс для приёма одежды «Не просто вещь»,"Московская область, Мытищи, улица Кедрина 1",37.73739,55.929278000000004,ODEZHDA,,0.0
31074,RC,Бокс для приёма одежды «Не просто вещь»,"Московская область, Одинцово, улица Вокзальная 31",37.292175,55.67978699999999,ODEZHDA,,0.0
31075,RC,Бокс для приёма одежды «Не просто вещь»,"Москва, улица Новокосинская 24к1",37.861878000000004,55.740567999999996,ODEZHDA,,0.0
31076,RC,Бокс для приёма одежды «Не просто вещь»,"Московская область, деревня Суханово, жилой комплекс Усадьба Суханово, 5",37.66863299999999,55.53286399999997,ODEZHDA,,0.0
31078,RC,Бокс для приёма одежды «Не просто вещь»,"МО, Дрожжино, улица Южная 7",37.582214,55.522329,ODEZHDA,,0.0
31080,RC,Бокс для приёма одежды «Не просто вещь»,"Московская область, Видное, бульвар Зелёные Аллеи 2",37.69383899999999,55.55878799999999,ODEZHDA,,0.0
31081,RC,Бокс для приёма одежды «Не просто вещь»,"Москва, улица Липецкая 7А",37.682772,55.583632,ODEZHDA,,0.0
31082,RC,Бокс для приёма одежды «Не просто вещь»,"Москва, шоссе Каширское 70к3",37.676412,55.642601,ODEZHDA,,0.0
31087,RC,Бокс для приёма одежды «Не просто вещь»,"Москва, улица Знаменские Садки 3к2",37.573016,55.57066599999998,ODEZHDA,,0.0
31088,RC,Бокс для приёма одежды «Не просто вещь»,"Москва, улица Николая Химушина, 17к1",37.764905,55.823722,ODEZHDA,,0.0
31090,RC,Бокс для приема одежды «Не просто вещь»,"Москва, улица Генерала Глаголева 9к2",37.460134,55.781944,ODEZHDA,,0.0
31092,RC,Бокс для приёма одежды «Не просто вещь»,"Москва, улица Южнобутовская 52",37.53081199999999,55.537779,ODEZHDA,,0.0
31094,RC,Бокс для приёма одежды «Не просто вещь»,"Москва, улица Сельскохозяйственная 38к1",37.628701,55.847691999999995,ODEZHDA,,0.0
31096,RC,Бокс для приема одежды «Не просто вещь»,"Москва, деревня Сосенки, Ясеневая улица 7",37.441107,55.569252000000006,ODEZHDA,,0.0
31097,RC,Бокс для приёма одежды «Не просто вещь»,"Москва, улица Александры Монаховой 92к3",37.485115,55.54267999999998,ODEZHDA,,0.0
31099,RC,Бокс для приёма одежды «Не просто вещь»,"Москва, улица Беловежская 75",37.39784099999999,55.707674000000004,ODEZHDA,,0.0
31100,RC,Бокс для приёма одежды «Не просто вещь»,"Московская область, Котельники, улица Строителей 5",37.854798,55.66864500000001,ODEZHDA,,0.0
31102,RC,Бокс для приёма одежды «Не просто вещь»,"Москва, улица Большая Марфинская 1к2",37.591809,55.826903,ODEZHDA,,0.0
31103,RC,Бокс для приёма одежды «Не просто вещь»,"Московская область, Красногорск, улица Игоря Мерлушкина 4",37.270058,55.83565500000001,ODEZHDA,,0.0
31105,RC,Бокс для приёма одежды «Не просто вещь»,"Московская область, Химки, проспект Мельникова 37",37.394844,55.908454,ODEZHDA,,0.0
31106,RC,Бокс для приёма одежды «Не просто вещь»,"Московская область, Химки, улица Молодёжная 68",37.393649,55.90679400000001,ODEZHDA,,0.0
31109,RC,Бокс для приёма одежды «Не просто вещь»,"Москва, улица Орджоникидзе 1",37.605067999999996,55.710839,ODEZHDA,,0.0
31110,RC,Бокс для приёма одежды «Не просто вещь»,"Московская область, рабочий посёлок Боброво, улица Крымская  3к1",37.615309,55.53657800000001,ODEZHDA,,0.0
31113,RC,Бокс для приёма одежды «Не просто вещь»,"Москва, улица Татьянин Парк 14к4",37.424622,55.65210900000001,ODEZHDA,,0.0
31115,RC,Бокс для приёма одежды «Не просто вещь»,"Москва,  улица Лётчика Грицевца 4",37.302319,55.623684000000004,ODEZHDA,,0.0
31116,RC,Бокс для приёма одежды «Не просто вещь»,"Москва, Московский, улица Радужная 14к1",37.373087,55.590317000000006,ODEZHDA,,0.0
31118,RC,Бокс для приёма одежды «Не просто вещь»,"Москва, улица Большая Переяславская 52с1",37.640623,55.78784599999999,ODEZHDA,,0.0
31119,RC,Бокс для приёма одежды «Не просто вещь»,"Москва, шоссе Энтузиастов 53",37.82599,55.773736999999976,ODEZHDA,,0.0
31122,RC,Бокс для приёма одежды «Не просто вещь»,"Москва, улица Толбухина 13к1",37.399659,55.723349,ODEZHDA,,0.0
31125,RC,Бокс для приёма одежды «Не просто вещь»,"Москва, улица 6-я Радиальная 3к6",37.664752,55.605503999999996,ODEZHDA,,0.0
31128,RC,Бокс для приёма одежды «Не просто вещь»,"Московская область, Мытищи, проспект Астрахова 5Ак4",37.727167,55.928743,ODEZHDA,,0.0
31129,RC,Бокс для приёма одежды «Не просто вещь»,"МО, Химки, проспект Мельникова 2б",37.407537,55.90118199999999,ODEZHDA,,0.0
31130,RC,Бокс для приёма одежды «Не просто вещь»,"МО, Химки, проспект Юбилейный 60",37.414248,55.889048,ODEZHDA,,0.0
31132,RC,Бокс для приёма одежды «Не просто вещь»,"МО, Химки, улица Совхозная 14",37.475387,55.90090399999999,ODEZHDA,,0.0
31133,RC,Бокс для приёма одежды «Не просто вещь»,"Московская область, Химки, улица Горшина 5",37.431575,55.885938,ODEZHDA,,0.0
31134,RC,Бокс для приёма одежды «Не просто вещь»,"Московская область, Химки, Фирсановка, улица Железнодорожная 1Б",37.251966,55.95959100000002,ODEZHDA,,0.0
31135,RC,Бокс для приёма одежды «Не просто вещь»,"Москва, улица Флотская 68к2",37.50960400000001,55.856229000000006,ODEZHDA,,0.0
31136,RC,Бокс для приёма одежды «Не просто вещь»,"Москва, улица Автозаводская 23Бк2",37.651592,55.701262,ODEZHDA,,0.0
31137,RC,Бокс для приёма одежды «Не просто вещь»,"Москва, шоссе Энтузиастов 3к1",37.690462,55.74807799999999,ODEZHDA,,0.0
31139,RC,Бокс для приёма одежды «Не просто вещь»,"Москва, улица Летчика Бабушкина 18",37.675199,55.86460100000001,ODEZHDA,,0.0
31140,RC,Бокс для приёма одежды «Не просто вещь»,"Москва, проезд Анадырский 69",37.71009,55.88245900000001,ODEZHDA,,0.0
31141,RC,Бокс для приёма одежды «Не просто вещь»,"Московская область, Королёв, проспект Королёва 22",37.85121500000001,55.921434999999995,ODEZHDA,,0.0
31142,RC,Бокс для приёма одежды «Не просто вещь»,"Московская область, Мытищи, переулок 1-й Стрелковый 3",37.771328,55.94561900000001,ODEZHDA,,0.0
31145,RC,Бокс для приёма одежды «Не просто вещь»,"Москва, улица Брусилова 21",37.58639199999999,55.50181899999999,ODEZHDA,,0.0
31149,RC,Бокс для приёма одежды «Не просто вещь»,"Москва, улица Адмирала Лазарева 41",37.522243,55.541988,ODEZHDA,,0.0
31150,RC,Бокс для приема одежды «Не просто вещь»,"Москва, шоссе Остафьевское  14к3",37.519215,55.50060100000002,ODEZHDA,,0.0
31151,RC,Бокс для приема одежды «Не просто вещь»,"Москва, бульвар Севильский 1",37.447404,55.58906499999999,ODEZHDA,,0.0
31153,RC,Бокс для приёма одежды «Не просто вещь»,"Москва, улица Богданова 2к1",37.404797,55.65658,ODEZHDA,,0.0
31157,RC,Бокс для приёма одежды «Не просто вещь»,"Москва, улица Омская 6",37.264597,55.61850499999998,ODEZHDA,,0.0
31158,RC,Бокс для приёма одежды «Не просто вещь»,"Москва, улица Александры Монаховой 89к2",37.487919,55.54889400000001,ODEZHDA,,0.0
31159,RC,Бокс для приёма одежды «Не просто вещь»,"Московская Область, Люберцы, 1-й квартал, 9, посёлок Жилино-1",37.94571799999999,55.64065499999998,ODEZHDA,,0.0
31161,RC,Бокс для приёма одежды «Не просто вещь»,"МО, Заречье, улица Торговая 6",37.408049,55.685157000000004,ODEZHDA,,0.0
31162,RC,Бокс для приёма одежды «Не просто вещь»,"Москва, улица Гиляровского 56",37.633102,55.786941,ODEZHDA,,0.0
31175,RC,"Точка приёма батареек и крышечек в магазине ""ВкусВилл""","Красногорск, Молодёжная улица, 4",37.354735999999995,55.815379000000014,"KRYSHECHKI,BATAREJKI",,0.0
31850,RC,Бокс для приёма одежды «Не просто вещь»,"Московская область, Видное, улица Зеленые аллеи 3",37.695501,55.55820799999998,ODEZHDA,,0.0
31853,RC,Бокс для приёма одежды «Не просто вещь»,"Московская область, Красногорск, бульвар Ильинский 8",37.370805,55.817249000000004,ODEZHDA,,0.0
31855,RC,Бокс для приёма одежды «Не просто вещь»,"Московская область, Одинцово, улица Сколковская 5Б",37.320715,55.698624,ODEZHDA,,0.0
31856,RC,Бокс для приёма одежды «Не просто вещь»,"Московская область, Одинцово, улица Чистяковой 80",37.321577,55.70744999999997,ODEZHDA,,0.0
31862,RC,Бокс для приёма одежды «Не просто вещь»,"Москва, 3-я Нововатутинская 11",37.344619,55.51890600000001,ODEZHDA,,0.0
31863,RC,Бокс для приема одежды «Не просто вещь»,"Москва, бульвар Веласкеса 5к4",37.457803,55.593667999999994,ODEZHDA,,0.0
31864,RC,Бокс для приёма одежды «Не просто вещь»,"Москва, бульвар Яна Райниса 4к1",37.430776,55.85071099999999,ODEZHDA,,0.0
31865,RC,Бокс для приёма одежды «Не просто вещь»,"Москва, проезд Русанова 31",37.639113,55.85668899999999,ODEZHDA,,0.0
31866,RC,Бокс для приёма одежды «Не просто вещь»,"Москва, улица Академика Анохина 4к3",37.471766,55.67098999999998,ODEZHDA,,0.0
31867,RC,Бокс для приёма одежды «Не просто вещь»,"Москва, улица Верхние поля 4",37.744073,55.66093199999999,ODEZHDA,,0.0
31869,RC,Бокс для приёма одежды «Не просто вещь»,"Москва, улица Клязьминская 15",37.52563,55.888982,ODEZHDA,,0.0
31871,RC,Бокс для приёма одежды «Не просто вещь»,"Москва, улица Лухмановская 29",37.903201,55.72347499999999,ODEZHDA,,0.0
31874,RC,Бокс для приёма одежды «Не просто вещь»,"Москва, улица Михневская 8",37.669765999999996,55.57954000000001,ODEZHDA,,0.0
31875,RC,Бокс для приёма одежды «Не просто вещь»,"Москва, улица Муравская 42к3",37.372997,55.858971999999994,ODEZHDA,,0.0
31876,RC,Бокс для приёма одежды «Не просто вещь»,"Москва, улица Остафьевская 10",37.501717,55.531177,ODEZHDA,,0.0
31877,RC,Бокс для приёма одежды «Не просто вещь»,"Москва, улица Покрышкина 8к2",37.471093,55.666553,ODEZHDA,,0.0
31878,RC,Бокс для приёма одежды «Не просто вещь»,"Москва, улица Полярная 27к2",37.636951999999994,55.883006000000016,ODEZHDA,,0.0
31879,RC,Бокс для приёма одежды «Не просто вещь»,"Москва, улица Поречная 21",37.765094,55.64916399999999,ODEZHDA,,0.0
31880,RC,Бокс для приёма одежды «Не просто вещь»,"Москва, улица Раменки 8к2",37.491142,55.69230300000001,ODEZHDA,,0.0
31881,RC,Бокс для приёма одежды «Не просто вещь»,"Москва, улица Родионовская 2к1",37.399722,55.89524600000001,ODEZHDA,,0.0
31882,RC,Бокс для приёма одежды «Не просто вещь»,"Москва, улица Снежная 19к2",37.649312,55.854510000000005,ODEZHDA,,0.0
31884,RC,Бокс для приема одежды «Не просто вещь»,"Москва, улица Часовая 11с4",37.52955399999999,55.80848699999998,ODEZHDA,,0.0
31887,RC,Бокс для приёма одежды «Не просто вещь»,"Москва, шоссе Каширское 82а",37.708419,55.624983,ODEZHDA,,0.0
31904,RC,"Точка приёма батареек, крышечек и мягкой пластиковой упаковки в магазине ""ВкусВилл""","Москва, улица Миклухо-Маклая, 43",37.523235,55.644345,"PLASTIK,KRYSHECHKI,BATAREJKI",,0.0
31906,RC,Контейнер для приёма вещей «Зеленая капля»,"Москва, Складочная улица, 1с1",37.593992,55.800398,ODEZHDA,По расписанию Станколита,0.0
31958,RC,Фандомат по приёму вторсырья «ЭКОпункт»,"Балашиха, Молодёжный бульвар, 3",37.877652999999995,55.822019000000004,"PLASTIK,METALL",,0.0
31965,RC,Фандомат по приёму вторсырья «ЭКОпункт»,"Балашиха, Лётная улица, 10",37.947783,55.824793,"PLASTIK,METALL",,0.0
31966,RC,Фандомат по приёму вторсырья «ЭКОпункт»,"Балашиха, Лётная улица, 7",37.943211999999995,55.825421999999996,"PLASTIK,METALL",,0.0
31967,RC,Фандомат по приёму вторсырья «ЭКОпункт»,"Балашиха, Советская улица, 17",37.933812999999994,55.80254999999999,"PLASTIK,METALL",,0.0
31968,RC,Фандомат по приёму вторсырья «ЭКОпункт»,"Балашиха, Крупской улица, 4",37.928957999999994,55.80040600000002,"PLASTIK,METALL",,0.0
31984,RC,"Контейнер для приёма одежды ""Добрые вещи""","Россия, Москва, Новомарьинская улица, 12/12к1",37.756046,55.652646,ODEZHDA,,0.0
32461,RC,Фандомат по приёму вторсырья «ЭКОпункт»,"Балашиха, Парковая улица, 2",37.93906599999999,55.79857700000001,"PLASTIK,METALL",,0.0
32462,RC,Фандомат по приёму вторсырья «ЭКОпункт»,"Балашиха, проспект Ленина, 20",37.945229,55.796510000000005,"PLASTIK,METALL",,0.0
32463,RC,Фандомат по приёму вторсырья «ЭКОпункт»,"Балашиха, Парковая улица, 4А",37.940045,55.79980499999999,"PLASTIK,METALL",,0.0
32464,RC,Фандомат по приёму вторсырья «ЭКОпункт»,"Балашиха, шоссе Энтузиастов, 1Б",37.926509,55.79441099999999,"PLASTIK,METALL",,0.0
32498,RC,Добрые крышечки,"Россия, Москва, улица Кашёнкин Луг, 6к3",37.599112,55.826011999999984,KRYSHECHKI,,0.0
32499,RC,Контейнер для сбора одежды «ЛидерТекс»,"Россия, Москва, Восточный административный округ, район Новокосино, 3-й микрорайон",37.86533599999999,55.737133,ODEZHDA,,0.0
32500,RC,"Контейнеры для вторсырья ГУП ""Экотехпром""","Москва, Кутузовский проспект, 57",37.473562,55.727643,"PLASTIK,STEKLO",,0.0
32523,RC,"Фандомат по приему вторсырья ""Ecoplatform""","Россия, Московская область, Балашиха, Реутовская улица, 15",37.846683999999996,55.784862999999994,"PLASTIK,METALL",,0.0
32524,RC,"Фандомат по приему вторсырья ""Ecoplatform""","Россия, Московская область, Балашиха, Реутовская улица, 14",37.848526,55.78387800000001,"PLASTIK,METALL",,0.0
32526,RC,"Фандомат по приему вторсырья ""Ecoplatform""","Россия, Московская область, Балашиха, Реутовская улица, 11",37.85177399999999,55.78537,"PLASTIK,METALL",,0.0
32527,RC,"Фандомат по приему вторсырья ""Ecoplatform""","Россия, Московская область, Балашиха, Реутовская улица, 6",37.85359499999999,55.784538999999995,"PLASTIK,METALL",,0.0
32528,RC,"Фандомат по приему вторсырья ""Ecoplatform""","Россия, Московская область, Балашиха, Реутовская улица, 5",37.85431499999999,55.784722,"PLASTIK,METALL",,0.0
32602,RC,"Точка приёма батареек и крышечек в магазине ""ВкусВилл""","Москва, Производственная улица, 8к2",37.389027,55.645153999999984,"KRYSHECHKI,BATAREJKI",,0.0
32956,RC,Organic recycle (сбор органики по заявкам),"Россия, Москва, Полтавская улица, 47к1",37.571767,55.79950699999999,INOE,Сбор органики производится по предварительным заявкам и по мере возможности заготовителя,1.0
32970,RC,Контейнер для приема упаковок от сухого корма в зоомагазине «Четыре лапы»,"Россия, Москва, Шипиловская улица, 50к1с1",37.737675,55.62117400000002,INOE,,0.0
32971,RC,"Контейнеры для вторсырья ГУП ""Экотехпром""","Москва, Ореховый бульвар, 43",37.741652,55.614172,"PLASTIK,STEKLO",,0.0
33013,RC,"Контейнеры для вторсырья ГУП ""Экотехпром""","Москва, Профсоюзная улица, 104",37.524869,55.64300999999999,"PLASTIK,STEKLO",,0.0
33081,RC,Контейнер для сбора одежды AJ International,"Россия, Московская область, Балашиха, проспект Ленина",37.942979,55.79729199999999,ODEZHDA,,0.0
33083,RC,Контейнер для сбора одежды AJ International,"Россия, Московская область, Балашиха, микрорайон Балашиха-1",37.935225,55.797953999999976,ODEZHDA,,0.0
33084,RC,Контейнер для сбора одежды AJ International,"Россия, Московская область, Балашиха, микрорайон Балашиха-1",37.935584999999996,55.80061,ODEZHDA,,0.0
33085,RC,Контейнер для сбора одежды AJ International,"Россия, Московская область, Балашиха, Советская улица, 20",37.936396,55.80363299999999,ODEZHDA,,0.0
33086,RC,Контейнер для сбора одежды AJ International,"Россия, Московская область, Балашиха, Советская улица",37.947832000000005,55.808631999999996,ODEZHDA,,0.0
33087,RC,Контейнер для сбора одежды AJ International,"Россия, Московская область, Балашиха, микрорайон 15Б, жилой комплекс Жемчужина Балашихи",37.94386999999999,55.80755599999999,ODEZHDA,,0.0
33088,RC,Контейнер для сбора одежды AJ International,"Россия, Московская область, Балашиха, микрорайон 15Б",37.941332,55.80821499999999,ODEZHDA,,0.0
33130,RC,"Точка приёма батареек и крышечек в магазине ""ВкусВилл""","Москва, Осенняя улица, 28",37.407827,55.76778,"KRYSHECHKI,BATAREJKI",с 8:00 до 22:00,0.0
33131,RC,"Пункт приёма макулатуры и плёнки ""Makulatura Online""","Россия, Москва, Северный административный округ, район Ховрино",37.474346,55.87299800000001,"BUMAGA,PLASTIK",Уточнять актуальное расписание лучше у сотрудников пункта по телефону,1.0
33136,RC,"Точка приёма батареек и крышечек в магазине ""ВкусВилл""","Балашиха, ул. Реутовская, 15",37.846902,55.78422699999999,"KRYSHECHKI,BATAREJKI",,0.0
33245,RC,"Точка приёма батареек и крышечек в магазине ""ВкусВилл""","Москва, Гжатская улица, 16к1",37.435033999999995,55.71532899999999,"KRYSHECHKI,BATAREJKI",,0.0
33250,RC,"Контейнеры для вторсырья ГУП ""Экотехпром""","Москва, Каширское шоссе",37.64977,55.65495299999999,"PLASTIK,STEKLO",,0.0
33293,RC,Приём упаковок от сухого корма в зоомагазине «Четыре лапы»,"Россия, Москва, Зелёный проспект, 81",37.819814,55.75169199999998,INOE,,0.0
33315,RC,Контейнер для сбора одежды «ЛидерТекс»,"Россия, Московская область, Балашиха, Парковая улица",37.93841,55.802816,ODEZHDA,,0.0
33316,RC,Контейнер для сбора одежды «ЛидерТекс»,"Россия, Московская область, Балашиха, микрорайон Балашиха-1",37.935570000000006,55.79861499999998,ODEZHDA,,0.0
33323,RC,"Контейнер для приема одежды ""Доброворот""","Россия, Москва, улица Удальцова, 4",37.516891,55.673273999999985,ODEZHDA,,0.0
33324,RC,"Контейнер для приема одежды ""Доброворот""","Россия, Москва, проспект Вернадского, 51с1",37.508109999999995,55.67266999999999,ODEZHDA,,0.0
33325,RC,"Контейнер для приёма одежды ""Доброворот""","Россия, Москва, Украинский бульвар, 9",37.567998,55.747474000000004,ODEZHDA,,0.0
33326,RC,"Контейнер для приёма одежды ""Доброворот""","Россия, Москва, Студенческая улица, 29",37.545425,55.740286,ODEZHDA,,0.0
33327,RC,"Контейнер для приёма одежды ""Доброворот""","Россия, Москва, Студенческая улица, 24",37.546818,55.74294600000001,ODEZHDA,,0.0
33328,RC,"Контейнер для приёма одежды ""Доброворот""","Россия, Москва, Брянская улица, 10",37.559923,55.74514599999997,ODEZHDA,,0.0
33329,RC,"Контейнер для приёма одежды ""Доброворот""","Россия, Москва, Боровское шоссе, 36А",37.352799,55.639038000000006,ODEZHDA,,0.0
33330,RC,"Контейнер для приёма одежды ""Доброворот""","Россия, Москва, улица Крылатские Холмы, 12",37.42538,55.75559599999997,ODEZHDA,,0.0
33331,RC,"Контейнер для приема одежды ""Доброворот""","Россия, Москва, Западный административный округ, район Раменки, территория Ленинские Горы, 1с12",37.520893,55.70409299999999,ODEZHDA,,0.0
33332,RC,"Контейнер для приема одежды ""Доброворот""","Россия, Москва, улица Академика Анохина, 4к1",37.473938999999994,55.669287999999995,ODEZHDA,,0.0
33333,RC,"Контейнер для приема одежды ""Доброворот""","Россия, Москва, улица Академика Анохина, 2к2",37.475300999999995,55.671526,ODEZHDA,,0.0
33334,RC,"Контейнер для приема одежды ""Доброворот""","Россия, Москва, улица Мичуринский Проспект, Олимпийская Деревня, 1",37.47068,55.678886999999996,ODEZHDA,,0.0
33335,RC,"Контейнер для приёма одежды ""Доброворот""","Россия, Москва, Мичуринский проспект, 38",37.49656499999999,55.69723600000002,ODEZHDA,,0.0
33337,RC,"Контейнер для приёма одежды ""Доброворот""","Россия, Москва, улица Бунинская Аллея, 7",37.515428,55.536137999999994,ODEZHDA,,0.0
33338,RC,"Контейнер для приёма одежды ""Доброворот""","Россия, Москва, Остафьевская улица, 35к2",37.490816,55.530965,ODEZHDA,,0.0
33339,RC,"Контейнер для приема одежды ""Доброворот""","Россия, Москва, Андреевская набережная, 1с7",37.577542,55.71263099999999,ODEZHDA,,0.0
33340,RC,"Контейнер для приема одежды ""Доброворот""","Россия, Москва, Соловьиный проезд, 1",37.54408,55.61925299999999,ODEZHDA,,0.0
33341,RC,"Контейнер для приема одежды ""Доброворот""","Россия, Москва, Каширское шоссе, 31",37.664238,55.64979999999999,ODEZHDA,,1.0
33342,RC,"Контейнер для приема одежды ""Доброворот""","Россия, Москва, Волоколамское шоссе, 4",37.50261,55.811709,ODEZHDA,,0.0
33343,RC,"Контейнер для приёма одежды ""Доброворот""","Россия, Москва, поселение Московский, улица Шекспира, 2А",37.326599,55.611028,ODEZHDA,,0.0
33344,RC,"Контейнер для приёма одежды ""Доброворот""","Россия, Москва, улица Галины Вишневской, вл1с4",37.88598799999999,55.743563,ODEZHDA,,0.0
33401,RC,"Пункт приема батареек в пункте выдачи заказов ""OZON""","Россия, Москва, Муравская улица, 42к2",37.372455,55.859239,BATAREJKI,,0.0
33421,RC,"Точка приёма батареек в магазине ""ВкусВилл""","Москва, проезд Невельского, 6к2",37.69927299999999,55.752305,BATAREJKI,,0.0
33433,RC,Контейнер для одежды «Благодарный шкаф»,"Балашиха, шоссе Энтузиастов, 1Б",37.92636099999999,55.79440899999998,ODEZHDA,,0.0
33471,RC,Бокс для приёма одежды «Не просто вещь»,"Московская область, Одинцово, микрорайон Клубничное поле 3",37.234845,55.678397,ODEZHDA,,0.0
33474,RC,Бокс для приёма одежды «Не просто вещь»,"Москва, улица Усадебный парк 3",37.286425,55.569249000000006,ODEZHDA,,0.0
33475,RC,Бокс для приёма одежды «Не просто вещь»,"Московская область, Одинцово, улица Солнечная 17а",37.287837,55.66586199999999,ODEZHDA,,0.0
33478,RC,Бокс для приёма одежды «Не просто вещь»,"Московская область, Одинцово, улица Маршала Толубко, 3к3",37.295651,55.68180199999999,ODEZHDA,,0.0
33479,RC,Бокс для приёма одежды «Не просто вещь»,"Москва, улица Лётчика Грицевца 8",37.306908,55.622207,ODEZHDA,,0.0
33481,RC,Бокс для приёма одежды «Не просто вещь»,"Москва, улица Авиаконструктора Петлякова 21",37.312423,55.62308099999999,ODEZHDA,,0.0
33483,RC,Бокс для приёма одежды «Не просто вещь»,"Москва, улица Генерала Пилипенко 1к3",37.337198,55.50921600000001,ODEZHDA,,0.0
33484,RC,Бокс для приёма одежды «Не просто вещь»,"Москва, поселение Десеновское, улица 3-я Нововатутинская 9",37.345139,55.51988600000001,ODEZHDA,,0.0
33485,RC,Бокс для приёма одежды «Не просто вещь»,"Московская область, Красногорск, улица Зверева 8",37.365157,55.82299299999998,ODEZHDA,,0.0
33486,RC,Бокс для приёма одежды «Не просто вещь»,"Москва, улица Мостовая 5к3",37.378602,55.531544,ODEZHDA,,0.0
33487,RC,Бокс для приёма одежды «Не просто вещь»,"Московская область, деревня Путилково, улица Вольная 1",37.395751,55.86853399999999,ODEZHDA,,0.0
33489,RC,Бокс для приема одежды «Не просто вещь»,"Москва, улица Лобановский Лес 13",37.42570899999999,55.593272000000006,ODEZHDA,,0.0
33490,RC,Бокс для приема одежды «Не просто вещь»,"Москва, улица Наташи Ковшовой 25",37.446515,55.67887799999998,ODEZHDA,,0.0
33491,RC,Бокс для приёма одежды «Не просто вещь»,"Москва, улица Никулинская 23к1",37.452444,55.668592999999994,ODEZHDA,,0.0
33495,RC,Бокс для приёма одежды «Не просто вещь»,"МО, Химки, улица Кудрявцева 12",37.465226,55.895469000000006,ODEZHDA,,0.0
33496,RC,Бокс для приёма одежды «Не просто вещь»,"Москва, улица Академика Анохина 46к2",37.470321,55.65537000000001,ODEZHDA,,0.0
33497,RC,Бокс для приёма одежды «Не просто вещь»,"Москва, улица Академика Анохина 2к1б",37.476842,55.67067599999999,ODEZHDA,,0.0
33498,RC,Бокс для приёма одежды «Не просто вещь»,"Москва, проспект Куприна 24к2",37.478738,55.54456,ODEZHDA,,0.0
33499,RC,Бокс для приёма одежды «Не просто вещь»,"Москва, проспект Вернадского 86А",37.481001,55.663023000000024,ODEZHDA,,0.0
33501,RC,Бокс для приёма одежды «Не просто вещь»,"Москва, улица Александры Монаховой 84к2",37.484541,55.54569000000001,ODEZHDA,,0.0
33502,RC,Бокс для приёма одежды «Не просто вещь»,"Москва, улица 26 Бакинских Комиссаров, 7к6",37.484667,55.655493000000014,ODEZHDA,,0.0
33507,RC,Бокс для приёма одежды «Не просто вещь»,"Москва, улица Эдварда Грига 16к2",37.502381,55.55425599999999,ODEZHDA,,0.0
33508,RC,Бокс для приема одежды «Не просто вещь»,"Москва, улица Новопесчаная 26",37.505849,55.793510000000005,ODEZHDA,,0.0
33509,RC,Бокс для приёма одежды «Не просто вещь»,"Москва, поселок Коммунарка, улица Потаповская роща 20к2",37.505975,55.55172100000001,ODEZHDA,,0.0
33510,RC,Бокс для приёма одежды «Не просто вещь»,"Москва, проспект Мичуринский 16",37.506056,55.70312400000001,ODEZHDA,,0.0
33511,RC,Бокс для приёма одежды «Не просто вещь»,"Москва, поселение Воскресенское, проезд Чечерский 134к1",37.509846,55.522987999999984,ODEZHDA,,0.0
33513,RC,Бокс для приёма одежды «Не просто вещь»,"Москва, проспект Ленинский 109",37.511445,55.663842,ODEZHDA,,0.0
33514,RC,Бокс для приёма одежды «Не просто вещь»,"Россия, Москва, улица Адмирала Лазарева, 55",37.511982,55.540119999999995,ODEZHDA,,0.0
33519,RC,Бокс для приема одежды «Не просто вещь»,"Москва, Пресненская набережная, 12",37.537425,55.749627999999994,ODEZHDA,,0.0
33520,RC,Бокс для приема одежды «Не просто вещь»,"Москва, бульвар Ходынский 2 блок Б",37.538668,55.789122,ODEZHDA,,0.0
33521,RC,Бокс для приема одежды «Не просто вещь»,"Москва, шоссе Дмитровское 163А",37.539661,55.909236,ODEZHDA,,0.0
33522,RC,Бокс для приема одежды «Не просто вещь»,"Москва, проезд Кочновский 4к1",37.543161,55.80677799999999,ODEZHDA,,0.0
33524,RC,Бокс для приёма одежды «Не просто вещь»,"Москва, шоссе Дмитровское 169к1",37.545069,55.93045800000001,ODEZHDA,,0.0
33525,RC,Бокс для приёма одежды «Не просто вещь»,"Москва, улица Псковская 5к1",37.54913899999999,55.90409399999998,ODEZHDA,,0.0
33526,RC,Бокс для приема одежды «Не просто вещь»,"Москва, улица 8 марта 8к1",37.554556,55.80215299999999,ODEZHDA,,0.0
33527,RC,Бокс для приёма одежды «Не просто вещь»,"Москва, улица Ивана Бабушкина 9",37.56387999999999,55.687193000000015,ODEZHDA,,0.0
33528,RC,Бокс для приёма одежды «Не просто вещь»,"Москва, площадь Киевского Вокзала 1",37.567596,55.74301100000002,ODEZHDA,,0.0
33529,RC,Бокс для приёма одежды «Не просто вещь»,"Москва, улица Изюмская 43к2",37.571758,55.549617999999995,ODEZHDA,,0.0
33530,RC,Бокс для приёма одежды «Не просто вещь»,"Москва, шоссе Дмитровское 5к1",37.577103,55.81294199999999,ODEZHDA,,0.0
33531,RC,Бокс для приёма одежды «Не просто вещь»,"Москва, площадь Тверская Застава 7",37.580107,55.775654,ODEZHDA,,0.0
33532,RC,Бокс для приёма одежды «Не просто вещь»,"Москва, улица Ботаническая 10А",37.586877,55.845273999999996,ODEZHDA,,0.0
33533,RC,Бокс для приёма одежды «Не просто вещь»,"Москва, площадь Савеловского Вокзала 2",37.587377,55.794361,ODEZHDA,,0.0
33534,RC,Бокс для приёма одежды «Не просто вещь»,"Москва, проезд Высоковольтный 1к5",37.59144,55.874495999999986,ODEZHDA,,0.0
33536,RC,Бокс для приёма одежды «Не просто вещь»,"Москва, улица Каргопольская 14к2",37.594108,55.86375200000001,ODEZHDA,,0.0
33537,RC,Бокс для приёма одежды «Не просто вещь»,"Московская Область, посёлок Битца, улица Парковая 3",37.594998,55.55529000000001,ODEZHDA,,0.0
33538,RC,Бокс для приёма одежды «Не просто вещь»,"Москва, улица Складочная 2",37.597082,55.80145499999999,ODEZHDA,,0.0
33539,RC,Бокс для приёма одежды «Не просто вещь»,"Москва, переулок 2-й Зачатьевский 2 строение 2",37.600001,55.739767,ODEZHDA,,0.0
33540,RC,Бокс для приёма одежды «Не просто вещь»,"Россия, Москва, Большая Черёмушкинская улица, 1",37.601566,55.689469,ODEZHDA,,0.0
33541,RC,Бокс для приёма одежды «Не просто вещь»,"Москва, улица Римского-Корсакова 14",37.60387299999999,55.873193000000015,ODEZHDA,,0.0
33542,RC,Бокс для приёма одежды «Не просто вещь»,"Москва, улица Шаболовка 50",37.606010999999995,55.713653999999984,ODEZHDA,,0.0
33543,RC,Бокс для приёма одежды «Не просто вещь»,"Москва, проезд Юрловский 14к2",37.611042,55.87797999999999,ODEZHDA,,0.0
33544,RC,Бокс для приёма одежды «Не просто вещь»,"Москва, улица Большая Якиманка 32",37.612308,55.734714000000004,ODEZHDA,,0.0
33546,RC,Бокс для приёма одежды «Не просто вещь»,"Москва, проезд Ясный 32",37.620043,55.87828299999998,ODEZHDA,,0.0
33547,RC,Бокс для приёма одежды «Не просто вещь»,"Москва, жилой комплекс Новоданиловская 8к2",37.624822,55.69648300000001,ODEZHDA,,0.0
33548,RC,Бокс для приема одежды «Не просто вещь»,"Россия, Москва, Павелецкая площадь, 1Ас1",37.64059699999999,55.72965199999999,ODEZHDA,,0.0
33550,RC,Бокс для приема одежды «Не просто вещь»,"Россия, Москва, Павелецкая площадь, 1Ас1",37.640739999999994,55.72987600000001,,,0.0
33552,RC,Бокс для приёма одежды «Не просто вещь»,"Москва, Комсомольская площадь 2",37.655832,55.77373899999998,ODEZHDA,,0.0
33553,RC,Бокс для приёма одежды «Не просто вещь»,"Москва, Комсомольская площадь 2",37.656108999999994,55.772552,ODEZHDA,,0.0
33554,RC,Бокс для приёма одежды «Не просто вещь»,"Москва, Комсомольская площадь 2",37.656444,55.77442799999998,ODEZHDA,,0.0
33556,RC,Бокс для приёма одежды «Не просто вещь»,"Москва, Комсомольская площадь 5",37.656944,55.77705899999999,ODEZHDA,,0.0
33557,RC,Бокс для приёма одежды «Не просто вещь»,"Москва, Комсомольская площадь 5",37.657149,55.776604,ODEZHDA,,0.0
33560,RC,Бокс для приёма одежды «Не просто вещь»,"Москва, улица Земляной Вал, 29 строение 1",37.66073699999999,55.758087,ODEZHDA,,0.0
33561,RC,Бокс для приёма одежды «Не просто вещь»,"Москва, улица Земляной Вал, 29 строение 1",37.661178,55.756535999999976,ODEZHDA,,0.0
33562,RC,Бокс для приёма одежды «Не просто вещь»,"Москва, улица 6я Радиальная 5к4",37.662506,55.60344599999998,ODEZHDA,,0.0
33563,RC,Бокс для приёма одежды «Не просто вещь»,"Москва, улица Трофимова 8",37.665290999999996,55.70254599999998,ODEZHDA,,0.0
33564,RC,Бокс для приёма одежды «Не просто вещь»,Москва улица Малыгина 22к1,37.689087,55.88470099999999,ODEZHDA,,0.0
33565,RC,Бокс для приёма одежды «Не просто вещь»,"Москва, улица Новорогожская 29",37.69602199999999,55.73783600000001,ODEZHDA,,0.0
33567,RC,Бокс для приёма одежды «Не просто вещь»,"Москва, улица Верхняя Хохловка 39/47",37.72171399999999,55.73332499999999,ODEZHDA,,0.0
33568,RC,Бокс для приёма одежды «Не просто вещь»,"Москва, улица Вольная 28/4 к1",37.73686,55.776344999999985,ODEZHDA,,0.0
33569,RC,Бокс для приёма одежды «Не просто вещь»,"Москва, улица Люблинская 100к2",37.73968,55.65480699999999,ODEZHDA,,0.0
33570,RC,Бокс для приёма одежды «Не просто вещь»,"Москва, улица Таганрогская 10/21",37.754907,55.682152999999985,ODEZHDA,,0.0
33571,RC,Бокс для приёма одежды «Не просто вещь»,"Москва, улица Братиславская 14",37.756523,55.658582999999986,ODEZHDA,,0.0
33572,RC,Бокс для приёма одежды «Не просто вещь»,"Москва, улица Верхние Поля 33к1",37.755859,55.668223999999995,ODEZHDA,,0.0
33573,RC,Бокс для приёма одежды «Не просто вещь»,"Москва, улица Амурская 1а к5",37.759273,55.80924100000001,ODEZHDA,,0.0
33574,RC,Бокс для приёма одежды «Не просто вещь»,"Москва, улица Плеханова 18",37.763989,55.744053999999984,ODEZHDA,,0.0
33575,RC,Бокс для приёма одежды «Не просто вещь»,"Москва, улица Белореченская 22/66",37.768578999999995,55.66555299999999,ODEZHDA,,0.0
33576,RC,Бокс для приёма одежды «Не просто вещь»,"Москва, улица Братиславская 31к3",37.76935199999999,55.65264399999999,ODEZHDA,,0.0
33578,RC,Бокс для приёма одежды «Не просто вещь»,"Москва, улица Зарайская 37А",37.772002,55.72956899999999,ODEZHDA,,0.0
33579,RC,Бокс для приёма одежды «Не просто вещь»,"Москва, Перовская улица, 26к2",37.771508,55.745720999999996,ODEZHDA,,0.0
33581,RC,Бокс для приёма одежды «Не просто вещь»,"Москва, улица Кусковская 31к1",37.786167999999996,55.742539,ODEZHDA,,0.0
33582,RC,Бокс для приёма одежды «Не просто вещь»,"Москва, проспект Рязанский 34",37.786932,55.71733499999998,ODEZHDA,,0.0
33583,RC,Бокс для приёма одежды «Не просто вещь»,"Москва, улица Маршала Баграмяна 7",37.791127,55.67028999999999,ODEZHDA,,0.0
33586,RC,Бокс для приёма одежды «Не просто вещь»,"Москва, улица 15-я Парковая 27/1",37.818022,55.79856400000001,ODEZHDA,,0.0
33587,RC,Бокс для приёма одежды «Не просто вещь»,"Московская область, деревня Мисайлово, шоссе Пригородное 7",37.82013299999999,55.556817999999986,ODEZHDA,,0.0
33588,RC,Бокс для приёма одежды «Не просто вещь»,"Московская область, деревня Мисайлово, улица Полевая 4",37.82139099999999,55.55834600000001,ODEZHDA,,0.0
33590,RC,Бокс для приёма одежды «Не просто вещь»,"Московская Область, Люберцы, улица Кирова 9к1",37.867286,55.688984,ODEZHDA,,0.0
33591,RC,Бокс для приёма одежды «Не просто вещь»,"Москва, улица Наташи Качуевской 5",37.878299,55.713309,ODEZHDA,,0.0
33592,RC,Бокс для приёма одежды «Не просто вещь»,"Московская оласть, Балашиха, проезд Мирской 4",37.883375,55.74032999999999,ODEZHDA,,0.0
33593,RC,Бокс для приёма одежды «Не просто вещь»,"Московская область, Балашиха, Горенский бульвар, 5",37.887813,55.79226500000001,ODEZHDA,,0.0
33594,RC,Бокс для приёма одежды «Не просто вещь»,"Москва, улица Рудневка 4",37.888054999999994,55.71585399999998,ODEZHDA,,0.0
33595,RC,Бокс для приёма одежды «Не просто вещь»,"Москва, улица Лухмановская 24",37.902930999999995,55.72125499999999,ODEZHDA,,0.0
33596,RC,Бокс для приёма одежды «Не просто вещь»,"Москва, улица Лухмановская 34",37.907531,55.72276599999999,ODEZHDA,,0.0
33597,RC,Бокс для приёма одежды «Не просто вещь»,"Московская область, Люберцы, улица Юности 6",37.910323999999996,55.703270999999994,ODEZHDA,,0.0
33598,RC,Бокс для приёма одежды «Не просто вещь»,"Москва, проспект Защитников Москвы 8",37.920978,55.699892999999996,ODEZHDA,,0.0
33600,RC,Бокс для приёма одежды «Не просто вещь»,"Московская область, Люберцы, поселок Мирный, улица Академика Северина 8/1",37.942555999999996,55.622924,ODEZHDA,,0.0
33601,RC,Бокс для приёма одежды «Не просто вещь»,"Московская область, Люберцы, поселок Мирный, улица Академика Северина, 13",37.946189,55.619189,ODEZHDA,,0.0
33648,RC,"Пункт приёма вторсырья экобокс ""Петромакс""","Россия, Московская область, Красногорск, улица Ленина, 26А",37.30197,55.831797999999985,"BUMAGA,PLASTIK,METALL,BYTOVAJA_TEHNIKA,BATAREJKI",Уточняйте время работы перед посещением,0.0
33911,RC,"Контейнер для приема одежды фонда ""Второе дыхание""","Москва, Днепропетровская ул., 20А",37.588467,55.61463199999999,ODEZHDA,,0.0
33913,RC,"Контейнеры для вторсырья ГУП ""Экотехпром""","Москва, ул. Подольских курсантов, вл.5Б",37.616921000000005,55.608712,"PLASTIK,STEKLO",,0.0
33914,RC,"Контейнеры для вторсырья ГУП ""Экотехпром""","Москва, Чертановская улица, 34к1",37.592234,55.616794999999996,"PLASTIK,STEKLO",,0.0
33928,RC,"Контейнеры для вторсырья ГУП ""Экотехпром""","Москва, Нововладыкинский проезд, 4",37.585913,55.85054,"PLASTIK,STEKLO",,0.0
33939,RC,Ежемесячные акции по сбору вторсырья «Экоцентр РСО Николо-Хованское»,"Россия, Москва, поселение Сосенское, улица Сервантеса, 6",37.46034,55.595010999999985,"BUMAGA,PLASTIK,METALL,TETRA_PAK,KRYSHECHKI,BYTOVAJA_TEHNIKA,INOE",Временный пункт. Уточняйте даты и время ежемесячных акций в телеграм-канале группы,0.0
34216,RC,"Контейнеры для вторсырья ГУП ""Экотехпром""","Москва, Ленинский проспект, 131",37.47231299999999,55.64438099999999,"PLASTIK,STEKLO",,0.0
34253,RC,"Пункт приёма вторсырья в районом центре ""Место встречи Киргизия""","Россия, Москва, Зелёный проспект, 81",37.82004299999999,55.75180999999999,"PLASTIK,KRYSHECHKI,BATAREJKI,INOE",,0.0
34257,RC,Фандомат по приёму вторсырья «ЭКОпункт»,"Балашиха, шоссе Энтузиастов, вл11с4",37.887040999999996,55.79126399999999,"PLASTIK,METALL",,0.0
34258,RC,Фандомат по приёму вторсырья «ЭКОпункт»,"Балашиха, улица Дёмин Луг, 4",37.885676,55.793255999999985,"PLASTIK,METALL",,0.0
34874,RC,"Контейнеры для вторсырья ГУП ""Экотехпром""","Москва, бульвар Маршала Рокоссовского, 31",37.71633899999999,55.815573,"PLASTIK,STEKLO",,0.0
34888,RC,Контейнер для приема стеклянной тары,"Россия, Москва, поселение Сосенское, улица Гауди",37.443006999999994,55.58925099999999,STEKLO,,0.0
34889,RC,Контейнер для одежды «Благодарный шкаф»,"Москва, Дмитровское шоссе, 73с3",37.55804,55.856928,ODEZHDA,,0.0
34890,RC,"Контейнеры для вторсырья ГУП ""Экотехпром""","Москва, бульвар Генерала Карбышева, 2",37.46903999999999,55.776814999999985,"PLASTIK,STEKLO",,0.0
34902,RC,Пункт приема вторсырья «РазДельный сбор Путилково»,"Россия, Московская область, городской округ Красногорск, деревня Путилково, Новотушинская улица, 3",37.400333,55.869897999999985,"BUMAGA,PLASTIK,STEKLO,METALL,TETRA_PAK,ODEZHDA,LAMPOCHKI,KRYSHECHKI,BYTOVAJA_TEHNIKA,BATAREJKI",Указан примерный график. Точное время работы пункта можно посмотреть в чате сообщества: https://t.me/rso_putilkovo,0.0
34907,RC,Контейнер для приёма вещей «Зеленая капля»,"Москва, Волгоградский проспект, 1с1",37.671059,55.73348,ODEZHDA,,1.0
34915,RC,"Пункт приема вторсырья в РЦ ""Звёздный""","Россия, Москва, проспект Вернадского, 14",37.50512599999999,55.676973999999994,"PLASTIK,KRYSHECHKI,BATAREJKI,INOE",,0.0
34916,RC,"Контейнер для приема одежды фонда ""Второе дыхание""","Москва, Вавилова ул., 64/1с1",37.55049499999999,55.68376989999999,ODEZHDA,,1.0
34940,RC,Контейнер для приёма вещей «Зеленая капля»,"Россия, Москва, Боровское шоссе, 10А",37.376126,55.653426999999986,ODEZHDA,,0.0
34986,RC,"Пункт приёма вторсырья экобокс ""Петромакс""","Россия, Московская область, Долгопрудный, Дирижабельная улица, 23",37.505984,55.94617900000001,"BUMAGA,PLASTIK,METALL,BYTOVAJA_TEHNIKA",,0.0
35006,RC,"Контейнеры для вторсырья ГУП ""Экотехпром""","Москва, сквер ""Надежда""",37.532427,55.68001,"PLASTIK,STEKLO",,0.0
35069,RC,Центр «Благосфера»,"Россия, Москва, 1-й Боткинский проезд, 7с1",37.557348,55.784893,"BUMAGA,KRYSHECHKI,BATAREJKI",,0.0
35070,RC,Контейнер для сбора ненужной одежды,"г. Москва,
ул. Берзарина, д. 22",37.478423,55.78931999999999,ODEZHDA,,0.0
35071,RC,Контейнер для сбора ненужной одежды,"г. Москва,
Шелепихинская набережная,
д. 34, к. 2",37.50860699999999,55.76319399999999,ODEZHDA,,0.0
35072,RC,Контейнер для сбора ненужной одежды,"г. Москва,
ул. Циолковского, д. 7",37.448051,55.82848,ODEZHDA,,0.0
35073,RC,Контейнер для сбора ненужной одежды,"г. Москва,
Волоколамское шоссе, д. 69",37.439194,55.81781999999999,ODEZHDA,,0.0
35074,RC,Контейнер для сбора ненужной одежды,"г. Москва,
ул. Смольная, д. 44, к. 1",37.473959,55.86912199999999,ODEZHDA,,0.0
35076,RC,Контейнер для сбора ненужной одежды,"г. Москва,
ул. Правды, д. 21, стр. 2",37.57953799999999,55.788043999999985,ODEZHDA,,0.0
35078,RC,Контейнер для сбора ненужной одежды,"г. Москва
Головинское ш., 5,
корп. 1",37.492024,55.84024500000002,ODEZHDA,,0.0
35079,RC,Контейнер для сбора ненужной одежды,"г. Москва,
ул. Мосфильмовская, д. 88, к. 2",37.493344,55.70548800000001,ODEZHDA,,0.0
35080,RC,Контейнер для сбора ненужной одежды,"г. Москва,
пр. Вернадского, д. 6",37.527964999999995,55.691962999999994,ODEZHDA,,0.0
35081,RC,"Контейнер для приема одежды фонда ""Второе дыхание""","г. Москва,
ш. 23-й км, Киевское, д. 1",37.422036,55.62378799999999,ODEZHDA,,0.0
35082,RC,Контейнер для сбора ненужной одежды,"г. Москва,
пр. Мира, д. 79",37.634182,55.79097999999999,ODEZHDA,,0.0
35083,RC,Контейнер для сбора ненужной одежды,"г. Москва,
ул. Щепкина, д. 60/2, стр. 2",37.62990599999999,55.78534100000002,ODEZHDA,,0.0
35084,RC,Контейнер для сбора ненужной одежды,"г. Москва,
ул. Жуковского, д. 14, стр. 1",37.647109,55.76216100000001,ODEZHDA,,0.0
35085,RC,Контейнер для сбора ненужной одежды,"г. Москва,
Большой Рогожский пер., д. 10, к.2",37.667626,55.74203199999998,ODEZHDA,,0.0
35086,RC,Контейнер для сбора ненужной одежды,"г. Москва,
ул. Донская, д. 39",37.604493,55.71814099999999,ODEZHDA,,0.0
35087,RC,Контейнер для сбора ненужной одежды,"г. Москва,
ул. Усачёва улица, д. 2, стр. 3",37.57406699999999,55.73043099999999,ODEZHDA,,0.0
35088,RC,Контейнер для сбора ненужной одежды,"г. Москва,
ул. Малая Дмитровка, д. 6",37.606909,55.767762,ODEZHDA,,0.0
35089,RC,Контейнер для сбора ненужной одежды,"г. Москва,
ул. Большая Дмитровка, д. 34, стр. 4",37.610395,55.76590899999999,ODEZHDA,,0.0
35090,RC,Контейнер для сбора ненужной одежды,"г. Москва,
ул. Трубецкая, д. 8, стр. 2",37.574875,55.72767299999999,ODEZHDA,,0.0
35091,RC,Контейнер для сбора ненужной одежды,"Россия, Москва, Смольная улица, 44к1",37.473977,55.86911800000001,ODEZHDA,,0.0
35227,RC,Точка приема крышечек в магазине Вкусвилл,"Россия, Московская область, Люберцы, Весенняя улица",37.90789899999999,55.699876,KRYSHECHKI,,0.0
35238,RC,"Точка приёма крышечек в магазине ""ВкусВилл""","Москва, Полярная улица, 27к5",37.639129999999994,55.882979999999996,KRYSHECHKI,,0.0
35293,RC,"Контейнеры для вторсырья ГУП ""Экотехпром""","Москва, улица Сайкина, 15/7",37.667807,55.70606099999999,"PLASTIK,STEKLO",,0.0
35891,RC,Бокс для приема пластиковых карт,"Россия, Москва, Боровское шоссе, 10А",37.37560299999999,55.654095,INOE,,0.0
35895,RC,"Точка приема крышечек и батареек в кофейне ""Кофе Крут!""","Россия, Москва, поселение Десёновское, жилой район Новые Ватутинки, микрорайон Десна, к14/2",37.378484,55.53241,"KRYSHECHKI,BATAREJKI",,0.0
35897,RC,"Пункт приёма крышечек в галерее вкусов ""Кантата""","Россия, Москва, улица Гарибальди, 23",37.554571,55.671161000000005,KRYSHECHKI,,0.0
35983,RC,Пункт приема блистеров от лекарств,"Россия, Москва, улица Богданова, 52",37.395461999999995,55.649481999999985,INOE,,0.0
36722,RC,"Контейнеры для вторсырья ГУП ""Экотехпром""","Москва, ул. Потаповская Роща, 10к1",37.495630999999996,55.550657,"PLASTIK,STEKLO",,0.0
36723,RC,"Контейнеры для вторсырья ГУП ""Экотехпром""","Москва, улица Александры Монаховой, 109к5",37.497125,55.544419999999995,"PLASTIK,STEKLO",,0.0
36724,RC,"Контейнеры для вторсырья ГУП ""Экотехпром""","Москва, улица Александры Монаховой, 92к1",37.48868,55.543973999999984,"PLASTIK,STEKLO",,0.0
36725,RC,Фандомат Вкусвилл,"Россия, Москва, Новомосковский административный округ, район Коммунарка, квартал № 183",37.488693999999995,55.542653999999985,"PLASTIK,METALL",,0.0
36726,RC,"Контейнер для приёма одежды ""Добрые вещи""","Россия, Москва, Новомосковский административный округ, посёлок Коммунарка, улица Потаповская Роща, 2к1",37.494435,55.545088,ODEZHDA,,0.0
36777,RC,"Точка приёма батареек и крышечек в магазине ""ВкусВилл""","Москва, ул. Александры Монаховой, 94к1",37.48428,55.54245699999999,"KRYSHECHKI,BATAREJKI",,0.0
36800,RC,"Контейнеры для вторсырья ГУП ""Экотехпром""","Москва, Измайловский проспект, 93к1",37.81067,55.78896900000001,"PLASTIK,STEKLO",,1.0
36949,RC,Пункт приема блистеров от таблеток в Ниармедик,"Россия, Москва, улица Героев Панфиловцев, 18к2",37.423305,55.859253999999986,INOE,,0.0
37110,RC,"Контейнер для приема одежды фонда ""Второе дыхание""","Москва, парк Ходынское поле",37.53066100000001,55.78548490000001,ODEZHDA,,0.0
37118,RC,"Контейнеры для вторсырья ГУП ""Экотехпром""","Москва, Сходненская улица, 37",37.43870299999999,55.85027600000001,"PLASTIK,STEKLO",,0.0
37119,RC,Сбор одежды в Befree,"Россия, Москва, Ходынский бульвар, 4",37.530278,55.79087099999999,ODEZHDA,,0.0
37120,RC,Сбор одежды в Befree,"Россия, Московская область, Ленинский городской округ, посёлок Совхоза имени Ленина, МКАД, 24-й километр, 1",37.724827,55.58497099999998,ODEZHDA,,0.0
37121,RC,Сбор одежды в Befree,"Россия, Москва, МКАД, 66-й километр",37.388837,55.820923,ODEZHDA,,0.0
37122,RC,Сбор одежды в Befree,"Россия, Москва, площадь Киевского Вокзала, 2",37.567462,55.744873,ODEZHDA,,0.0
37123,RC,Сбор одежды в Befree,"Россия, Москва, проспект Мира, 211к2",37.66295,55.84590799999998,ODEZHDA,,0.0
37124,RC,Сбор одежды в Befree,"Россия, Москва, Сходненская улица, 56",37.442957,55.85002299999999,ODEZHDA,,0.0
37125,RC,Сбор одежды в Befree,"Россия, Москва, 7-я Кожуховская улица, 9",37.676756999999995,55.71123599999999,ODEZHDA,,0.0
37126,RC,Сбор одежды в Befree,"Россия, Москва, Павелецкая площадь",37.64097,55.730523,ODEZHDA,,0.0
37127,RC,Сбор одежды в Befree,"Россия, Москва, Хорошёвское шоссе, 27",37.523728,55.777255,ODEZHDA,,0.0
37128,RC,Сбор одежды в Befree,"Россия, Москва, Кировоградская улица, 13А",37.607232999999994,55.612723,ODEZHDA,,0.0
37129,RC,Сбор одежды в Befree,"Россия, Москва, Алтуфьевское шоссе, 1-й километр, вл3с1",37.58533599999999,55.91349099999999,ODEZHDA,,0.0
37130,RC,Сбор одежды в Befree,"Россия, Московская область, Котельники, 1-й Покровский проезд, 1",37.84558599999999,55.65817299999999,ODEZHDA,,0.0
37131,RC,Сбор одежды в Befree,"Россия, Москва, Новомосковский административный округ, район Коммунарка, Калужское шоссе, 21-й километр, с1",37.49083,55.603083,ODEZHDA,,0.0
37132,RC,Сбор одежды в Befree,"Россия, Москва, Новомосковский административный округ, район Коммунарка, Киевское шоссе, 23-й километр, 1",37.42199,55.62332499999998,ODEZHDA,,0.0
37201,RC,Экопункт РЕ.АКЦИЯ,"Россия, Москва, Заповедная улица, 16к1с2",37.63728,55.86722,"BUMAGA,PLASTIK,STEKLO,METALL,TETRA_PAK,ODEZHDA,LAMPOCHKI,KRYSHECHKI,BYTOVAJA_TEHNIKA,BATAREJKI,OPASNYE_OTHODY,INOE","Пункт работает в 1-ое воскресенье и 3-ю субботу каждого месяца с 11:00 до 13:00. Расписание меняется, уточняйте по телефону: +7(962)961-64-60 (вотсап/телеграм) Алексей Самсонов
+7 919 102 4550 Елена",1.0
37232,RC,"Фандомат по приему вторсырья ""Ecoplatform""","Россия, Московская область, Мытищи, Шараповский проезд, вл2с3",37.757003,55.916261999999996,"PLASTIK,METALL",,0.0
37233,RC,"Фандомат по приему вторсырья ""Ecoplatform""","Россия, Московская область, Мытищи, Шараповский проезд, 1",37.760886,55.915456000000006,"PLASTIK,METALL",,0.0
37234,RC,"Пункт приёма зубных щёток в магазине ""Перекрёсток""","Мытищи, Шараповский проезд, вл2",37.75913899999999,55.916454,INOE,,0.0
37235,RC,"Точка приёма батареек и крышечек в магазине ""ВкусВилл""","Одинцово, Сколковская улица, 5А",37.322039,55.69729799999999,"KRYSHECHKI,BATAREJKI",,0.0
37280,RC,"Контейнер для приёма одежды ""Добрые вещи""","Россия, Московская область, Королёв, улица Гагарина, 12/14",37.80613699999999,55.91623199999998,ODEZHDA,,0.0
37281,RC,"Точка приёма батареек в магазине ""ВкусВилл""","Москва, Кантемировская улица, 20к5",37.662497,55.64034500000001,BATAREJKI,,0.0
37295,RC,Пункт приема батареек в «Кофейне 33»,"Россия, Москва, улица Симоновский Вал, 7Б",37.663630999999995,55.72700899999999,BATAREJKI,,1.0
37296,RC,"Контейнер для приема одежды фонда ""Второе дыхание""","Москва, Симоновский вал ул., 7Ас1",37.663686,55.727207899999996,ODEZHDA,,1.0
37330,RC,Экоцентр «Приёмочная №1» - пункт приема вторсырья,"Россия, Московская область, Королёв, Калининградская улица, 5",37.849650999999994,55.913169999999994,"BUMAGA,PLASTIK,STEKLO,METALL,TETRA_PAK,KRYSHECHKI,BYTOVAJA_TEHNIKA,INOE","После оформления пропуска на запланированный вами день вы можете прийти или приехать в абсолютно любое удобное вам время, тем самым спланировав свой день, и оставить вторсырье снаружи на баках. 
В случае наличия в этот период сотрудников в Экоцентре (на двери звонок - обязательно звоните) данное вторсырьё можно будет оставить уже непосредственно в помещении, а также пообщаться, задать вопросы и просто посмотреть нашу работу!",0.0
37333,RC,"Пункт приема батареек и крышечек во ""Владимирском Тракте""","Россия, Московская область, Реутов, шоссе Автомагистраль Москва - Нижний Новгород, вл19Т",37.85332999999999,55.777995000000004,"KRYSHECHKI,BATAREJKI",,0.0
37418,RC,Пункт раздельного сбора отходов Хартия,"Россия, Москва, Восточный административный округ, район Косино-Ухтомский",37.85494,55.712016000000006,"BUMAGA,PLASTIK,STEKLO,METALL",,0.0
37420,RC,"Фандомат по приему вторсырья ""Ecoplatform""","Россия, Москва, Западный административный округ, район Солнцево",37.425749,55.666973000000006,"PLASTIK,METALL",,0.0
37444,RC,Контейнер для приёма вещей «Сдать вещи просто»,"Россия, Москва, Новоясеневский проспект, 1к2",37.50730299999999,55.619852,ODEZHDA,,0.0
37445,RC,Контейнер для приема вещей «Крок и Зябра»,"Россия, Москва, Новоясеневский проспект, 1к2",37.50719099999999,55.619835,ODEZHDA,,0.0
37446,RC,"Точка приёма батареек, крышечек и пластиковых карточек в магазине ""ВкусВилл""","Москва, Новоясеневский проспект, 1к2",37.507117,55.619782,"KRYSHECHKI,BATAREJKI,INOE",,0.0
37459,RC,Пункт приема батареек в супермаркете «Азбука daily»,"Москва, Страстной бульвар, 6с1",37.608475,55.76561100000001,BATAREJKI,,1.0
37487,RC,Контейнер для одежды «Благодарный шкаф»,"Москва, улица Лётчика Ульянина, 5",37.30657299999999,55.62587299999999,ODEZHDA,,0.0
37580,RC,"Пункт сбора крышечек в ""Лента""","Россия, Москва, улица Народного Ополчения, 29к1",37.479325,55.780783000000014,KRYSHECHKI,,0.0
37741,RC,Прием вторсырья в винтажном магазине BĂSKO,"Россия, Москва, Подкопаевский переулок, 7с1",37.642438,55.75405599999999,"KRYSHECHKI,BATAREJKI,INOE",,0.0
37868,RC,"Точка приёма батареек в магазине ""ВкусВилл""","Москва, Садовнический проезд, 6",37.629252,55.741586,BATAREJKI,,0.0
37933,RC,"Пункт приёма пластиковых бутылок в магазине ""Чистая планета""","Россия, Москва, Зелёный проспект, 3Ас1",37.77261299999999,55.74920699999998,"PLASTIK,KRYSHECHKI",,0.0
37943,RC,"Площадка для приёма вторсырья ""МегаБак""","Россия, Московская область, Реутов, Новая улица, вл1",37.84530399999999,55.755368,"BUMAGA,PLASTIK,STEKLO,METALL,ODEZHDA,LAMPOCHKI,BYTOVAJA_TEHNIKA,BATAREJKI,SHINY,OPASNYE_OTHODY,INOE",,1.0
37976,RC,"Точка приёма батареек и крышечек в магазине ""ВкусВилл""","Москва, Рязанский проспект, 2/1к5Т",37.737688,55.727387,"KRYSHECHKI,BATAREJKI",,1.0
37978,RC,Пункт приема вторсырья «Экооперация Королёв»,"Россия, Московская область, Королёв, улица Калинина, 6В",37.814142,55.92251,"BUMAGA,PLASTIK,STEKLO,METALL,TETRA_PAK,KRYSHECHKI,INOE",Еженедельно по субботам с 11:00 до 13:00,0.0
37980,RC,"Контейнеры для вторсырья ГУП ""Экотехпром""","Москва, Загорьевская улица, 25",37.693943,55.58378100000001,"PLASTIK,STEKLO",,0.0
37995,RC,"Контейнер для приёма одежды ""Добрые вещи""","Россия, Московская область, Королёв, улица Циолковского, 5",37.81294599999999,55.92131799999999,ODEZHDA,"С торца дома, вдоль дороги",0.0
37996,RC,"Пункт приема одежды ""Добрые вещи""","Россия, Московская область, Королёв, микрорайон Первомайский, Советская улица, 47к8",37.870211999999995,55.941544,ODEZHDA,,0.0
38013,RC,Точка приема батареек в магазине Пятерочка,"Россия, Москва, Новомосковский административный округ, район Внуково, квартал № 30, 1с1",37.270407,55.622375000000005,BATAREJKI,,1.0
38019,RC,Шкаф буккроссинга,"Россия, Москва, парк на Зелёном проспекте",37.791442,55.75134800000001,BUMAGA,,0.0
38033,RC,Контейнер для одежды «Благодарный шкаф»,"Москва, улица Алабяна, 7",37.50789399999999,55.802043,ODEZHDA,,0.0
38111,RC,"Контейнеры для вторсырья ГУП ""Экотехпром""","Москва, улица Барышевская Роща, 12",37.540522,55.50402499999999,"PLASTIK,STEKLO",,0.0
38117,RC,"Пункт приема металла ООО ""АЛИТЭН""","Россия, Москва, Вагоноремонтная улица, 10А",37.532412,55.90306499999998,METALL,"Принимаем дорого кабель, цветмет, чермет. Взвешиваем на месте, деньги сразу.",0.0
38132,RC,"Пункт приёма аэрозольных баллончиков в магазине ""Перекрёсток""","Россия, Москва, Новомосковский административный округ, район Внуково, Омская улица, 7А",37.26327799999999,55.615718,"METALL,INOE",,1.0
38134,RC,"Точка приёма батареек в магазине ""ВкусВилл""","Москва, Новомосковский административный округ, район Внуково, Омская улица, 7А",37.263482,55.615766,BATAREJKI,,1.0
38205,RC,"Контейнер для приема одежды фонда ""Второе дыхание""","Россия, Москва, Пяловская улица, 8",37.5402859,55.8607109,ODEZHDA,,0.0
38220,RC,"Точка приёма батареек и крышечек в магазине ""ВкусВилл""","Москва, Долгопрудная аллея, 14к3",37.525085999999995,55.941497999999996,"KRYSHECHKI,BATAREJKI",,0.0
38231,RC,"Пункт приёма вторсырья в районом центре ""Место встречи Орбита""","Россия, Москва, проспект Андропова, 27",37.665175,55.676274,"KRYSHECHKI,BATAREJKI,INOE",В часы работы РЦ Орбита,0.0
38232,RC,Пункт приема макулатуры,"Россия, Москва, Средний Николопесковский переулок",37.59091899999999,55.75113999999999,BUMAGA,,1.0
38249,RC,Пункт приема отработанных электронных сигарет,"Россия, Москва, район Троицк, Мостовая улица, 5к1",37.377049,55.533564,INOE,,0.0
38287,RC,"Контейнеры для вторсырья ГУП ""Экотехпром""","Москва, Гурьевский проезд, 9к1",37.742405,55.600064,"PLASTIK,STEKLO",,0.0
38464,RC,"Пункт приема батареек в торгово-деловом центре ""Тульский""","Россия, Москва, Большая Тульская улица, 11",37.623793,55.71018799999999,BATAREJKI,,0.0
38465,RC,Пункт приема вторсырья в магазине «No plastic - it's fantastic»,"Россия, Москва, Большой Трёхсвятительский переулок, 2/1с7",37.645497,55.754624999999976,"KRYSHECHKI,INOE","Магазин находится в кластере ""Корпус 7"". Вход в пространство с Малого Трёхсвятительского переулка, в чёрные ворота и красную дверь. 1 этаж, направо.",0.0
38540,RC,"Контейнеры для вторсырья ГУП ""Экотехпром""","Москва, парк на Зелёном проспекте",37.79318899999999,55.75162699999998,"PLASTIK,STEKLO",,0.0
38541,RC,"Контейнеры для вторсырья ГУП ""Экотехпром""","Москва, парк на Зелёном проспекте",37.793169999999996,55.752180999999986,"PLASTIK,STEKLO",,0.0
38689,RC,Бокс для приёма одежды «Не просто вещь»,"Московская область, Балашиха, микрорайон Авиаторов, улица Третьяка, 3/12",37.949693,55.822018,ODEZHDA,,0.0
38692,RC,Бокс для приёма одежды «Не просто вещь»,"Московская область, Балашиха, Молодёжная улица, 11",37.928709999999995,55.802511999999986,ODEZHDA,,0.0
38693,RC,Бокс для приёма одежды «Не просто вещь»,"Московская область, Балашиха, Реутовская улица, 5",37.854638,55.78565400000001,ODEZHDA,,0.0
38730,RC,Бокс для приёма одежды «Не просто вещь»,"Московская область, Балашиха, микрорайон Салтыковка, Разинское шоссе, 5",37.92126,55.76038799999999,ODEZHDA,,0.0
38745,RC,Бокс для приёма одежды «Не просто вещь»,"Московская область, Балашиха, микрорайон Салтыковка, улица Черняховского, 32А",37.935492,55.763705,ODEZHDA,,0.0
38751,RC,Фандомат по приёму вторсырья «ЭКОпункт»,"Балашиха, шоссе Энтузиастов, вл11с4",37.886636,55.7905,"PLASTIK,METALL",,0.0
38752,RC,Фандомат по приёму вторсырья «ЭКОпункт»,"Балашиха, Горенский бульвар, 2",37.88459199999999,55.790268000000005,"PLASTIK,METALL",,0.0
38753,RC,Фандомат по приёму вторсырья «ЭКОпункт»,"Балашиха, территория Западная Коммунальная Зона, шоссе Энтузиастов, 1Г",37.868953,55.784418,"PLASTIK,METALL",,0.0
38754,RC,Фандомат по приёму вторсырья «ЭКОпункт»,"Балашиха, микрорайон Дзержинского, улица Баландина, 4",37.892543,55.777275,"PLASTIK,METALL",,0.0
38755,RC,Фандомат по приёму вторсырья «ЭКОпункт»,"Балашиха, микрорайон Дзержинского, 50",37.89637799999999,55.77698799999999,"PLASTIK,METALL",,0.0
38756,RC,Фандомат по приёму вторсырья «ЭКОпункт»,"Балашиха, Владимирский парк",37.890271,55.77633999999999,"PLASTIK,METALL",,0.0
38760,RC,Фандомат по приёму вторсырья «ЭКОпункт»,"Балашиха, микрорайон Салтыковка, Носовихинское шоссе, 4с16",37.887517,55.75013,"PLASTIK,METALL",,0.0
38761,RC,Фандомат по приёму вторсырья «ЭКОпункт»,"Балашиха, Мирской проезд, 12",37.883324,55.74205799999997,"PLASTIK,METALL",,0.0
38762,RC,Фандомат по приёму вторсырья «ЭКОпункт»,"Балашиха, микрорайон Салтыковка, Носовихинское шоссе, 230",37.921755999999995,55.75080400000001,"PLASTIK,METALL",,0.0
38807,RC,Контейнер для одежды «Благодарный шкаф»,"Балашиха, шоссе Энтузиастов, вл11с2",37.889822,55.78998599999998,ODEZHDA,,0.0
38808,RC,Контейнер для одежды «Благодарный шкаф»,"Балашиха, шоссе Энтузиастов, вл11с4",37.886717999999995,55.79079700000001,ODEZHDA,,0.0
38809,RC,Контейнер для одежды «Благодарный шкаф»,"Балашиха, микрорайон 1 Мая, 24",37.846638999999996,55.80669399999999,ODEZHDA,,0.0
38942,RC,Прием одежды «Добрые вещи» на цокольном этаже.,"Россия, Московская область, городской округ Люберцы, посёлок городского типа Томилино, Егорьевское шоссе, с2",37.922771999999995,55.658079999999984,ODEZHDA,,0.0
38943,RC,"Контейнер для батареек, ламп и градусников на контейнерной площадке","Россия, Московская область, Люберцы, 1-й Панковский проезд, 1к2",37.922096,55.66333999999999,"LAMPOCHKI,BATAREJKI,OPASNYE_OTHODY",,0.0
38946,RC,Куб для приема ПЕТ-бутылок в «МЕГА Белая Дача»,"Россия, Московская область, Котельники, 1-й Покровский проезд, 1",37.843732,55.65795,PLASTIK,,0.0
38969,RC,Точка приема батареек в магазине Пятерочка,"Россия, Москва, Алтайская улица, 9А",37.81662099999999,55.82051099999999,BATAREJKI,,0.0
38970,RC,"Контейнер для приема одежды фонда ""Второе дыхание""","Москва, Алтайская ул., 12",37.811193,55.81978600000001,ODEZHDA,,0.0
38971,RC,Бокс для приёма одежды «Не просто вещь»,"Россия, Москва, Алтайская улица, 4",37.804096,55.819681,ODEZHDA,,0.0
38972,RC,Точка приема батареек в магазине Пятерочка,"Россия, Москва, Уральская улица, 25",37.807744,55.823461,BATAREJKI,,0.0
38973,RC,Точка приема батареек в магазине Пятерочка,"Россия, Москва, Уссурийская улица, 7",37.817513,55.82368699999997,BATAREJKI,,0.0
38974,RC,Точка приема батареек в магазине Магнит,"Россия, Москва, Уссурийская улица, 9",37.818753,55.823671,BATAREJKI,,0.0
38975,RC,"Точка приёма батареек и крышечек в магазине ""ВкусВилл""","Москва, Уссурийская улица, 9",37.818997,55.82367300000001,"KRYSHECHKI,BATAREJKI",,0.0
38976,RC,Приём упаковок от сухого корма в зоомагазине «Четыре лапы»,"Россия, Москва, Уссурийская улица, 9",37.819297999999996,55.82367699999999,INOE,,0.0
38977,RC,"Контейнер для приема вещей проекта ""Добрые вещи""","Россия, Московская область, Котельники, 1-й Покровский проезд, 1",37.845490999999996,55.65945199999999,ODEZHDA,,0.0
38979,RC,Точка приема батареек в магазине Пятерочка,"Россия, Москва, Хабаровская улица, 4к1",37.82836,55.817117999999994,BATAREJKI,,0.0
38985,RC,"Фандомат по приему вторсырья ""Ecoplatform""","Россия, Москва, Большая Черёмушкинская улица, 1",37.60147599999999,55.689373,"PLASTIK,METALL",,0.0
38990,RC,Точка приема батареек в магазине Пятерочка,"Россия, Москва, Уральская улица, 4",37.799372,55.811943,BATAREJKI,,0.0
38991,RC,"Контейнер для приема одежды фонда ""Второе дыхание""","Москва, Щёлковское ш., 75",37.799516,55.81095,ODEZHDA,,0.0
38992,RC,Точка приема батареек в магазине Пятерочка,"Россия, Москва, Уральская улица, 7",37.797385999999996,55.81557899999998,BATAREJKI,,0.0
38997,RC,"Контейнеры для вторсырья ГУП ""Экотехпром""","Россия, Москва, Ясеневая улица",37.71957199999999,55.60051800000001,"PLASTIK,STEKLO",,0.0
39041,RC,Благотворительный фонд «Дари еду»,"Россия, Москва, Большая Черёмушкинская улица, 1",37.601578,55.68920799999998,INOE,,1.0
39052,RC,"Точка сбора электронных сигарет ""Clockwork brothers""","Россия, Москва, Уссурийская улица, 5",37.812388999999996,55.82475699999999,INOE,,0.0
39053,RC,Контейнер для одежды «Благодарный шкаф»,"Москва, Щёлковское шоссе, 27А",37.778687999999995,55.810008999999994,ODEZHDA,,0.0
39055,RC,"Контейнер для приема одежды фонда ""Второе дыхание""","Москва, Амурская ул., 1Ас6",37.757544,55.80825799999999,ODEZHDA,,0.0
39056,RC,Точка приема батареек в магазине Пятерочка,"Россия, Москва, Амурская улица, 1Ак3",37.760174,55.80815299999998,BATAREJKI,,0.0
39057,RC,"Точка приёма батареек, блистеров и одежды в магазине ""ВкусВилл""","Москва, Амурская улица, 1Ак3",37.760659999999994,55.80812199999998,"ODEZHDA,KRYSHECHKI,BATAREJKI,INOE",,0.0
39058,RC,Точка приема крышечек в библиотеке,"Россия, Москва, Челюскинская улица, 2",37.70081799999999,55.878774,KRYSHECHKI,Последний вторник месяца ‌- санитарный день,0.0
39060,RC,"Контейнер для приема одежды фонда ""Второе дыхание""","Москва, Бауманская ул., 58/25с14",37.678982,55.767091000000015,ODEZHDA,Последний вторник месяца — санитарный день.,1.0
39064,RC,Безопасная полка. Буккроссинг и другой обмен в Пятерочке.,"Россия, Москва, Уссурийская улица, 7",37.817486,55.823736,INOE,,0.0
39065,RC,Контейнер для одежды «Благодарный шкаф»,"Москва, 9-я Парковая улица, 62",37.800967,55.80501900000001,ODEZHDA,,0.0
39066,RC,"Контейнер для приема одежды фонда ""Второе дыхание""","Москва, Амурская ул., 31",37.796176,55.814368999999985,ODEZHDA,,0.0
39067,RC,"Контейнер для приема одежды фонда ""Второе дыхание""","Москва, Измайловский пр-д., 5А",37.766576,55.797984,ODEZHDA,,0.0
39068,RC,"Контейнер для приема одежды фонда ""Второе дыхание""","Москва, Измайловский пр., 18к2",37.769729,55.798027,ODEZHDA,,0.0
39069,RC,"Контейнер для приема одежды фонда ""Второе дыхание""","Москва, 6-я Парковая ул., 9",37.790765,55.79022400000001,ODEZHDA,,0.0
39071,RC,"Контейнер для приема одежды фонда ""Второе дыхание""","Москва, Окружной пр., 2А стр.1",37.744786999999995,55.80423900000001,ODEZHDA,,0.0
39074,RC,"Точка приёма батареек и крышечек в магазине ""ВкусВилл""","Москва, Производственная улица, 10к1",37.386496,55.644173,"KRYSHECHKI,BATAREJKI",,0.0
39112,RC,Точка приема батареек в магазине Магнит,"Россия, Москва, Алтайская улица, 33/7",37.83183999999999,55.820781999999994,BATAREJKI,,0.0
39201,RC,Фандомат Ecoplatform,"Россия, Москва, Новочеркасский бульвар, 7",37.72162399999999,55.64764,"PLASTIK,METALL",согласно времени работы магазина евроспара,0.0
39218,RC,"Контейнеры для вторсырья ГУП ""Экотехпром""","Москва, Проектируемый проезд, 6604",37.75187499999999,55.79075,"PLASTIK,STEKLO",,0.0
39363,RC,"Контейнер для приема одежды фонда ""Второе дыхание""","Москва, 7-я Парковая ул., 15к2",37.791559,55.79721200000001,ODEZHDA,,0.0
39364,RC,Контейнер La Roche-Posay для упаковки от косметики,"Москва, 7-я Парковая улица, 15к2",37.791684,55.79718100000001,"PLASTIK,INOE",,0.0
39365,RC,"Точка приёма батареек и крышечек в магазине ""ВкусВилл""","Москва, Измайловский б-р, 11/31",37.787113999999995,55.79700899999998,"KRYSHECHKI,BATAREJKI",,0.0
39366,RC,"Контейнер для приема одежды фонда ""Второе дыхание""","Москва, Щелковское ш., 100",37.830423,55.81223200000001,ODEZHDA,,0.0
39367,RC,"Контейнер для приема одежды фонда ""Второе дыхание""","Москва, Сиреневый б-р, 63",37.820136,55.80355,ODEZHDA,,0.0
39462,RC,Пункт приёма блистеров и упаковки лекарственных препаратов в Магнит Аптеке,"Россия, Москва, Бирюлёвская улица, 5к1",37.66332799999999,55.59954400000001,INOE,,0.0
39463,RC,Пункт приёма блистеров и упаковки лекарственных препаратов в Магнит Аптеке,"Россия, Москва, Алма-Атинская улица, 7к1",37.77131,55.639877999999996,INOE,,0.0
39464,RC,Пункт приёма блистеров и упаковки лекарственных препаратов в Магнит Аптеке,"Россия, Москва, Ферганский проезд, 14к3",37.817536,55.694005999999995,INOE,,1.0
39466,RC,Пункт приёма блистеров и упаковки лекарственных препаратов в Магнит Аптеке,"Россия, Москва, Краснодонская улица, 1к1",37.75353,55.68664499999998,INOE,,0.0
39467,RC,Пункт приёма блистеров и упаковки лекарственных препаратов в Магнит Аптеке,"Россия, Москва, улица Красная Пресня, 24",37.570005,55.762080999999995,INOE,,1.0
39468,RC,Пункт приёма блистеров и упаковки лекарственных препаратов в Магнит Аптеке,"Россия, Москва, Бакунинская улица, 69с1",37.690607,55.778751,INOE,,1.0
39469,RC,Пункт приёма блистеров и упаковки лекарственных препаратов в Магнит Аптеке,"Россия, Москва, улица Адмирала Лазарева, 40",37.523661999999995,55.544145,INOE,,0.0
39470,RC,Пункт приёма блистеров и упаковки лекарственных препаратов в Магнит Аптеке,"Россия, Москва, Кронштадтский бульвар, 30Б",37.512972999999995,55.85157100000002,INOE,,0.0
39471,RC,Пункт приема отработанных ртутьсодержащих ламп № 788,"Россия, Москва, улица Богданова, 14к1",37.396446000000005,55.65375699999999,LAMPOCHKI,,0.0
39513,RC,Пункт приема одежды Брио Гранж,"Россия, Москва, Щербаковская улица, 16",37.725217,55.781794000000005,ODEZHDA,,0.0
39516,RC,"Точка приёма батареек в магазине ""ВкусВилл""","Москва, улица Академика Пилюгина, 4",37.542446,55.672776999999996,BATAREJKI,,0.0
39535,RC,"Контейнер для сбора упаковки от сухого корма в магазине ""Четыре лапы""","Россия, Москва, Волжский бульвар, 7",37.74571399999999,55.71673299999999,INOE,,1.0
39536,RC,"Точка приёма батареек в магазине ""ВкусВилл""","Москва, улица Вавилова, 60к5",37.552893,55.688950999999996,BATAREJKI,,1.0
39548,RC,Благотворительный фонд «Дари еду»,"Россия, Москва, Волгоградский проспект, 73с1",37.744184999999995,55.71001100000001,INOE,,0.0
39566,RC,"Контейнер для приема одежды фонда ""Второе дыхание""","Москва, Кашенкин луг ул., 10",37.593366,55.82576099999999,ODEZHDA,,0.0
39569,RC,Контейнер для одежды «Благодарный шкаф»,"Мытищи, Коммунистическая улица, 10к1",37.745180999999995,55.891987,ODEZHDA,,0.0
39574,RC,Контейнер для сбора одежды AJ International,"Россия, Москва, Восточный административный округ, район Измайлово",37.798064999999994,55.794779,ODEZHDA,,0.0
39575,RC,"Контейнеры для вторсырья ГУП ""Экотехпром""","Москва, Россошанская улица, 13",37.61302899999999,55.594043,"PLASTIK,STEKLO",,1.0
41012,RC,"Фандомат по приему вторсырья ""Ecoplatform""","Россия, Москва, Делегатская улица, 9с1",37.613773,55.77575199999999,"PLASTIK,METALL",,1.0
41657,RC,"Точка приёма батареек и крышечек в магазине ""ВкусВилл""","Москва, улица Мичуринский Проспект, Олимпийская Деревня, 4к1",37.47048300000001,55.67610799999999,"KRYSHECHKI,BATAREJKI",,0.0
41667,RC,Место Встречи Витязь,"Россия, Москва, улица Миклухо-Маклая, 27А",37.51669,55.64702599999998,"KRYSHECHKI,BATAREJKI,INOE",,0.0
41717,RC,Фандомат по приёму батареек в банке МТС,"Россия, Москва, Химкинский бульвар, 21",37.443021,55.84947399999999,BATAREJKI,По расписанию МТС банка,0.0
41718,RC,"Точка приёма батареек и крышечек в магазине ""ВкусВилл""","Москва, Митинская улица, 53",37.352072,55.85326800000001,"KRYSHECHKI,BATAREJKI",,0.0
41720,RC,Точка приема крышечек,"Россия, Москва, Ангелов переулок, 2к2",37.348487,55.854831000000004,KRYSHECHKI,,0.0
41724,RC,"Контейнеры для вторсырья ГУП ""Экотехпром""","Москва, Голубинская улица, 32к2",37.54585599999999,55.59470700000001,"PLASTIK,STEKLO",,0.0
41734,RC,"Контейнеры для вторсырья ГУП ""Экотехпром""","Москва, станция метро ""Сходнеская""",37.43870299999999,55.85027600000001,"PLASTIK,STEKLO","Стоят на улице, круглосуточный доступ",0.0
41829,RC,Контейнер для стеклотары Glasstec,"Россия, Одинцово, ТСЖ Княжичи, ул. Говорова, 159",37.304222,55.69223199999998,STEKLO,,0.0
41833,RC,Контейнер для стеклотары Glasstec,"Россия, Одинцово, ТСЖ Княжичи, ул. Говорова, 159",37.304222,55.69223199999998,STEKLO,,0.0
41835,RC,Контейнер для стеклотары Glasstec,"г. Москва, ул. Эдварда Грига, 18к3",37.507594,55.553592,STEKLO,,0.0
41836,RC,Контейнер для стеклотары Glasstec,"г. Москва, ул. Эдварда Грига, 17",37.508624999999995,55.555249999999994,STEKLO,,0.0
41847,RC,Контейнер для стеклотары Glasstec,"Россия, Одинцово, ТСЖ Княжичи, ул. Говорова, 159",37.304222,55.69223199999998,STEKLO,,0.0
41848,RC,Контейнер для стеклотары Glasstec,"Россия, г.о. Красногорск, ул. Рублёвское Предместье, 4к1",37.245363999999995,55.772193,STEKLO,,0.0
41849,RC,Контейнер для стеклотары Glasstec,"Россия, г.о. Красногорск, ул. Рублёвское Предместье, д.3к2",37.248903999999996,55.770492,STEKLO,,0.0
41850,RC,Контейнер для стеклотары Glasstec,"Россия, Москва, ул.Потаповская роща 20.1",37.503953,55.551842999999984,STEKLO,,0.0
41851,RC,Контейнер для стеклотары Glasstec,"Россия, Москва, ул.Потаповская роща 26.2",37.51089699999999,55.550305,STEKLO,,0.0
41852,RC,Контейнер для стеклотары Glasstec,"Россия, Москва, ул.Грига 14",37.500234,55.554103999999995,STEKLO,,0.0
41853,RC,Контейнер для стеклотары Glasstec,"Россия, Москва, ул.Грига 15",37.507098,55.556630000000006,STEKLO,,0.0
41854,RC,Контейнер для стеклотары Glasstec,"Россия, Москва, Прокшинский пр.11",37.427434999999996,55.59078,STEKLO,,0.0
41856,RC,Контейнер для стеклотары Glasstec,"Россия, Одинцово, ул.Западная 11а",37.248688,55.66931000000001,STEKLO,,0.0
41858,RC,Контейнер для стеклотары Glasstec,"Россия, СНТ 40 лет Октября, Одинцовский р-н ЖД Станция Пионерская (1-ый)",37.249182,55.673245,STEKLO,,0.0
41859,RC,Контейнер для стеклотары Glasstec,"Россия, Липовый парк, д.9",37.487532,55.56764699999998,STEKLO,,0.0
41860,RC,Контейнер для стеклотары Glasstec,"Россия, Липовый парк д.11",37.485646,55.56657299999999,STEKLO,,0.0
41861,RC,Контейнер для стеклотары Glasstec,"Россия, Липовый парк д.7к2",37.490235999999996,55.56746799999998,STEKLO,,0.0
41862,RC,Контейнер для стеклотары Glasstec,"Россия, ул. Чистяковой 14",37.327056999999996,55.69461100000001,STEKLO,,0.0
41863,RC,Контейнер для стеклотары Glasstec,"Россия, ул. Чистяковой 24",37.324066,55.697000999999986,STEKLO,,0.0
41864,RC,Контейнер для стеклотары Glasstec,"Россия, ул. Чистяковой 6",37.329752,55.69479900000002,STEKLO,,0.0
41865,RC,Контейнер для стеклотары Glasstec,"Россия, ул. Чистяковой 2",37.330956,55.695768,STEKLO,,0.0
41866,RC,Контейнер для стеклотары Glasstec,"Россия, ул.Чистяковой 12-18",37.328548,55.69623499999999,STEKLO,,0.0
41869,RC,Контейнер для стеклотары Glasstec,"Россия,  Одинцово, ул.Чистяковой, 84",37.323916,55.70757799999997,STEKLO,,0.0
41870,RC,Контейнер для стеклотары Glasstec,"Россия,  Одинцово, ул.Чистяковой, 67",37.321479,55.700345,STEKLO,,0.0
41871,RC,Контейнер для стеклотары Glasstec,"Россия,  Одинцово, ул.Чистяковой, 40",37.322393,55.700233,STEKLO,,0.0
41872,RC,Контейнер для стеклотары Glasstec,"Россия,  Одинцово, ул.Чистяковой, 42",37.321944,55.702228,STEKLO,,0.0
41873,RC,Контейнер для стеклотары Glasstec,"Россия, Ресторан ""дубки"", посёлок ВНИИССОК, Одинцовский городской округ, ул. Липовая, 3а",37.21563999999999,55.657089,STEKLO,,0.0
41874,RC,Контейнер для стеклотары Glasstec,"Россия, посёлок ВНИИССОК, Одинцовский городской округ, ул. Михаила Кутузова, 9",37.21688799999999,55.659485,STEKLO,,0.0
41875,RC,Контейнер для стеклотары Glasstec,"Россия, посёлок ВНИИССОК, Одинцовский городской округ, ул. Михаила Кутузова, 15",37.219538,55.660033,STEKLO,,0.0
41876,RC,Контейнер для стеклотары Glasstec,"Россия, посёлок ВНИИССОК, Одинцовский городской округ, ул. Михаила Кутузова, 17А",37.21901,55.660729,STEKLO,,0.0
41877,RC,Контейнер для стеклотары Glasstec,"Россия, посёлок ВНИИССОК, Одинцовский городской округ, ул. Михаила Кутузова, 5Б",37.214495,55.660634,STEKLO,,0.0
41878,RC,Контейнер для стеклотары Glasstec,"Россия, посёлок ВНИИССОК, Одинцовский городской округ, ул. Михаила Кутузова, 1А",37.213265,55.66057199999998,STEKLO,,0.0
41879,RC,Контейнер для стеклотары Glasstec,"Россия, посёлок ВНИИССОК, Одинцовский городской округ,  ул. Дениса Давыдова, 11",37.224414,55.659559,STEKLO,,0.0
41880,RC,Контейнер для стеклотары Glasstec,"Россия, посёлок ВНИИССОК, Одинцовский городской округ,  ул. Дениса Давыдова, 3",37.228873,55.659358,STEKLO,,0.0
41881,RC,Контейнер для стеклотары Glasstec,"Россия, посёлок ВНИИССОК, Одинцовский городской округ,  ул. Дениса Давыдова, 4",37.232225,55.65963999999999,STEKLO,,0.0
41882,RC,Контейнер для стеклотары Glasstec,"Россия, посёлок ВНИИССОК, Одинцовский городской округ,  ул. Бородинская, 3",37.228488999999996,55.657909,STEKLO,,0.0
41883,RC,Контейнер для стеклотары Glasstec,"Россия, Одинцово, ул. Кутузовская, 35",37.326052,55.707636,STEKLO,,0.0
41884,RC,Контейнер для стеклотары Glasstec,"Россия, Одинцово, ул. Кутузовская, 17",37.325906999999994,55.704334,STEKLO,,0.0
41885,RC,Контейнер для стеклотары Glasstec,"Россия, Одинцово, ул. Кутузовская, 9",37.324704,55.70306399999999,STEKLO,,0.0
41886,RC,Контейнер для стеклотары Glasstec,"Россия, Одинцово, ул. Кутузовская, 1",37.324531,55.700127999999985,STEKLO,,0.0
41887,RC,Контейнер для стеклотары Glasstec,"Россия, Одинцово, ул. Кутузовская, 12",37.329038999999995,55.706708,STEKLO,,0.0
41888,RC,Контейнер для стеклотары Glasstec,"Россия, Одинцово, ул. Кутузовская, 66",37.319442,55.70461,STEKLO,,0.0
41889,RC,Контейнер для стеклотары Glasstec,"Россия, Одинцово, ул. Кутузовская, 3",37.32521,55.701794000000014,STEKLO,,0.0
41890,RC,Контейнер для стеклотары Glasstec,"Россия, Одинцово, ул. Кутузовская, 31",37.327751,55.706318999999986,STEKLO,,0.0
41891,RC,Контейнер для стеклотары Glasstec,"Россия,  Одинцово, ул. Триумфальная, 1",37.232828,55.658685999999996,STEKLO,,0.0
41892,RC,Контейнер для стеклотары Glasstec,"Россия, Одинцово, ул. Триумфальная, 5",37.234738,55.65952899999998,STEKLO,,0.0
41893,RC,Контейнер для стеклотары Glasstec,"Россия, Одинцово, ул. Триумфальная, 12",37.22779,55.65700499999999,STEKLO,,0.0
41894,RC,Контейнер для стеклотары Glasstec,"Россия,  Одинцово, ул. Триумфальная, 12В",37.22785799999999,55.65625199999998,STEKLO,,0.0
41895,RC,Контейнер для стеклотары Glasstec,"Россия, Одинцово, ул. Триумфальная, 8",37.230237,55.65655400000001,STEKLO,,0.0
41896,RC,Контейнер для стеклотары Glasstec,"Россия, Одинцово, ул. Триумфальная, 4",37.231142999999996,55.657094999999984,STEKLO,,0.0
41897,RC,Контейнер для стеклотары Glasstec,"Россия, Одинцово, ул. Триумфальная, 2",37.233565,55.65712200000001,STEKLO,,0.0
41898,RC,Контейнер для стеклотары Glasstec,"Россия, Одинцово, ул. Гвардейская, 15",37.226282,55.655432,STEKLO,,0.0
41899,RC,Контейнер для стеклотары Glasstec,"Россия, Одинцово, ул. Гвардейская, 11",37.229701999999996,55.654596999999995,STEKLO,,0.0
41900,RC,Контейнер для стеклотары Glasstec,"Россия, Одинцово, ул. Гвардейская, 9",37.231567,55.65575799999998,STEKLO,,0.0
41901,RC,Контейнер для стеклотары Glasstec,"Россия, Одинцово, ул. Гвардейская, 12",37.234201,55.65470799999999,STEKLO,,0.0
41902,RC,Контейнер для стеклотары Glasstec,"Россия, Одинцово, ул. Белорусская, 3",37.30354299999999,55.664286999999995,STEKLO,,0.0
41903,RC,Контейнер для стеклотары Glasstec,"Россия, Одинцово, ул. Белорусская, 4",37.299721999999996,55.66400399999999,STEKLO,,0.0
41904,RC,Контейнер для стеклотары Glasstec,"Россия, Одинцово, ул. Белорусская, 6",37.298798,55.662861999999976,STEKLO,,0.0
41905,RC,Контейнер для стеклотары Glasstec,"Россия, Одинцово, ул. Маковского, 20",37.283939999999994,55.66453599999999,STEKLO,,0.0
41906,RC,Контейнер для стеклотары Glasstec,"Россия, Одинцово, ул. Маковского, 26 (со стороны Маковского)",37.284082999999995,55.662606,STEKLO,,0.0
41907,RC,Контейнер для стеклотары Glasstec,"Россия, Одинцово, ул. Маковского, 26 (со стороны верхне-пролетарской улицы)",37.285518999999994,55.662891,STEKLO,,0.0
41908,RC,Контейнер для стеклотары Glasstec,"Россия, коттеджный посёлок Родники, Одинцово, Московская область, ул. Говорова, 39",37.296513,55.690447,STEKLO,,0.0
41909,RC,Контейнер для стеклотары Glasstec,"Россия, коттеджный посёлок Родники, Одинцово, Московская область, ул. Говорова, 89к6",37.300048,55.69137099999999,STEKLO,,0.0
41910,RC,Контейнер для стеклотары Glasstec,"Россия, коттеджный посёлок Родники, Одинцово, Московская область, ул. Говорова, 5",37.291996,55.68957300000001,STEKLO,,0.0
41911,RC,Контейнер для стеклотары Glasstec,"Россия, г. Москва, ул. Акуловская, 5с5",37.23808799999999,55.657813999999995,STEKLO,,0.0
41912,RC,Контейнер для стеклотары Glasstec,"Россия, г. Москва, ул. Сервантеса, 3к2",37.451927999999995,55.591471999999996,STEKLO,,0.0
41913,RC,Контейнер для стеклотары Glasstec,"Россия, г. Москва, ул. Сервантеса, 1к1",37.453243,55.589935999999994,STEKLO,,0.0
41914,RC,Контейнер для стеклотары Glasstec,"Россия, г. Москва, ул. Петра Вяземского",37.44347499999999,55.595807999999984,STEKLO,,0.0
41915,RC,Контейнер для стеклотары Glasstec,"Россия, г. Москва, бульвар Веласкеса, 1к3",37.455631,55.59282499999999,STEKLO,,0.0
41916,RC,Контейнер для стеклотары Glasstec,"Россия, г. Москва, бульвар Веласкеса, 5к4",37.457750000000004,55.59326500000001,STEKLO,,0.0
41917,RC,Контейнер для стеклотары Glasstec,"Россия, г. Москва, бульвар Веласкеса, 7к6",37.461078,55.59427799999999,STEKLO,,0.0
41918,RC,Контейнер для стеклотары Glasstec,"Россия, г. Москва, бульвар Веласкеса, 7к2",37.461453,55.59369600000001,STEKLO,,0.0
41919,RC,Контейнер для стеклотары Glasstec,"Россия, г. Москва, бульвар Веласкеса, 9к1",37.46159299999999,55.593476,STEKLO,,0.0
41920,RC,Контейнер для стеклотары Glasstec,"Россия, г. Москва, бульвар Веласкеса, 8",37.46227499999999,55.592388,STEKLO,,0.0
41921,RC,Контейнер для стеклотары Glasstec,"Россия, г. Москва, бульвар Веласкеса, 4",37.458758,55.591619000000016,STEKLO,,0.0
41924,RC,Контейнер для стеклотары Glasstec,"г. Москва, Прокшинский проспект, 9",37.42916,55.59159899999998,STEKLO,,0.0
41925,RC,Контейнер для стеклотары Glasstec,"Россия, г. Москва, Прокшинский проспект, 11",37.427434999999996,55.59078,STEKLO,,0.0
41926,RC,Контейнер для стеклотары Glasstec,"г. Москва, г.о. Новомосковский, проспект Магеллана, 2 (верх)",37.44730599999999,55.591512999999985,STEKLO,,0.0
41927,RC,Контейнер для стеклотары Glasstec,"г. Москва, г.о. Новомосковский, проспект Магеллана, 2 (низ)",37.44807699999999,55.588181,STEKLO,,0.0
41928,RC,Контейнер для стеклотары Glasstec,"г. Москва, г.о. Новомосковский, проспект Магеллана, 4",37.444503,55.59127899999999,STEKLO,,0.0
41929,RC,Контейнер для стеклотары Glasstec,"г. Москва, г.о. Новомосковский, проспект Магеллана, 1",37.447656,55.590175,STEKLO,,0.0
41930,RC,Контейнер для стеклотары Glasstec,"г. Москва, г.о. Новомосковский, ул. Сальвадора Дали, 1/2",37.44356,55.589045999999996,STEKLO,,0.0
41931,RC,Контейнер для стеклотары Glasstec,"г. Москва, г.о. Новомосковский, Севильский б-р",37.446443,55.589417,STEKLO,,0.0
41932,RC,Контейнер для стеклотары Glasstec,"г. Москва, ул. Липовый парк, 3 (многоуровневая парковка)",37.493073,55.56983699999999,STEKLO,,0.0
41933,RC,Контейнер для стеклотары Glasstec,"г. Москва, Скандинавский бульвар, 1к3",37.495712,55.56941000000001,STEKLO,,0.0
41934,RC,Контейнер для стеклотары Glasstec,"г. Москва, Скандинавский бульвар, 3к2",37.498580999999994,55.56812,STEKLO,,0.0
41935,RC,Контейнер для стеклотары Glasstec,"г. Москва, Скандинавский бульвар, 5к1",37.49993099999999,55.566339,STEKLO,,0.0
41936,RC,Контейнер для стеклотары Glasstec,"г. Москва, Скандинавский бульвар, 9",37.502927,55.564336999999995,STEKLO,,0.0
41937,RC,Контейнер для стеклотары Glasstec,"г. Москва, Скандинавский бульвар, 2/8",37.49747500000001,55.56539499999999,STEKLO,,0.0
41938,RC,Контейнер для стеклотары Glasstec,"г. Москва, Скандинавский бульвар, 2к5",37.494621,55.56495999999999,STEKLO,,0.0
41939,RC,Контейнер для стеклотары Glasstec,"г. Москва, ул. Эдварда Грига, 5",37.498461,55.56301200000001,STEKLO,,0.0
41940,RC,Контейнер для стеклотары Glasstec,"г. Москва, ул. Александры Монаховой, 43к2",37.487739999999995,55.562540999999996,STEKLO,,0.0
42011,RC,"Площадка для приёма вторсырья ""МегаБак""","Россия, Московская область, Химки, улица Машинцева, 9",37.405239,55.89166100000001,"BUMAGA,PLASTIK,STEKLO,METALL,ODEZHDA,LAMPOCHKI,BYTOVAJA_TEHNIKA,BATAREJKI,SHINY,OPASNYE_OTHODY,INOE",,0.0
42039,RC,"Центр ""Орион"", контейнеры для редкостей","Россия, Москва, улица Лётчика Бабушкина, 26",37.677238,55.86912699999998,"KRYSHECHKI,BATAREJKI,INOE",,0.0
42206,RC,Бокс для приёма одежды «Не просто вещь»,"Московская область, Одинцовский городской округ, посёлок ВНИИССОК, Берёзовая улица, 4",37.203574999999994,55.65880999999999,ODEZHDA,,0.0
42210,RC,Бокс для приёма одежды «Не просто вещь»,"Московская область, Одинцовский городской округ, дачный посёлок Лесной Городок, Фасадная улица, 12",37.210698,55.635916,ODEZHDA,,0.0
42212,RC,Бокс для приёма одежды «Не просто вещь»,"Московская область, Одинцовский городской округ, село Лайково, микрорайон Город-Событие, 70",37.215686,55.70515299999998,ODEZHDA,,0.0
42213,RC,Бокс для приёма одежды «Не просто вещь»,"Московская область, Одинцовский городской округ, дачный посёлок Лесной Городок, Фасадная улица, 2к1",37.215935,55.635056999999996,ODEZHDA,,0.0
42215,RC,Бокс для приёма одежды «Не просто вещь»,"Московская область, Одинцовский городской округ, дачный посёлок Лесной Городок, Молодёжная улица, 8",37.219685,55.63883799999998,ODEZHDA,,0.0
42217,RC,Бокс для приёма одежды «Не просто вещь»,"Московская область, городской округ Красногорск, посёлок Ильинское-Усово, Заповедная улица, 14",37.232276,55.773088999999985,ODEZHDA,,0.0
42218,RC,Бокс для приёма одежды «Не просто вещь»,"Московская область, Красногорск, микрорайон Опалиха, Серебряный бульвар, 2",37.235077999999994,55.828979999999994,ODEZHDA,,0.0
42219,RC,Бокс для приёма одежды «Не просто вещь»,"Московская область, городской округ Красногорск, посёлок Ильинское-Усово, Архангельская улица, 8",37.235627,55.77179300000001,ODEZHDA,,0.0
42220,RC,Бокс для приёма одежды «Не просто вещь»,"Московская область, Красногорск, микрорайон Опалиха, Серебряный бульвар, 1",37.23590699999999,55.83057,ODEZHDA,,0.0
42221,RC,Бокс для приёма одежды «Не просто вещь»,"Московская область, Одинцово, микрорайон Клубничное Поле, 9",37.236642,55.678093000000004,ODEZHDA,,0.0
42222,RC,Бокс для приёма одежды «Не просто вещь»,"Московская область, Красногорск, микрорайон Опалиха, Серебряный бульвар, 3",37.238111999999994,55.83064699999999,ODEZHDA,,0.0
42223,RC,Бокс для приёма одежды «Не просто вещь»,"Московская область, Красногорск, микрорайон Опалиха, Серебряный бульвар, 5",37.23865399999999,55.830123999999984,ODEZHDA,,0.0
42224,RC,Бокс для приёма одежды «Не просто вещь»,"Московская область, Красногорск, микрорайон Опалиха, улица Геологов, 4к3",37.240064,55.83230800000001,ODEZHDA,,0.0
42225,RC,Бокс для приёма одежды «Не просто вещь»,"Московская область, Красногорск, микрорайон Опалиха, улица Геологов, 2",37.240544,55.830875,ODEZHDA,,0.0
42226,RC,Бокс для приёма одежды «Не просто вещь»,"Московская область, Красногорск, микрорайон Опалиха, улица Пришвина, 18",37.249295999999994,55.821411,ODEZHDA,,0.0
42227,RC,Бокс для приёма одежды «Не просто вещь»,"Московская область, Одинцово, Северная улица, 36",37.251877,55.68163499999999,ODEZHDA,,0.0
42228,RC,Бокс для приёма одежды «Не просто вещь»,"Москва, Новомосковский административный округ, посёлок Внуково, Изваринская улица, 4",37.252156,55.612665,ODEZHDA,,0.0
42229,RC,Бокс для приёма одежды «Не просто вещь»,"Московская область, Красногорск, улица Ткацкой Фабрики, 27",37.259862999999996,55.842686,ODEZHDA,,0.0
42230,RC,Бокс для приёма одежды «Не просто вещь»,"Московская область, Химки, микрорайон Фирсановка, Речная улица, 4",37.266867999999995,55.961655,ODEZHDA,,0.0
42231,RC,Бокс для приёма одежды «Не просто вещь»,"Московская область, Одинцово, улица Маршала Неделина, 15",37.268227,55.67640700000001,ODEZHDA,,0.0
42232,RC,Бокс для приёма одежды «Не просто вещь»,"Московская область, Одинцово, Можайское шоссе, 47",37.268747999999995,55.67225500000001,ODEZHDA,,0.0
42233,RC,Бокс для приёма одежды «Не просто вещь»,"Московская область, Красногорск, бульвар Космонавтов, 1",37.272143,55.83439099999999,ODEZHDA,,0.0
42234,RC,Бокс для приёма одежды «Не просто вещь»,"Москва, район Троицк, хутор Ильичёвка, 5",37.272771999999996,55.50617399999999,ODEZHDA,,0.0
42235,RC,Бокс для приёма одежды «Не просто вещь»,"Московская область, городской округ Красногорск, деревня Сабурово, Парковая улица, 24",37.272961,55.87879299999998,ODEZHDA,,0.0
42236,RC,Бокс для приёма одежды «Не просто вещь»,"Московская область, Одинцовский городской округ, посёлок Барвиха, 26",37.27729999999999,55.723293,ODEZHDA,,0.0
42237,RC,Бокс для приёма одежды «Не просто вещь»,"Московская область, Одинцово, улица Свободы, 2",37.280983,55.673504,ODEZHDA,,0.0
42238,RC,Бокс для приёма одежды «Не просто вещь»,"Московская область, Одинцовский городской округ, деревня Барвиха, 120",37.281808,55.74316799999999,ODEZHDA,,0.0
42240,RC,Бокс для приёма одежды «Не просто вещь»,"Московская область, Одинцово, Комсомольская улица, 8",37.285348,55.66618799999999,ODEZHDA,,0.0
42241,RC,Бокс для приёма одежды «Не просто вещь»,"Московская область, Красногорск, бульвар Космонавтов, 17",37.285699,55.83801499999999,ODEZHDA,,0.0
42244,RC,Бокс для приёма одежды «Не просто вещь»,"Московская область, Химки, микрорайон Сходня, улица Калинина, 1",37.29016299999999,55.941788,ODEZHDA,,0.0
42245,RC,Бокс для приёма одежды «Не просто вещь»,"Московская область, Одинцово, Вокзальная улица, 31А",37.29097199999999,55.679164,ODEZHDA,,0.0
42246,RC,Бокс для приёма одежды «Не просто вещь»,"Московская область , Химки, микрорайон Сходня, Вишнёвая улица, 14",37.291314,55.949221,ODEZHDA,,0.0
42247,RC,Бокс для приёма одежды «Не просто вещь»,"Московская область, Красногорск, Успенская улица, 16",37.292149,55.828157,ODEZHDA,,0.0
42248,RC,Бокс для приёма одежды «Не просто вещь»,"Московская область, Химки, микрорайон Сходня, улица Микояна, 30",37.292531,55.95856100000002,ODEZHDA,,0.0
42249,RC,Бокс для приёма одежды «Не просто вещь»,"Московская область, Красногорск, улица Карбышева, 35/69",37.292887,55.837233,ODEZHDA,,0.0
42250,RC,Бокс для приёма одежды «Не просто вещь»,"Московская область, Одинцово, бульвар Маршала Крылова, 4А",37.294278,55.686366,ODEZHDA,,0.0
42251,RC,Бокс для приёма одежды «Не просто вещь»,"Московская область, городской округ Красногорск, улица Карбышева, 29",37.296227,55.83827799999999,ODEZHDA,,0.0
42252,RC,Бокс для приёма одежды «Не просто вещь»,"Московская область, Красногорск, улица Ленина, 42",37.296626,55.83446599999998,ODEZHDA,,0.0
42254,RC,Бокс для приёма одежды «Не просто вещь»,"Московская область, Химки, микрорайон Сходня, улица Мичурина, 31Вс2",37.299748,55.94259499999998,ODEZHDA,,0.0
42255,RC,Бокс для приёма одежды «Не просто вещь»,"Московская область, Химки, микрорайон Сходня, улица Мичурина, 17",37.300494,55.945509,ODEZHDA,,0.0
42256,RC,Бокс для приёма одежды «Не просто вещь»,"Московская область, Химки, микрорайон Сходня, 2-й Мичуринский тупик, 1",37.301105,55.94695000000001,ODEZHDA,,0.0
42257,RC,Бокс для приёма одежды «Не просто вещь»,"Московская область, Химки, микрорайон Сходня, улица Ленина, 33",37.301204999999996,55.95229399999998,ODEZHDA,,0.0
42258,RC,Бокс для приёма одежды «Не просто вещь»,"Московская область, Красногорск, улица Ленина, 47к3",37.302284,55.837109,ODEZHDA,,0.0
42259,RC,Бокс для приёма одежды «Не просто вещь»,"Москва, Новомосковский административный округ, район Внуково, улица Лётчика Ульянина, 3А",37.30361599999999,55.62552699999999,ODEZHDA,,0.0
42260,RC,Бокс для приёма одежды «Не просто вещь»,"Московская область, Химки, микрорайон Сходня, Первомайская улица, 59",37.307654,55.96146499999998,ODEZHDA,,0.0
42261,RC,Бокс для приёма одежды «Не просто вещь»,"Москва, поселение Внуковское, улица Бориса Пастернака, 49",37.308746,55.640089999999994,ODEZHDA,,0.0
42262,RC,Бокс для приёма одежды «Не просто вещь»,"Московская область, Красногорск, Красногорский бульвар, 17",37.310973999999995,55.82056199999999,ODEZHDA,,0.0
42263,RC,Бокс для приёма одежды «Не просто вещь»,"Москва, поселение Внуковское, улица Лётчика Ульянина, 7",37.311283,55.626054999999994,ODEZHDA,,0.0
42264,RC,Бокс для приёма одежды «Не просто вещь»,"Московская Область, Красногорск, Дачная улица, 5",37.312864,55.82165400000002,ODEZHDA,,0.0
42265,RC,Бокс для приёма одежды «Не просто вещь»,"Московская область, Красногорск, Парковая улица, 8",37.313951,55.83149399999998,ODEZHDA,,0.0
42267,RC,Бокс для приёма одежды «Не просто вещь»,"Московская область, городской округ Красногорск, посёлок Отрадное, Пятницкая улица, 16",37.315157,55.871829999999996,ODEZHDA,,0.0
42268,RC,Бокс для приёма одежды «Не просто вещь»,"Московская область, Химки, микрорайон Сходня, Железнодорожная улица, 33к1",37.315801,55.947313,ODEZHDA,,0.0
42269,RC,Бокс для приёма одежды «Не просто вещь»,"Московская область, Красногорск, Железнодорожная Улица 26",37.316224,55.812751999999996,ODEZHDA,,0.0
42270,RC,Бокс для приёма одежды «Не просто вещь»,"Московская область, Одинцовский городской округ, деревня Раздоры, Утренняя улица, 1",37.316933,55.75700399999999,ODEZHDA,,0.0
42271,RC,Бокс для приёма одежды «Не просто вещь»,"Московская область, Химки, микрорайон Сходня, Ленинградская улица, 1",37.317796,55.957676,ODEZHDA,,0.0
42272,RC,Бокс для приёма одежды «Не просто вещь»,"Московская область, Красногорск, Центральный проезд, 3",37.318289,55.83498800000001,ODEZHDA,,0.0
42273,RC,Бокс для приёма одежды «Не просто вещь»,"Московская область, Красногорск, Лесная улица, 14",37.31908,55.835988,ODEZHDA,,0.0
42274,RC,Бокс для приёма одежды «Не просто вещь»,"Московская область, Красногорск, улица Королёва, 7",37.32279200000001,55.807695,ODEZHDA,,0.0
42275,RC,Бокс для приёма одежды «Не просто вещь»,"Московская область, Одинцово, микрорайон Новая Трёхгорка, Кутузовская улица, 21",37.322855,55.70570299999999,ODEZHDA,,0.0
42276,RC,Бокс для приёма одежды «Не просто вещь»,"Московская область, городской округ Красногорск, посёлок Отрадное, жилой комплекс Левел Лесной, Кленовая улица, 1",37.323015,55.870252999999984,ODEZHDA,,0.0
42277,RC,Бокс для приёма одежды «Не просто вещь»,"Московская область, Одинцово, микрорайон Новая Трёхгорка, Кутузовская улица, 1",37.32402199999999,55.700652999999996,ODEZHDA,,0.0
42278,RC,Бокс для приёма одежды «Не просто вещь»,"Московская область, Красногорск, улица Жуковского, 19",37.324896,55.81464600000001,ODEZHDA,,0.0
42279,RC,Бокс для приёма одежды «Не просто вещь»,"Московская область, Красногорск, Заводская улица, 18к2",37.32627599999999,55.809256999999995,ODEZHDA,,0.0
42280,RC,Бокс для приёма одежды «Не просто вещь»,"Московская область, Одинцово, микрорайон Новая Трёхгорка, улица Чистяковой, 14",37.327056999999996,55.69461100000001,ODEZHDA,,0.0
42281,RC,Бокс для приёма одежды «Не просто вещь»,"Московская область, Одинцовский городской округ, село Ромашково, Рублёвский проезд, 40к2А",37.327712999999996,55.72487,ODEZHDA,,0.0
42282,RC,Бокс для приёма одежды «Не просто вещь»,"Московская область, Красногорск, Советская улица, 2",37.328092,55.83142999999999,ODEZHDA,,0.0
42283,RC,Бокс для приёма одежды «Не просто вещь»,"Московская область, городской округ Красногорск, посёлок Отрадное, Лесная улица, 16",37.32844999999999,55.872102,ODEZHDA,,0.0
42284,RC,Бокс для приёма одежды «Не просто вещь»,"Московская область, Химки, проезд Тепличный 6",37.329384,55.954853,ODEZHDA,,0.0
42286,RC,Бокс для приёма одежды «Не просто вещь»,"Московская область, Химки, микрорайон Новогорск, Ивановская улица, 1к2",37.330606,55.90614800000001,ODEZHDA,,0
42287,RC,Бокс для приёма одежды «Не просто вещь»,"Московская область, Химки, микрорайон Подрезково, 1-я Лесная улица",37.331087999999994,55.94679700000001,ODEZHDA,,0
42288,RC,Бокс для приёма одежды «Не просто вещь»,"Московская область, Красногорск, Вокзальная улица, 14",37.340083,55.81193799999999,ODEZHDA,,0
42289,RC,Бокс для приёма одежды «Не просто вещь»,"Московская область, Красногорск, Вокзальная улица, 12",37.341538,55.81254499999999,ODEZHDA,,0
42290,RC,Бокс для приёма одежды «Не просто вещь»,"Московская область, Красногорск, Видная улица, 5",37.34410499999999,55.84129900000001,ODEZHDA,,0
42291,RC,Бокс для приёма одежды «Не просто вещь»,"Москва, район Троицк, 3-я Нововатутинская улица, 13к2",37.34512599999999,55.518313,ODEZHDA,,0
42292,RC,Бокс для приёма одежды «Не просто вещь»,"Московская область, Красногорск, Видная улица, 3",37.346706,55.841749999999976,ODEZHDA,,0
42293,RC,Бокс для приёма одежды «Не просто вещь»,"Москва, район Троицк, 3-я Нововатутинская улица, 8",37.347903,55.522011,ODEZHDA,,0
42294,RC,Бокс для приёма одежды «Не просто вещь»,"Москва, Пятницкое шоссе, 45",37.34841399999999,55.858634,ODEZHDA,,0
42295,RC,Бокс для приёма одежды «Не просто вещь»,"Москва, район Троицк, 3-я Нововатутинская улица, 6",37.349483,55.522356999999985,ODEZHDA,,0
42296,RC,Бокс для приёма одежды «Не просто вещь»,"Московская область, Красногорск, Павшинская улица, 2",37.350548,55.81563000000001,ODEZHDA,,0
42297,RC,Бокс для приёма одежды «Не просто вещь»,"Московская область, Химки, микрорайон Подрезково, Железнодорожная улица, 2А",37.352435,55.93830399999999,ODEZHDA,,0
42298,RC,Бокс для приёма одежды «Не просто вещь»,"Москва, Митинская улица, 43",37.35276699999999,55.849565,ODEZHDA,,0
42299,RC,Бокс для приёма одежды «Не просто вещь»,"Москва, улица Генерала Белобородова, 11",37.35464399999999,55.83677699999998,ODEZHDA,,0
42300,RC,Бокс для приёма одежды «Не просто вещь»,"Москва, район Троицк, 1-я Нововатутинская улица, 5",37.354676,55.51880199999999,ODEZHDA,,0
42301,RC,Бокс для приёма одежды «Не просто вещь»,"Москва, посёлок Рублёво, Обводное шоссе, 5",37.35857299999999,55.784188999999984,ODEZHDA,,0
42302,RC,Бокс для приёма одежды «Не просто вещь»,"Московская область, Одинцовский городской округ, рабочий посёлок Новоивановское, улица Агрохимиков, 6",37.358686999999996,55.70449899999999,ODEZHDA,,0
42303,RC,Бокс для приёма одежды «Не просто вещь»,"Московская область, Химки, микрорайон Новогорск, улица Соколовская 5-й Квартал, 1",37.359747,55.889042999999994,ODEZHDA,,0
42304,RC,Бокс для приёма одежды «Не просто вещь»,"Московская область, Красногорск, Ильинский бульвар, 2А",37.361576,55.81887400000001,ODEZHDA,,0
42305,RC,Бокс для приёма одежды «Не просто вещь»,"Московская область, Красногорск, Ильинский бульвар, 2А",37.36291799999999,55.818827000000006,ODEZHDA,,0
42306,RC,Бокс для приёма одежды «Не просто вещь»,"Московская область, Одинцовский городской округ, рабочий посёлок Новоивановское, бульвар Эйнштейна, 4",37.36469699999999,55.702083999999985,ODEZHDA,,0
42307,RC,Бокс для приёма одежды «Не просто вещь»,"Московская область, Красногорск, Подмосковный бульвар, 2, подъезд 5",37.365307,55.819191,ODEZHDA,,0
42308,RC,Бокс для приёма одежды «Не просто вещь»,"Москва, Митинская улица, 17",37.367697,55.84239799999999,ODEZHDA,,0
42309,RC,Бокс для приёма одежды «Не просто вещь»,"Москва, Митинская улица, 20",37.37122599999999,55.842734999999976,ODEZHDA,,0
42310,RC,Бокс для приёма одежды «Не просто вещь»,"Московская область, Химки, микрорайон Новогорск, Заречная улица, 1",37.371479,55.894580999999995,ODEZHDA,,0
42311,RC,Бокс для приёма одежды «Не просто вещь»,"Москва, Новомосковский административный округ, Филимонковский район, Московский, микрорайон Град Московский, Радужная улица, 13к4",37.37446099999999,55.590038,ODEZHDA,,0
42312,RC,Бокс для приёма одежды «Не просто вещь»,"Москва, Митинская улица, 12",37.37784,55.841587000000004,ODEZHDA,,0
42313,RC,Бокс для приёма одежды «Не просто вещь»,"Москва, Рублёвское шоссе, 70к7",37.378099,55.770901999999985,ODEZHDA,,0
42314,RC,Бокс для приёма одежды «Не просто вещь»,"Москва, Ленинградское шоссе, 228к3",37.38155799999999,55.932590999999995,ODEZHDA,,0
42315,RC,Бокс для приёма одежды «Не просто вещь»,"Москва, Ленинградское шоссе, 228к4",37.38383499999999,55.932907,ODEZHDA,,0
42316,RC,Бокс для приёма одежды «Не просто вещь»,"Москва, улица Производственная 12к1",37.388249,55.64414899999999,ODEZHDA,,0
42317,RC,Бокс для приёма одежды «Не просто вещь»,"Московская область, городской округ Красногорск, деревня Путилково, Сходненская улица, 10к3",37.3902,55.872496,ODEZHDA,,0
42318,RC,Бокс для приёма одежды «Не просто вещь»,"Москва, Производственная улица, 12к2",37.391107,55.643058,ODEZHDA,,0
42319,RC,Бокс для приёма одежды «Не просто вещь»,"Московская область, Химки, Молодёжная улица, 74",37.39227799999999,55.908896999999996,ODEZHDA,,0
42320,RC,Бокс для приёма одежды «Не просто вещь»,"Московская область, городской округ Красногорск, деревня Путилково, Сходненская улица, 27",37.392821,55.873476999999994,ODEZHDA,,0
42321,RC,Бокс для приёма одежды «Не просто вещь»,"Москва, Куркинское шоссе, 17",37.39383699999999,55.885277999999985,ODEZHDA,,0
42322,RC,Бокс для приёма одежды «Не просто вещь»,"Москва, Беловежская улица, 37к1",37.394257,55.711895999999996,ODEZHDA,,0
42323,RC,Бокс для приёма одежды «Не просто вещь»,"Московская область, городской округ Красногорск, деревня Путилково, Новотушинская улица, 1",37.395862,55.86662999999999,ODEZHDA,,0
42324,RC,Бокс для приёма одежды «Не просто вещь»,"Россия, Московская область, Химки, микрорайон ИКЕА, 4",37.39637799999999,55.91175299999999,ODEZHDA,,0
42325,RC,Бокс для приёма одежды «Не просто вещь»,"Москва, Солнцевский проспект, 1",37.396614,55.65181100000001,ODEZHDA,,0
42326,RC,Бокс для приёма одежды «Не просто вещь»,"Москва, улица Академика Павлова, 9к1",37.397465,55.74255599999999,ODEZHDA,,0
42327,RC,Бокс для приёма одежды «Не просто вещь»,"Москва, Беловежская улица, 13",37.398123,55.71283199999999,ODEZHDA,,0
42328,RC,Бокс для приёма одежды «Не просто вещь»,"Москва, улица Твардовского, 12к2",37.398636,55.792940000000016,ODEZHDA,,0
42330,RC,Бокс для приёма одежды «Не просто вещь»,"Москва, улица Василия Петушкова, 17",37.399578,55.83968900000001,ODEZHDA,,0
42331,RC,Бокс для приёма одежды «Не просто вещь»,"Москва, улица Василия Петушкова, 15",37.400235,55.83843499999998,ODEZHDA,,0
42332,RC,Бокс для приёма одежды «Не просто вещь»,"Москва, Сколковское шоссе, 22к1",37.40048,55.70887200000001,ODEZHDA,,0
42333,RC,Бокс для приёма одежды «Не просто вещь»,"Москва, улица Соловьиная Роща, 8",37.40061399999999,55.89173,ODEZHDA,,0
42334,RC,Бокс для приёма одежды «Не просто вещь»,"Московская область, Химки, улица Марии Рубцовой, 7",37.402012,55.90670699999997,ODEZHDA,,0
42335,RC,Бокс для приёма одежды «Не просто вещь»,"Московская область, городской округ Красногорск, деревня Путилково, Новотушинская улица, 5",37.40285099999999,55.871985999999985,ODEZHDA,,0
42336,RC,Бокс для приёма одежды «Не просто вещь»,"Москва, улица Твардовского, 23к3",37.40518599999999,55.795832000000004,ODEZHDA,,0
42337,RC,Бокс для приёма одежды «Не просто вещь»,"Москва, Осенний бульвар, 7к2",37.40586499999999,55.75832199999999,ODEZHDA,,0
42338,RC,Бокс для приёма одежды «Не просто вещь»,"Москва, улица Академика Павлова, 28",37.40635799999999,55.74673799999999,ODEZHDA,,0
42339,RC,Бокс для приёма одежды «Не просто вещь»,"Москва, улица Главмосстроя, 5",37.406986,55.65285799999999,ODEZHDA,,0
42340,RC,Бокс для приёма одежды «Не просто вещь»,"Московская область, Химки, Молодёжная улица, 36А",37.407253,55.88988099999999,ODEZHDA,,0
42341,RC,Бокс для приёма одежды «Не просто вещь»,"Московская область, Химки, проспект Мельникова, 4с1",37.407689999999995,55.90247999999999,ODEZHDA,,0
42342,RC,Бокс для приёма одежды «Не просто вещь»,"Москва, поселение Московский, Саларьевская улица, 16к5",37.407907,55.61905899999999,ODEZHDA,,0
42343,RC,Бокс для приёма одежды «Не просто вещь»,"Москва, Волынская улица, 10к2",37.40905000000001,55.64323900000001,ODEZHDA,,0
42344,RC,Бокс для приёма одежды «Не просто вещь»,"Москва, улица Академика Павлова, 50",37.409233,55.746696,ODEZHDA,,0
42345,RC,Бокс для приёма одежды «Не просто вещь»,"Московская область, Химки, улица Германа Титова, 1",37.409567,55.916108,ODEZHDA,,0
42346,RC,Бокс для приёма одежды «Не просто вещь»,"Московская область, Химки, улица Германа Титова, 4",37.41042999999999,55.91662800000001,ODEZHDA,,0
42347,RC,Бокс для приёма одежды «Не просто вещь»,"Москва, улица Ивана Франко 40, строение 2",37.411125999999996,55.72849399999998,ODEZHDA,,0
42348,RC,Бокс для приёма одежды «Не просто вещь»,"Московская область, Химки, улица 9 Мая, 18Б",37.41173199999999,55.903682,ODEZHDA,,0
42349,RC,Бокс для приёма одежды «Не просто вещь»,"Московская область, Химки, Юбилейный проспект, 66А",37.412197,55.892412999999976,ODEZHDA,,0
42350,RC,Бокс для приёма одежды «Не просто вещь»,"Московская область, Химки, улица Строителей, 4В",37.412289,55.88669500000001,ODEZHDA,,0
42351,RC,Бокс для приёма одежды «Не просто вещь»,"Московская область, Химки, улица 9 Мая, 12А",37.412442,55.90376599999998,ODEZHDA,,0
42352,RC,Бокс для приёма одежды «Не просто вещь»,"Москва, поселение Сосенское, улица Малое Понизовье, 8к1",37.412864,55.602383,ODEZHDA,,0
42353,RC,Бокс для приёма одежды «Не просто вещь»,"Москва, поселение Сосенское, Красулинская улица, 15",37.41291,55.60467799999998,ODEZHDA,,0
42354,RC,Бокс для приёма одежды «Не просто вещь»,"Московская область, Химки, Юбилейный проспект, 82А",37.412935999999995,55.89728599999999,ODEZHDA,,0
42356,RC,Бокс для приёма одежды «Не просто вещь»,"Москва, Новомосковский административный округ, район Коммунарка, Красулинская улица, 22",37.413017,55.60721399999999,ODEZHDA,,0
42357,RC,Бокс для приёма одежды «Не просто вещь»,"Московская область, Химки, улица Германа Титова, 10А",37.413528,55.91815600000001,ODEZHDA,,0
42358,RC,Бокс для приёма одежды «Не просто вещь»,"Москва, улица Саларьевская 10к1",37.414376999999995,55.61892299999999,ODEZHDA,,0
42359,RC,Бокс для приёма одежды «Не просто вещь»,"Московская Область, Химки, проспект Юбилейный 60",37.41494300000001,55.88852299999999,ODEZHDA,,0
42360,RC,Бокс для приёма одежды «Не просто вещь»,"Московская область, Химки, улица Бабакина, 15",37.41755899999999,55.87853799999999,ODEZHDA,,0
42361,RC,Бокс для приёма одежды «Не просто вещь»,"Московская область, Химки, Молодёжная улица, 7к1",37.417931,55.881130999999996,ODEZHDA,,0
42363,RC,Бокс для приёма одежды «Не просто вещь»,"Москва, улица Крылатские Холмы, 37",37.419063,55.760374999999996,ODEZHDA,,0
42364,RC,Бокс для приёма одежды «Не просто вещь»,"Москва, бульвар Яна Райниса, 29",37.421274,55.84824999999998,ODEZHDA,,0
42365,RC,Бокс для приёма одежды «Не просто вещь»,"Москва, Туристская улица, 19к1",37.421489,55.852261999999996,ODEZHDA,,0
42366,RC,Бокс для приёма одежды «Не просто вещь»,"Москва, Туристская улица, 20к1",37.421778999999994,55.85633300000001,ODEZHDA,,0
42367,RC,Бокс для приёма одежды «Не просто вещь»,"Московская область, Химки, улица Лавочкина, 13к1",37.421879,55.89152999999999,ODEZHDA,,0
42368,RC,Бокс для приёма одежды «Не просто вещь»,"Москва, Рублёвское шоссе, 101",37.422368,55.74254,ODEZHDA,,0
42369,RC,Бокс для приёма одежды «Не просто вещь»,"Московская область, Химки, Юбилейный проспект, 22А",37.422431,55.88695800000001,ODEZHDA,,0
42370,RC,Бокс для приёма одежды «Не просто вещь»,"Москва, Чкаловский бульвар, 6",37.422988,55.81613599999999,ODEZHDA,,0
42371,RC,Бокс для приёма одежды «Не просто вещь»,"Московская область, Химки, Юбилейный проспект, 1к2",37.424713,55.88555900000001,ODEZHDA,,0
42372,RC,Бокс для приёма одежды «Не просто вещь»,"Москва, Рябиновая улица, 3к1",37.424829,55.718873999999985,ODEZHDA,,0
42373,RC,Бокс для приёма одежды «Не просто вещь»,"Москва, Полоцкая улица, 2",37.42503599999999,55.728408,ODEZHDA,,0
42374,RC,Бокс для приёма одежды «Не просто вещь»,"Москва, улица Гвардейская 14",37.42522499999999,55.72414499999999,ODEZHDA,,0
42375,RC,Бокс для приёма одежды «Не просто вещь»,"Москва, улица Вилиса Лациса, 15",37.42617499999999,55.86319300000001,ODEZHDA,,0
42376,RC,Бокс для приёма одежды «Не просто вещь»,"Москва, бульвар Яна Райниса, 23",37.42648899999999,55.848722999999985,ODEZHDA,,0
42377,RC,Бокс для приёма одежды «Не просто вещь»,"Московская область, Химки, улица Панфилова, 4",37.427443999999994,55.88393400000002,ODEZHDA,,0
42378,RC,Бокс для приёма одежды «Не просто вещь»,"Москва, Рублёвское шоссе 91, корпус 2",37.42765299999999,55.74025400000001,ODEZHDA,,0
42379,RC,Бокс для приёма одежды «Не просто вещь»,"Москва, улица Героев Панфиловцев, 12к1",37.429615,55.858717,ODEZHDA,,0
42380,RC,Бокс для приёма одежды «Не просто вещь»,"Москва, 2-й переулок Петра Алексеева, 5",37.429874999999996,55.71807199999999,ODEZHDA,,0
42381,RC,Бокс для приема одежды «Не просто вещь»,"Москва, улица Истринская 5",37.430587,55.73713499999998,ODEZHDA,,0
42382,RC,Бокс для приёма одежды «Не просто вещь»,"Москва, улица Коцюбинского 10",37.430785,55.73058900000001,ODEZHDA,,0
42383,RC,Бокс для приёма одежды «Не просто вещь»,"Москва, Волоколамское шоссе, 71к4",37.432231,55.81740899999999,ODEZHDA,,0
42384,RC,Бокс для приёма одежды «Не просто вещь»,"Московская область, Химки,  микрорайон Клязьма-Старбеево, квартал Вашутино, 26М",37.433066999999994,55.925727999999985,ODEZHDA,,0
42385,RC,Бокс для приёма одежды «Не просто вещь»,"Московская область, Химки, Ленинградская улица, 19А",37.433472,55.89213799999998,ODEZHDA,,0
42386,RC,Бокс для приёма одежды «Не просто вещь»,"Московская область, Химки, улица Горшина, 9к2",37.435061,55.884325,ODEZHDA,,0
42387,RC,Бокс для приёма одежды «Не просто вещь»,"Московская область, Химки, Ленинградская улица, 16",37.437658,55.888780999999994,ODEZHDA,,0
42388,RC,Бокс для приёма одежды «Не просто вещь»,"Московская область, Химки, улица Энгельса, 17",37.438352,55.89319199999998,ODEZHDA,,0
42389,RC,Бокс для приёма одежды «Не просто вещь»,"Московская область, Химки, квартал Клязьма, улица Лётчика Ивана Фёдорова, 2к2",37.441373,55.95749200000001,ODEZHDA,,0
42390,RC,Бокс для приема одежды «Не просто вещь»,"Москва, поселение Сосенское, улица Сальвадора Дали, 1к2",37.443765,55.58899300000001,ODEZHDA,,0
42391,RC,Бокс для приёма одежды «Не просто вещь»,"Москва, Можайское шоссе, 4к1",37.444009,55.72315899999998,ODEZHDA,,0
42392,RC,Бокс для приема одежды «Не просто вещь»,"Москва, Новомосковский административный округ, район Коммунарка, Севильский бульвар, 3",37.445383,55.58920299999998,ODEZHDA,,0
42393,RC,Бокс для приёма одежды «Не просто вещь»,"Московская область, Химки, Озёрная улица, с1",37.445733999999995,55.92212099999998,ODEZHDA,,0
42394,RC,Бокс для приёма одежды «Не просто вещь»,"Московская область, Химки, улица Гоголя, 9",37.446255,55.89864900000001,ODEZHDA,,0
42395,RC,Бокс для приема одежды «Не просто вещь»,"Москва, Озёрная улица, 42",37.44630800000001,55.671382,ODEZHDA,,0
42396,RC,Бокс для приёма одежды «Не просто вещь»,"Московская область, Химки, улица Гоголя, 9",37.446542,55.89859799999998,ODEZHDA,,0
42397,RC,Бокс для приема одежды «Не просто вещь»,"Москва, поселение Сосенское, проспект Магеллана, 2",37.447228,55.59103399999999,ODEZHDA,,0
42398,RC,Бокс для приёма одежды «Не просто вещь»,"Москва, Химкинский бул., 14, корп. 1",37.44751999999999,55.852585,ODEZHDA,,0
42399,RC,Бокс для приема одежды «Не просто вещь»,"Москва, улица Циолковского, 7",37.448218000000004,55.82859099999998,ODEZHDA,,0
42400,RC,Бокс для приёма одежды «Не просто вещь»,"Московская область, Химки, проспект Мира, 4",37.450138,55.896589,ODEZHDA,,0
42402,RC,Бокс для приёма одежды «Не просто вещь»,"Московская область, Химки, проспект Мира, 6",37.451177,55.896665000000006,ODEZHDA,,0
42403,RC,Бокс для приёма одежды «Не просто вещь»,"Московская область, Химки, улица Зои Космодемьянской, 4",37.451323,55.884047,ODEZHDA,,0
42404,RC,Бокс для приёма одежды «Не просто вещь»,"Москва, Новомосковский административный округ, район Коммунарка, проспект Куприна, 40к2",37.451887,55.539884,ODEZHDA,,0
42405,RC,Бокс для приёма одежды «Не просто вещь»,"Московская область, Химки, улица 8 Марта, 8А",37.453466,55.905621,ODEZHDA,,0
42406,RC,Бокс для приёма одежды «Не просто вещь»,"Москва, Малая Филёвская улица, 38",37.454502999999995,55.73452299999998,ODEZHDA,,0
42407,RC,Бокс для приема одежды «Не просто вещь»,"Москва, поселение Сосенское, бульвар Веласкеса, 2",37.455714,55.591538,ODEZHDA,,0
42408,RC,Бокс для приёма одежды «Не просто вещь»,"Москва, поселение Мосрентген, 5с5",37.45600999999999,55.63260599999999,ODEZHDA,,0
42409,RC,Бокс для приёма одежды «Не просто вещь»,"Москва, поселение Сосенское, проспект Куприна, 32к2",37.457204999999995,55.540373,ODEZHDA,,0
42410,RC,Бокс для приёма одежды «Не просто вещь»,"Москва, Большая Набережная улица, 25/1",37.458937999999996,55.834221,ODEZHDA,,0
42411,RC,Бокс для приёма одежды «Не просто вещь»,"Московская область, Химки, улица Кудрявцева, 1",37.459115999999995,55.898646,ODEZHDA,,0
42412,RC,Бокс для приёма одежды «Не просто вещь»,"Москва, Лодочная улица, 29с1",37.463713999999996,55.837864999999994,ODEZHDA,,0
42414,RC,Бокс для приёма одежды «Не просто вещь»,"Московская область, Химки, улица Кудрявцева, 14",37.466143,55.89606,ODEZHDA,,0
42415,RC,Бокс для приема одежды «Не просто вещь»,"Москва, улица Максимова, 14",37.467015,55.798413999999994,ODEZHDA,,0
42416,RC,Бокс для приёма одежды «Не просто вещь»,"Московская область, Химки, Ленинский проспект, 22",37.468194999999994,55.90535599999999,ODEZHDA,,0
42417,RC,Бокс для приема одежды «Не просто вещь»,"Москва, Волоколамское шоссе, 45",37.468782,55.81410799999999,ODEZHDA,,0
42418,RC,Бокс для приёма одежды «Не просто вещь»,"Московская область, Химки, квартал Старбеево, Спортивная улица, 3А",37.471498,55.91676400000001,ODEZHDA,,0
42419,RC,Бокс для приёма одежды «Не просто вещь»,"Москва, Тарутинская улица, 4к2",37.471878,55.73308,ODEZHDA,,0
42420,RC,Бокс для приёма одежды «Не просто вещь»,"Московская область, Химки, Совхозная улица, 17к2",37.472753,55.899038999999995,ODEZHDA,,0
42421,RC,Бокс для приёма одежды «Не просто вещь»,"Московская область, Химки, микрорайон Клязьма-Старбеево, квартал Международный, Загородная улица, 2",37.474044,55.939124,ODEZHDA,,0
42422,RC,Бокс для приёма одежды «Не просто вещь»,"Москва, поселение Мосрентген, Новомихайловское шоссе, 1к3",37.474549,55.606224999999995,ODEZHDA,,0
42424,RC,Бокс для приёма одежды «Не просто вещь»,"Московская область, Химки, Зелёная улица, 13",37.476532,55.888282000000004,ODEZHDA,,0
42427,RC,Бокс для приёма одежды «Не просто вещь»,"Московская область, Химки, микрорайон Клязьма-Старбеево, квартал Ивакино, 33А",37.477953,55.955421000000015,ODEZHDA,,0
42428,RC,Бокс для приёма одежды «Не просто вещь»,"Московская область, Химки, улица Совхозная улица 16",37.478299,55.90191399999999,ODEZHDA,,0
42430,RC,Бокс для приема одежды «Не просто вещь»,"Москва, Новомосковский административный округ, посёлок Коммунарка, улица Александры Монаховой, 23",37.479034,55.569602,ODEZHDA,,0
42434,RC,Бокс для приёма одежды «Не просто вещь»,"Москва, Новомосковский административный округ, посёлок Коммунарка, улица Александры Монаховой, 94к2",37.482881,55.542677999999995,ODEZHDA,,0
42435,RC,Бокс для приёма одежды «Не просто вещь»,"Московская область, Химки, Совхозная улица, 8А",37.48338999999999,55.89858099999999,ODEZHDA,,0
42436,RC,Бокс для приема одежды «Не просто вещь»,"Москва, улица Расплетина, 22к2",37.484649,55.794066999999984,ODEZHDA,,0
42439,RC,Бокс для приёма одежды «Не просто вещь»,"Москва, улица Олеко Дундича, 27",37.48587,55.738536,ODEZHDA,,0
42440,RC,Бокс для приема одежды «Не просто вещь»,"Москва, улица Демьяна Бедного, 1к1",37.48622099999999,55.771064,ODEZHDA,,0
42441,RC,Бокс для приёма одежды «Не просто вещь»,"Московская область, Долгопрудный, улица Парковая 44к1",37.48628399999999,55.951012999999975,ODEZHDA,,0
42442,RC,Бокс для приёма одежды «Не просто вещь»,"Московская область, Долгопрудный Гранитный тупик 2",37.48767599999999,55.944532999999986,ODEZHDA,,0
42444,RC,Бокс для приема одежды «Не просто вещь»,"Москва, Новомосковский административный округ, посёлок Коммунарка, улица Липовый Парк, 5к1",37.489278999999996,55.56984999999999,ODEZHDA,,0
42445,RC,Бокс для приёма одежды «Не просто вещь»,"Москва, улица Генерала Тюленева, 29А",37.489436999999995,55.61722999999999,ODEZHDA,,0
42446,RC,Бокс для приёма одежды «Не просто вещь»,"Москва, посёлок Коммунарка, улица Александры Монаховой, 87к5",37.48945499999999,55.549725,ODEZHDA,,0
42447,RC,Бокс для приёма одежды «Не просто вещь»,"Москва, Кастанаевская улица, 26",37.489632,55.73813499999999,ODEZHDA,,0
42448,RC,Бокс для приёма одежды «Не просто вещь»,"Москва, Кронштадтский бульвар, 9к3",37.489859,55.842918999999995,ODEZHDA,,0
42449,RC,Бокс для приема одежды «Не просто вещь»,"Москва, 1-й Волоколамский проезд, 10с1",37.490046,55.80432599999999,ODEZHDA,,0
42450,RC,Бокс для приема одежды «Не просто вещь»,"Москва, Новомосковский административный округ, посёлок Коммунарка, улица Липовый Парк, 7к2",37.490087,55.56752599999998,ODEZHDA,,0
42451,RC,Бокс для приема одежды «Не просто вещь»,"Москва, улица Маршала Конева, 5",37.49084,55.798254,ODEZHDA,,0
42452,RC,Бокс для приёма одежды «Не просто вещь»,"Россия, Москва, Новомосковский административный округ, район Коммунарка, Калужское шоссе, 21-й километр, 3Асоор4",37.49273199999999,55.602904,ODEZHDA,,0
42453,RC,Бокс для приема одежды «Не просто вещь»,"Москва, Новомосковский административный округ, посёлок Коммунарка, улица Липовый Парк, 4к3",37.491892,55.57099999999999,ODEZHDA,,0
42454,RC,Бокс для приёма одежды «Не просто вещь»,"Московская область, Долгопрудный Лихачёвское шоссе 14к1",37.492078,55.947618,ODEZHDA,,0
42455,RC,Бокс для приема одежды «Не просто вещь»,"Москва, улица Мнёвники, 10к1",37.49218,55.773703,ODEZHDA,,0
42456,RC,Бокс для приёма одежды «Не просто вещь»,"Москва, Новомосковский административный округ, район Коммунарка, улица Александры Монаховой, 105к1",37.495204,55.540817,ODEZHDA,,0
42460,RC,Бокс для приема одежды «Не просто вещь»,"Москва, поселение Сосенское, Скандинавский бульвар, 1к3",37.496341,55.569652999999974,ODEZHDA,,0
42461,RC,Бокс для приёма одежды «Не просто вещь»,"Москва, Головинское шоссе, 10Б",37.497288,55.837650000000004,ODEZHDA,,0
42462,RC,Бокс для приема одежды «Не просто вещь»,"Москва, улица Мнёвники, 5",37.497854,55.77220699999999,ODEZHDA,,0
42463,RC,Бокс для приёма одежды «Не просто вещь»,"Москва, Ленинградское шоссе, 9к2",37.497944,55.81594400000001,ODEZHDA,,0
42465,RC,Бокс для приема одежды «Не просто вещь»,"Москва, улица Маршала Бирюзова, 3",37.498671,55.790378000000004,ODEZHDA,,0
42466,RC,Бокс для приёма одежды «Не просто вещь»,"Москва, Ленинградское шоссе, 8к2",37.50027,55.81711199999999,ODEZHDA,,0
42467,RC,Бокс для приёма одежды «Не просто вещь»,"Москва, 3-я Филёвская улица, 8к4",37.500389,55.739357999999996,ODEZHDA,,0
42468,RC,Бокс для приёма одежды «Не просто вещь»,"Москва, Смольная улица, 2",37.50092599999999,55.844757999999985,ODEZHDA,,0
42469,RC,Бокс для приёма одежды «Не просто вещь»,"Москва, Мичуринский проспект, 39",37.503019,55.691870999999985,ODEZHDA,,0
42470,RC,Бокс для приёма одежды «Не просто вещь»,"Московская область, Долгопрудный, проспект Ракетостроителей, 7к1",37.503524,55.93330200000001,ODEZHDA,,0
42471,RC,Бокс для приёма одежды «Не просто вещь»,"Москва, Новомосковский административный округ, район Коммунарка, проспект Куприна, 1к2",37.503703,55.558328,ODEZHDA,,0
42472,RC,Бокс для приёма одежды «Не просто вещь»,"Москва, Мичуринский проспект, 29к1",37.503759,55.693217,ODEZHDA,,0
42473,RC,Бокс для приёма одежды «Не просто вещь»,"Московская область, Долгопрудный, проспект Ракетостроителей 9к3",37.504473999999995,55.935022,ODEZHDA,,0
42474,RC,Бокс для приема одежды «Не просто вещь»,"Москва, улица Алабяна, 13к1",37.504947,55.79967200000001,ODEZHDA,,0
42475,RC,Бокс для приёма одежды «Не просто вещь»,"Москва, улица Адмирала Лазарева, 63к3",37.505718,55.536633,ODEZHDA,,0
42476,RC,Бокс для приёма одежды «Не просто вещь»,"Москва, Профсоюзная улица, 152к1",37.505894,55.62231399999998,ODEZHDA,,0
42477,RC,Бокс для приёма одежды «Не просто вещь»,"Москва, Базовская улица, 15Бк4",37.506056,55.88080400000001,ODEZHDA,,0
42478,RC,Бокс для приёма одежды «Не просто вещь»,"Москва, улица Адмирала Лазарева, 68",37.507186999999995,55.53842699999999,ODEZHDA,,0
42479,RC,Бокс для приёма одежды «Не просто вещь»,"Москва, поселение Сосенское, жилой комплекс Скандинавия, улица Эдварда Грига, 17",37.50868799999999,55.555628999999996,ODEZHDA,,0
42480,RC,Бокс для приёма одежды «Не просто вещь»,"Москва, Новомосковский административный округ, посёлок Коммунарка, улица Потаповская Роща, 24к2",37.50910199999999,55.550923999999995,ODEZHDA,,0
42481,RC,Бокс для приёма одежды «Не просто вещь»,"Московская область, Долгопрудный, Московское шоссе, 59к1",37.510682,55.950281999999994,ODEZHDA,,0
42482,RC,Бокс для приёма одежды «Не просто вещь»,"Москва, улица Академика Семёнова, 3",37.51151,55.543601999999986,ODEZHDA,,0
42483,RC,Бокс для приёма одежды «Не просто вещь»,"Москва, улица Островитянова, 21",37.512475,55.63749899999999,ODEZHDA,,0
42484,RC,Бокс для приёма одежды «Не просто вещь»,"Москва, поселение Сосенское, Скандинавский бульвар, 23к1",37.512753,55.55412299999999,ODEZHDA,,0
42486,RC,Бокс для приёма одежды «Не просто вещь»,"Москва, улица Обручева, 3",37.513233,55.66129299999999,ODEZHDA,,0
42489,RC,Бокс для приёма одежды «Не просто вещь»,"Москва, Базовская 20к2",37.515012,55.878096999999975,ODEZHDA,,0
42490,RC,Бокс для приёма одежды «Не просто вещь»,"Москва, Чечёрский проезд, 102А",37.516907,55.529944999999984,ODEZHDA,,0
42492,RC,Бокс для приёма одежды «Не просто вещь»,"Московская область, Долгопрудный, Комсомольская улица, 2",37.520123999999996,55.938038000000006,ODEZHDA,,0
42493,RC,Бокс для приёма одежды «Не просто вещь»,"Москва, Новоясеневский проспект, 16к1",37.52132699999999,55.608134,ODEZHDA,,0
42494,RC,Бокс для приёма одежды «Не просто вещь»,"Москва, улица Марии Ульяновой, 16",37.521803,55.68311199999997,ODEZHDA,,0
42495,RC,Бокс для приема одежды «Не просто вещь»,"Москва, Новомосковский административный округ, район Щербинка, Остафьевское шоссе, 12к1",37.522054,55.50188099999998,ODEZHDA,,0
42498,RC,Бокс для приёма одежды «Не просто вещь»,"Москва, 1-я улица Машиностроения, 2/7к2",37.522477,55.66295799999998,ODEZHDA,,0
42499,RC,Бокс для приёма одежды «Не просто вещь»,"Москва, Профсоюзная улица, 104",37.523465,55.641920000000006,ODEZHDA,,0
42500,RC,Бокс для приёма одежды «Не просто вещь»,"Москва, улица Островитянова, 34к1",37.525082,55.632576,ODEZHDA,,0
42502,RC,Бокс для приёма одежды «Не просто вещь»,"Москва, Долгопрудная аллея 14к4",37.526361,55.94221799999999,ODEZHDA,,0
42503,RC,Бокс для приёма одежды «Не просто вещь»,"Москва, Ангарская улица, 51к2",37.527201,55.882284,ODEZHDA,,0
42504,RC,Бокс для приёма одежды «Не просто вещь»,"Москва, проезд Черепановых, 32",37.529151,55.841315999999985,ODEZHDA,,0
42505,RC,Бокс для приёма одежды «Не просто вещь»,"Москва, Ленинский проспект, 91",37.529788999999994,55.676651000000014,ODEZHDA,,0
42507,RC,Бокс для приёма одежды «Не просто вещь»,"Москва, улица Клязьминская 28А",37.530111999999995,55.893006,ODEZHDA,,0
42508,RC,Бокс для приёма одежды «Не просто вещь»,"Москва, улица Архитектора Власова, 71к2",37.531404,55.658128999999995,ODEZHDA,,0
42509,RC,Бокс для приема одежды «Не просто вещь»,"Россия, Москва, Ходынский бульвар, 4",37.533707,55.789989999999996,ODEZHDA,,0
42511,RC,Бокс для приёма одежды «Не просто вещь»,"Москва, улица Адмирала Лазарева, 22",37.532484000000004,55.54736499999999,ODEZHDA,,0
42513,RC,Бокс для приёма одежды «Не просто вещь»,"Москва, Новоясеневский проспект, 9",37.535012,55.608606,ODEZHDA,,0
42514,RC,Бокс для приёма одежды «Не просто вещь»,"Москва, Большая Академическая улица, 47к1",37.535688,55.835299,ODEZHDA,,0
42516,RC,Бокс для приёма одежды «Не просто вещь»,"Москва, Карельский бульвар, 4А",37.536199,55.89193800000001,ODEZHDA,,0
42518,RC,Бокс для приёма одежды «Не просто вещь»,"Москва, улица Островитянова, 43",37.537915999999996,55.633213,ODEZHDA,,0
42519,RC,Бокс для приёма одежды «Не просто вещь»,"Москва, улица Адмирала Лазарева, 11",37.538717,55.54496699999999,ODEZHDA,,0
42520,RC,Бокс для приёма одежды «Не просто вещь»,"Москва, Литовский бульвар, 7",37.538799,55.613773,ODEZHDA,,0
42521,RC,Бокс для приёма одежды «Не просто вещь»,"Москва, Дмитровское шоссе, 107Ак3",37.538836,55.878237,ODEZHDA,,0
42522,RC,Бокс для приёма одежды «Не просто вещь»,"Москва, Дмитровское шоссе, 107к4",37.539176,55.87972599999999,ODEZHDA,,0
42524,RC,Бокс для приёма одежды «Не просто вещь»,"Москва, Южнобутовская улица, 8",37.540293,55.544118,ODEZHDA,,0
42525,RC,Бокс для приёма одежды «Не просто вещь»,"Москва, Дмитровское шоссе, 169к6",37.540321,55.92911200000001,ODEZHDA,,0
42526,RC,Бокс для приёма одежды «Не просто вещь»,"Москва, Дегунинская улица, 2к2",37.541101,55.86332699999998,ODEZHDA,,0
42528,RC,Бокс для приёма одежды «Не просто вещь»,"Москва, Дмитровское шоссе, 149",37.54189699999999,55.894026999999994,ODEZHDA,,0
42529,RC,Бокс для приёма одежды «Не просто вещь»,"Москва, Ильменский проезд, 14к8",37.542689,55.862378,ODEZHDA,,0
42532,RC,Бокс для приёма одежды «Не просто вещь»,"Москва, улица Вавилова, 81",37.54731499999999,55.68001,ODEZHDA,,0
42533,RC,Бокс для приёма одежды «Не просто вещь»,"Москва, Челобитьевское шоссе, 2к1",37.54739599999999,55.91456899999999,ODEZHDA,,0
42534,RC,Бокс для приёма одежды «Не просто вещь»,"Москва, Ленинский проспект, 66",37.54779899999999,55.69048899999999,ODEZHDA,,0
42535,RC,Бокс для приёма одежды «Не просто вещь»,"Москва, Дмитровское шоссе, 94к1",37.548964,55.874722,ODEZHDA,,0
42536,RC,Бокс для приема одежды «Не просто вещь»,"Москва, 4-я улица 8 Марта, 4к2",37.549085,55.802983,ODEZHDA,,0
42538,RC,Бокс для приёма одежды «Не просто вещь»,"Москва, Дмитровское шоссе, 124А",37.549763,55.92435899999999,ODEZHDA,,0
42540,RC,Бокс для приёма одежды «Не просто вещь»,"Москва, Ленинградский проспект, 35с1",37.55196,55.78946400000001,ODEZHDA,,0
42541,RC,Бокс для приёма одежды «Не просто вещь»,"Москва, Рогачёвский переулок, 4к1",37.553137,55.86774299999999,ODEZHDA,,0
42542,RC,Бокс для приёма одежды «Не просто вещь»,"Москва, улица Поляны, 5",37.554398,55.55696799999999,ODEZHDA,,0
42544,RC,Бокс для приёма одежды «Не просто вещь»,"Москва, бульвар Академика Ландау, 5к1",37.555436,55.92083,ODEZHDA,,0
42545,RC,Бокс для приёма одежды «Не просто вещь»,"Москва, улица Рокотова, 1А",37.555582,55.611307,ODEZHDA,,0
42546,RC,Бокс для приёма одежды «Не просто вещь»,"Москва, Дмитровское шоссе, 73Б",37.55559199999999,55.85641099999998,ODEZHDA,,0
42547,RC,Бокс для приема одежды «Не просто вещь»,"Москва, улица Поляны, 5Ак1",37.555598,55.55578700000001,ODEZHDA,,0
42548,RC,Бокс для приёма одежды «Не просто вещь»,"Москва, Челобитьевское шоссе, 10к3",37.556178,55.913099999999986,ODEZHDA,,0
42549,RC,Бокс для приёма одежды «Не просто вещь»,"Москва, улица Поляны, 8",37.556322,55.56548400000001,ODEZHDA,,0
42550,RC,Бокс для приема одежды «Не просто вещь»,"Москва, улица Поляны, 5Ак4",37.557582,55.555178999999995,ODEZHDA,,0
42551,RC,Бокс для приёма одежды «Не просто вещь»,"Москва,  улица Вавилова, 52к1",37.55782500000001,55.68954200000001,ODEZHDA,,0
42552,RC,Бокс для приёма одежды «Не просто вещь»,"Москва, улица Вучетича, 22",37.558071,55.81160399999998,ODEZHDA,,0
42553,RC,Бокс для приема одежды «Не просто вещь»,"Москва, Ленинградский проспект, 29к3",37.561208,55.784264999999984,ODEZHDA,,0
42554,RC,Бокс для приёма одежды «Не просто вещь»,"Москва, Херсонская Улица 20к2",37.564787,55.65298399999998,ODEZHDA,,0
42555,RC,Бокс для приёма одежды «Не просто вещь»,"Москва, Изюмская улица, 57к2",37.564815,55.543043,ODEZHDA,,0
42556,RC,Бокс для приёма одежды «Не просто вещь»,"Москва, Украинский бульвар, 8с1",37.565613,55.746786,ODEZHDA,,0
42557,RC,Бокс для приёма одежды «Не просто вещь»,"Москва, Изюмская улица, 49к1",37.566376999999996,55.545727,ODEZHDA,,0
42559,RC,Бокс для приёма одежды «Не просто вещь»,"Москва, Изюмская улица, 45",37.567205,55.548069999999996,ODEZHDA,,0
42560,RC,Бокс для приёма одежды «Не просто вещь»,"Москва, Изюмская улица, 47к2",37.567223,55.54707399999998,ODEZHDA,,0
42561,RC,Бокс для приёма одежды «Не просто вещь»,"Москва, Новомосковский административный округ, Щербинка, Спортивная улица, 7",37.567972999999995,55.50238099999999,ODEZHDA,,0
42562,RC,Бокс для приема одежды «Не просто вещь»,"Москва, Петровско-Разумовский проезд, 5",37.568793,55.793784999999986,ODEZHDA,,0
42563,RC,Бокс для приёма одежды «Не просто вещь»,"Москва, Дмитровское шоссе, 51к1",37.56913099999999,55.84216,ODEZHDA,,0
42564,RC,Бокс для приёма одежды «Не просто вещь»,"Москва, Дмитровское шоссе, 52к1",37.56940899999999,55.846706,ODEZHDA,,0
42565,RC,Бокс для приёма одежды «Не просто вещь»,"Москва, улица Вавилова 27",37.570492,55.69645799999998,ODEZHDA,,0
42567,RC,Бокс для приёма одежды «Не просто вещь»,"Москва, улица Косыгина, 5",37.571929,55.70677200000001,ODEZHDA,,0
42568,RC,Бокс для приёма одежды «Не просто вещь»,"Москва, улица Грина, 26",37.572283999999996,55.567343000000015,ODEZHDA,,0
42569,RC,Бокс для приёма одежды «Не просто вещь»,"Москва, Варшавское шоссе, 282к2",37.572405,55.517388000000004,ODEZHDA,,0
42570,RC,Бокс для приёма одежды «Не просто вещь»,"Москва, улица Знаменские Садки 3к2",37.572419999999994,55.57066599999998,ODEZHDA,,0
42571,RC,Бокс для приёма одежды «Не просто вещь»,"Москва, Дмитровский проезд, 8",37.573983,55.80945200000001,ODEZHDA,,0
42572,RC,Бокс для приема одежды «Не просто вещь»,"Москва, Башиловская улица, 23к1",37.574206,55.80256099999999,ODEZHDA,,0
42573,RC,Бокс для приёма одежды «Не просто вещь»,"Москва, Абрамцевская улица, 10",37.574753,55.89557399999999,ODEZHDA,,0
42574,RC,Бокс для приёма одежды «Не просто вещь»,"Москва, 1-й Вражский переулок, 4",37.57513699999999,55.739639999999994,ODEZHDA,,0
42575,RC,Бокс для приёма одежды «Не просто вещь»,"Москва, Нововладыкинский проезд, 1к4",37.575351999999995,55.85081299999998,ODEZHDA,,0
42576,RC,Бокс для приёма одежды «Не просто вещь»,"Москва, улица Захарьинские Дворики 1к1",37.576329,55.503334,ODEZHDA,,0
42577,RC,Бокс для приёма одежды «Не просто вещь»,"Москва, Дмитровское шоссе, 7к2",37.57675,55.813700000000004,ODEZHDA,,0
42578,RC,Бокс для приёма одежды «Не просто вещь»,"Москва, улица Зюзинская 6",37.577148,55.666604,ODEZHDA,,0
42579,RC,Бокс для приёма одежды «Не просто вещь»,"Москва, Керченская улица, 20к1",37.577939,55.651399000000005,ODEZHDA,,0
42580,RC,Бокс для приёма одежды «Не просто вещь»,"Москва, Дмитровский проезд, 1",37.578648,55.808938,ODEZHDA,,0
42582,RC,Бокс для приёма одежды «Не просто вещь»,"Москва, 3-я Фрунзенская улица, 10",37.57905499999999,55.721419000000004,ODEZHDA,,0
42583,RC,Бокс для приёма одежды «Не просто вещь»,"Москва, Феодосийская улица, 7/1",37.579294,55.562507999999994,ODEZHDA,,0
42584,RC,Бокс для приёма одежды «Не просто вещь»,"Москва, проспект 60-летия Октября, 17",37.579535,55.695029000000005,ODEZHDA,,0
42585,RC,Бокс для приёма одежды «Не просто вещь»,"Москва, бульвар Дмитрия Донского, 1",37.58011299999999,55.574879,ODEZHDA,,0
42586,RC,Бокс для приёма одежды «Не просто вещь»,"Москва, Болотниковская улица, 51к1",37.580175,55.661836,ODEZHDA,,0
42587,RC,Бокс для приёма одежды «Не просто вещь»,"Москва, Ленинградский проспект, 1",37.58033,55.77741300000002,ODEZHDA,,0
42588,RC,Бокс для приёма одежды «Не просто вещь»,"Москва, улица Вавилова, 17",37.580688,55.70186099999999,ODEZHDA,,0
42589,RC,Бокс для приёма одежды «Не просто вещь»,"Москва, Новочерёмушкинская улица, 23к4",37.580740999999996,55.68053399999999,ODEZHDA,,0
42590,RC,Бокс для приёма одежды «Не просто вещь»,"Москва, улица Шверника, 6к2",37.58160099999999,55.693713999999986,ODEZHDA,,0
42591,RC,Бокс для приёма одежды «Не просто вещь»,"Московская Область, Дрожжино, улица Южная 7",37.582214,55.522329,ODEZHDA,,0
42592,RC,Бокс для приёма одежды «Не просто вещь»,"Москва, Старокачаловская улица, 3к2",37.58306,55.56931699999999,ODEZHDA,,0
42593,RC,Бокс для приёма одежды «Не просто вещь»,"Москва, Бутырская улица, 21",37.58319699999999,55.79873999999998,ODEZHDA,,0
42595,RC,Бокс для приёма одежды «Не просто вещь»,"Московская область, Ленинский городской округ, рабочий посёлок Дрожжино, Новое шоссе, 3к1",37.583652,55.52982799999999,ODEZHDA,,0
42596,RC,Бокс для приёма одежды «Не просто вещь»,"Москва, улица Нижняя Масловка, 5",37.583994,55.79169799999998,ODEZHDA,,0
42597,RC,Бокс для приёма одежды «Не просто вещь»,"Московская область, Ленинский городской округ, рабочий посёлок Дрожжино, Новое шоссе, 5",37.584177999999994,55.52843399999998,ODEZHDA,,0
42598,RC,Бокс для приёма одежды «Не просто вещь»,"Московская область, Ленинский городской округ, рабочий посёлок Дрожжино, Новое шоссе, 5к2",37.584181,55.530291000000005,ODEZHDA,,0
42599,RC,Бокс для приёма одежды «Не просто вещь»,"Москва, улица Руставели, 3к2",37.584235,55.812637,ODEZHDA,,0
42600,RC,Бокс для приёма одежды «Не просто вещь»,"Москва, Смоленская-Сенная площадь, 28",37.584619999999994,55.74416999999999,ODEZHDA,,0
42601,RC,Бокс для приёма одежды «Не просто вещь»,"Москва, Алтуфьевское шоссе, 28",37.585195999999996,55.86472300000001,ODEZHDA,,0
42602,RC,Бокс для приёма одежды «Не просто вещь»,"Москва, Болотниковская улица, 42к1,",37.587039,55.66226300000001,ODEZHDA,,0
42603,RC,Бокс для приёма одежды «Не просто вещь»,"Москва, Лесная улица, 9, Б",37.58851899999999,55.77953000000001,ODEZHDA,,0
42604,RC,Бокс для приёма одежды «Не просто вещь»,"Россия, Москва, Алтуфьевское шоссе, 70к1",37.588774,55.888023999999994,ODEZHDA,,0
42605,RC,Бокс для приёма одежды «Не просто вещь»,"Москва, Южный административный округ, район Чертаново Северное, микрорайон Северное Чертаново, 7кВ",37.58932,55.634725,ODEZHDA,,0
42606,RC,Бокс для приёма одежды «Не просто вещь»,"Москва, Новодмитровская улица, 2к5",37.591036,55.80357499999999,ODEZHDA,,0
42607,RC,Бокс для приёма одежды «Не просто вещь»,"Москва, улица Большая Марфинская 1к2",37.591147,55.82662999999999,ODEZHDA,,0
42608,RC,Бокс для приёма одежды «Не просто вещь»,"Москва, Борисоглебский переулок, 12",37.591204,55.755009,ODEZHDA,,0
42609,RC,Бокс для приёма одежды «Не просто вещь»,"Москва, Чистый переулок, 6с1",37.591539,55.742874,ODEZHDA,,0
42610,RC,Бокс для приёма одежды «Не просто вещь»,"Москва, улица Добролюбова, 18",37.593363,55.816402,ODEZHDA,,0
42612,RC,Бокс для приёма одежды «Не просто вещь»,"Москва, Каргопольская улица, 14к2",37.594017,55.863782,ODEZHDA,,0
42613,RC,Бокс для приёма одежды «Не просто вещь»,"Москва, улица Академика Янгеля, 3",37.595611999999996,55.594834999999996,ODEZHDA,,0
42614,RC,Бокс для приёма одежды «Не просто вещь»,"Москва, Севастопольский проспект, 22",37.59593499999999,55.680941999999995,ODEZHDA,,0
42615,RC,Бокс для приёма одежды «Не просто вещь»,"Московская область, Ленинский городской округ, посёлок городского типа Дрожжино, Новое шоссе, 12к1",37.596103,55.52466600000001,ODEZHDA,,0
42616,RC,Бокс для приёма одежды «Не просто вещь»,"Москва, Складочная улица, 8к1",37.596518,55.802806999999994,ODEZHDA,,0
42617,RC,Бокс для приёма одежды «Не просто вещь»,"Москва, Большая Черёмушкинская улица, 2к1",37.59674,55.69164500000001,ODEZHDA,,0
42620,RC,Бокс для приёма одежды «Не просто вещь»,"Московская область, Ленинский городской округ, посёлок Битца, жилой комплекс Южная Битца, Парковая улица, 2",37.597252,55.555616,ODEZHDA,,0
42621,RC,Бокс для приёма одежды «Не просто вещь»,"Московская область, Ленинский городской округ, рабочий посёлок Дрожжино, Южная улица, 16к1",37.598187,55.519651,ODEZHDA,,0
42622,RC,Бокс для приёма одежды «Не просто вещь»,"Москва, улица Пришвина, 13",37.59906,55.888765,ODEZHDA,,0
42623,RC,Бокс для приёма одежды «Не просто вещь»,"Москва, Южный административный округ, район Чертаново Северное, микрорайон Северное Чертаново, 1А",37.599213,55.637112,ODEZHDA,,0
42624,RC,Бокс для приёма одежды «Не просто вещь»,"Московская область, Ленинский городской округ, посёлок Битца, Парковая улица 1",37.599645,55.555929000000006,ODEZHDA,,0
42625,RC,Бокс для приёма одежды «Не просто вещь»,"Москва, Тихвинская улица, 7",37.600715,55.78679799999999,ODEZHDA,,0
42626,RC,Бокс для приёма одежды «Не просто вещь»,"Москва, улица Маршала Савицкого, 32",37.602735,55.502438999999995,ODEZHDA,,0
42627,RC,Бокс для приёма одежды «Не просто вещь»,"Москва, Селезнёвская улица, 15Ас2",37.607395,55.781684,ODEZHDA,,0
42628,RC,Бокс для приёма одежды «Не просто вещь»,"Москва, улица Бестужевых, 21Б",37.607544,55.87247599999999,ODEZHDA,,0
42629,RC,Бокс для приёма одежды «Не просто вещь»,"Москва, Отрадный проезд, 3",37.607596,55.854035,ODEZHDA,,0
42630,RC,Бокс для приёма одежды «Не просто вещь»,"Москва, улица Декабристов, 20к2",37.60971899999999,55.86201599999999,ODEZHDA,,0
42631,RC,Бокс для приёма одежды «Не просто вещь»,"Москва, Романов переулок, 4с2",37.609899,55.754311000000015,ODEZHDA,,0
42632,RC,Бокс для приёма одежды «Не просто вещь»,"Москва, Дорожная улица, 46к6",37.61094,55.58761500000001,ODEZHDA,,0
42633,RC,Бокс для приёма одежды «Не просто вещь»,"Москва, Духовской переулок, 19",37.612924,55.704200999999976,ODEZHDA,,0
42634,RC,Бокс для приёма одежды «Не просто вещь»,"Москва, улица Шухова, 10к2",37.616216,55.71805500000001,ODEZHDA,,0
42635,RC,Бокс для приёма одежды «Не просто вещь»,"Москва, Духовской переулок, 16",37.61685099999999,55.70593199999998,ODEZHDA,,0
42636,RC,Бокс для приёма одежды «Не просто вещь»,"Москва, Варшавское шоссе, 72к2",37.618821,55.65696600000001,ODEZHDA,,0
42637,RC,Бокс для приёма одежды «Не просто вещь»,"Москва, Олонецкая улица, 6",37.62113899999999,55.855405000000005,ODEZHDA,,0
42638,RC,Бокс для приёма одежды «Не просто вещь»,"Москва, Большая Ордынка, 24",37.623357999999996,55.73977,ODEZHDA,,0
42639,RC,Бокс для приёма одежды «Не просто вещь»,"Москва, Сельскохозяйственная улица, 37",37.624454,55.854671,ODEZHDA,,0
42640,RC,Бокс для приёма одежды «Не просто вещь»,"Москва, Новоданиловская набережная, 12",37.625325,55.695280000000004,ODEZHDA,,0
42641,RC,Бокс для приёма одежды «Не просто вещь»,"Москва, улица Корнейчука, 53",37.626469,55.89247300000002,ODEZHDA,,0
42642,RC,Бокс для приёма одежды «Не просто вещь»,"Москва, Каширское шоссе, 14",37.627059,55.664456,ODEZHDA,,0
42643,RC,Бокс для приёма одежды «Не просто вещь»,"Москва, Пушкарёв переулок, 16",37.628568,55.76847599999999,ODEZHDA,,0
42644,RC,Бокс для приёма одежды «Не просто вещь»,"Москва, 1-й Монетчиковский переулок, 8",37.62916299999999,55.732573999999985,ODEZHDA,,0
42645,RC,Бокс для приёма одежды «Не просто вещь»,"Москва, 3-й Павловский переулок, 14",37.629563,55.718528,ODEZHDA,,0
42646,RC,Бокс для приёма одежды «Не просто вещь»,"Москва, улица Молодцова, 21",37.630146,55.878401999999994,ODEZHDA,,0
42647,RC,Бокс для приёма одежды «Не просто вещь»,"Москва, Новокузнецкая улица, 20/21-19с5",37.6312,55.73625399999998,ODEZHDA,,0
42648,RC,Бокс для приёма одежды «Не просто вещь»,"Москва, улица Архитектора Щусева, 4к2",37.633393,55.697572000000015,ODEZHDA,,0
42649,RC,Бокс для приёма одежды «Не просто вещь»,"Москва, улица Архитектора Щусева, 2к3",37.63428499999999,55.700384999999976,ODEZHDA,,0
42650,RC,Бокс для приёма одежды «Не просто вещь»,"Москва, Полярная улица, 13к2",37.634571,55.87475100000002,ODEZHDA,,0
42651,RC,Бокс для приёма одежды «Не просто вещь»,"Москва, Большая Татарская улица, 25-27с1",37.634693,55.73918200000001,ODEZHDA,,0
42652,RC,Бокс для приёма одежды «Не просто вещь»,"Москва, Полярная улица, 27к4",37.635963999999994,55.88348799999998,ODEZHDA,,0
42653,RC,Бокс для приёма одежды «Не просто вещь»,"Москва, улица Большая Переяславская 52с1",37.640458,55.788053,ODEZHDA,,0
42654,RC,Бокс для приёма одежды «Не просто вещь»,"Москва, 2-й Нагатинский проезд, 2/2к1",37.642466,55.67722800000001,ODEZHDA,,0
42655,RC,Бокс для приёма одежды «Не просто вещь»,"Москва, Сельскохозяйственная улица, 18к1",37.643840999999995,55.837278999999995,ODEZHDA,,0
42656,RC,Бокс для приёма одежды «Не просто вещь»,"Москва, Игарский проезд, 8",37.644495,55.857892,ODEZHDA,,0
42657,RC,Бокс для приёма одежды «Не просто вещь»,"Москва, проезд Шокальского, 3к2",37.64473,55.873294,ODEZHDA,,0
42658,RC,Бокс для приёма одежды «Не просто вещь»,"Московская область, Ленинский городской округ, рабочий посёлок Лопатино, Солнечный бульвар 2",37.645024,55.533528000000004,ODEZHDA,,0
42659,RC,Бокс для приёма одежды «Не просто вещь»,"Москва, Павелецкая набережная, 6А",37.646259,55.70997299999998,ODEZHDA,,0
42660,RC,Бокс для приёма одежды «Не просто вещь»,"Московская область, Ленинский городской округ, Видное, улица Галины Вишневской, 1к1",37.646435,55.53549199999998,ODEZHDA,,0
42661,RC,Бокс для приёма одежды «Не просто вещь»,"Москва, проезд Шокальского, 31к1",37.648367,55.881365,ODEZHDA,,0
42662,RC,Бокс для приёма одежды «Не просто вещь»,"Москва, Орликов переулок, 8",37.648926,55.771418,ODEZHDA,,0
42663,RC,Бокс для приёма одежды «Не просто вещь»,"Москва, Ярославская улица, 8к6",37.649328000000004,55.81654999999998,ODEZHDA,,0
42664,RC,Бокс для приёма одежды «Не просто вещь»,"Москва, улица Академика Миллионщикова, 7к1",37.65149400000001,55.671830000000014,ODEZHDA,,0
42665,RC,Бокс для приёма одежды «Не просто вещь»,"Москва, Чукотский проезд, 2",37.651985,55.86617900000002,ODEZHDA,,0
42666,RC,Бокс для приёма одежды «Не просто вещь»,"Москва, улица Сокольнический Вал, 3",37.654069,55.79397000000001,ODEZHDA,,0
42667,RC,Бокс для приёма одежды «Не просто вещь»,"Москва, 6-я Радиальная улица, 7/6к3",37.654766,55.60329399999999,ODEZHDA,,0
42668,RC,Бокс для приёма одежды «Не просто вещь»,"Москва, проспект Лихачёва, 22",37.656007,55.688410999999995,ODEZHDA,,0
42669,RC,Бокс для приёма одежды «Не просто вещь»,"Москва, улица Ленинская Слобода, 26с3",37.656434000000004,55.71150500000001,ODEZHDA,,0
42670,RC,Бокс для приёма одежды «Не просто вещь»,"Москва, улица Большие Каменщики, 21/8",37.657445,55.735462,ODEZHDA,,0
42671,RC,Бокс для приёма одежды «Не просто вещь»,"Москва, проспект Мира, 188Бк2",37.658059,55.834472,ODEZHDA,,0
42672,RC,Бокс для приёма одежды «Не просто вещь»,"Москва, Товарищеский переулок, 7с1",37.660446,55.74225800000001,ODEZHDA,,0
42673,RC,Бокс для приёма одежды «Не просто вещь»,"Москва, Ослябинский переулок, 3",37.660449,55.71300900000001,ODEZHDA,,0
42674,RC,Бокс для приема одежды «Не просто вещь»,"Москва, проспект Андропова, 18к2",37.662371,55.69560999999998,ODEZHDA,,0
42675,RC,Бокс для приема одежды «Не просто вещь»,"Москва, проспект Андропова, 18к1",37.662712,55.69518099999999,ODEZHDA,,0
42676,RC,Бокс для приёма одежды «Не просто вещь»,"Москва, Радужная улица, 15к2",37.663203,55.858855000000005,ODEZHDA,,0
42677,RC,Бокс для приёма одежды «Не просто вещь»,"Москва, Кантемировская улица, 27А",37.664393,55.636254,ODEZHDA,,0
42678,RC,Бокс для приёма одежды «Не просто вещь»,"Москва, Широкая улица, 13к4",37.664779,55.88929,ODEZHDA,,0
42679,RC,Бокс для приёма одежды «Не просто вещь»,"Москва, улица Бориса Галушкина, 23",37.665458,55.82144000000001,ODEZHDA,,0
42680,RC,Бокс для приёма одежды «Не просто вещь»,"Москва, Новая Басманная улица, 31с1",37.66553,55.769835,ODEZHDA,,0
42681,RC,Бокс для приёма одежды «Не просто вещь»,"Москва, Кантемировская улица, 29",37.665668,55.637195000000006,ODEZHDA,,0
42682,RC,Бокс для приёма одежды «Не просто вещь»,"Москва, Марксистская улица, 7",37.665985,55.736488,ODEZHDA,,0
42683,RC,Бокс для приёма одежды «Не просто вещь»,"Москва, Новоостаповская улица, 4к2",37.667102,55.717843999999985,ODEZHDA,,0
42684,RC,Бокс для приёма одежды «Не просто вещь»,"Москва, Верхоянская улица, 6к1",37.667788,55.858463999999984,ODEZHDA,,0
42685,RC,Бокс для приёма одежды «Не просто вещь»,"Москва, проспект Андропова, 9/1к3",37.668605,55.690521999999994,ODEZHDA,,0
42686,RC,Бокс для приёма одежды «Не просто вещь»,"Москва, Бирюлёвская улица, 1к3",37.668866,55.60205700000001,ODEZHDA,,0
42687,RC,Бокс для приёма одежды «Не просто вещь»,"Москва, улица Казакова, 29с1",37.669044,55.76362999999999,ODEZHDA,,0
42688,RC,Бокс для приёма одежды «Не просто вещь»,"Москва, 1-я Дубровская улица, 1А",37.669066,55.728655,ODEZHDA,,0
42689,RC,Бокс для приёма одежды «Не просто вещь»,"Москва, Абельмановская улица, 7",37.671867999999996,55.73638199999998,ODEZHDA,,0
42690,RC,Бокс для приёма одежды «Не просто вещь»,"Московская область, Мытищи, Осташковское шоссе, 22к6",37.672594000000004,55.965033,ODEZHDA,,0
42691,RC,Бокс для приёма одежды «Не просто вещь»,"Москва, улица Трофимова, 15",37.672801,55.703154999999995,ODEZHDA,,0
42692,RC,Бокс для приёма одежды «Не просто вещь»,"Москва, 5-я Кожуховская улица, 18к1",37.673363,55.70495300000001,ODEZHDA,,0
42693,RC,Бокс для приёма одежды «Не просто вещь»,"Москва, Волгоградский проспект, 9с1",37.674341,55.73086099999998,ODEZHDA,,0
42694,RC,Бокс для приёма одежды «Не просто вещь»,"Москва, проспект Андропова, 1",37.674588,55.69436199999999,ODEZHDA,,0
42695,RC,Бокс для приёма одежды «Не просто вещь»,"Москва, улица Ереванская 24, корпус 1",37.675988,55.62880600000001,ODEZHDA,,0
42696,RC,Бокс для приёма одежды «Не просто вещь»,"Москва, улица Медиков, 12",37.67634,55.633333,ODEZHDA,,0
42697,RC,Бокс для приёма одежды «Не просто вещь»,"Москва, Таможенный проезд, 6с9",37.679586,55.75163099999999,ODEZHDA,,0
42698,RC,Бокс для приёма одежды «Не просто вещь»,"Москва, 2-й Южнопортовый проезд, 7",37.680983,55.70011499999999,ODEZHDA,,0
42699,RC,Бокс для приёма одежды «Не просто вещь»,"Москва, улица Трофимова, 29",37.681038,55.702855000000014,ODEZHDA,,0
42700,RC,Бокс для приёма одежды «Не просто вещь»,"Москва, Нижегородская улица, 12",37.681177999999996,55.737553,ODEZHDA,,0
42701,RC,Бокс для приёма одежды «Не просто вещь»,"Москва, Тайнинская улица, 4с2",37.682233999999994,55.87757699999999,ODEZHDA,,0
42702,RC,Бокс для приема одежды «Не просто вещь»,"Москва, Малая Калитниковская улица, 20к2",37.682595,55.733472,ODEZHDA,,0
42703,RC,Бокс для приёма одежды «Не просто вещь»,"Москва, Изумрудная улица, 24",37.684571,55.872182,ODEZHDA,,0
42704,RC,Бокс для приёма одежды «Не просто вещь»,"Москва, улица Трофимова, 32к1",37.684864,55.702189999999995,ODEZHDA,,0
42705,RC,Бокс для приёма одежды «Не просто вещь»,"Москва, Судостроительная улица, 36",37.687367,55.68416999999999,ODEZHDA,,0
42706,RC,Бокс для приёма одежды «Не просто вещь»,"Москва, улица Короленко, 4/14",37.689947,55.796769000000005,ODEZHDA,,0
42707,RC,Бокс для приёма одежды «Не просто вещь»,"Москва, Нижегородская улица, 32с3",37.690255,55.737020000000015,ODEZHDA,,0
42708,RC,Бокс для приёма одежды «Не просто вещь»,"Москва, Волгоградский проспект, 32/5к1",37.690312,55.72024100000001,ODEZHDA,,0
42709,RC,Бокс для приёма одежды «Не просто вещь»,"Московская Область, Видное, бульвар Зелёные Аллеи 2",37.692975,55.55874999999999,ODEZHDA,,0
42710,RC,Бокс для приёма одежды «Не просто вещь»,"Москва, Волгоградский проспект, 32/3к5",37.693633,55.72099600000001,ODEZHDA,,0
42711,RC,Бокс для приёма одежды «Не просто вещь»,"Москва, Изумрудная улица, 52",37.695185,55.879177,ODEZHDA,,0
42712,RC,Бокс для приёма одежды «Не просто вещь»,"Москва, улица Коломенская 12к2",37.695728,55.681349000000004,ODEZHDA,,0
42713,RC,Бокс для приёма одежды «Не просто вещь»,"Москва, Миллионная улица, 11к1",37.695912,55.81652699999999,ODEZHDA,,0
42715,RC,Бокс для приёма одежды «Не просто вещь»,"Москва, Краснобогатырская улица, 24",37.698941,55.811502,ODEZHDA,,0
42716,RC,Бокс для приёма одежды «Не просто вещь»,"Московская область, Мытищи, Троицкая улица, 9",37.69914800000001,55.904271,ODEZHDA,,0
42718,RC,Бокс для приёма одежды «Не просто вещь»,"Москва, улица Вешних Вод, 8к2",37.69973999999999,55.85952900000001,ODEZHDA,,0
42719,RC,Бокс для приёма одежды «Не просто вещь»,"Москва, Солдатская Улица 2с1",37.69993,55.765725,ODEZHDA,,0
42720,RC,Бокс для приёма одежды «Не просто вещь»,"Москва, Погонный проезд, 1к11",37.700469,55.81833499999999,ODEZHDA,,0
42721,RC,Бокс для приёма одежды «Не просто вещь»,"Московская область, Ленинский городской округ, Видное, бульвар Зелёные Аллеи, 7",37.70204999999999,55.558984,ODEZHDA,,0
42722,RC,Бокс для приёма одежды «Не просто вещь»,"Москва, 1-я Курьяновская улица, 22с1",37.702414,55.654377000000004,ODEZHDA,,0
42723,RC,Бокс для приёма одежды «Не просто вещь»,"Московская область, Видное, бульвар Зелёные Аллеи, 14",37.703128,55.56152099999998,ODEZHDA,,0
42724,RC,Бокс для приёма одежды «Не просто вещь»,"Московская область, Мытищи, улица Сукромка, 28",37.703988,55.90803999999999,ODEZHDA,,0
42725,RC,Бокс для приёма одежды «Не просто вещь»,"Московская область, Ленинский городской округ, Видное, Битцевский проезд, 5",37.706658,55.541703,ODEZHDA,,0
42726,RC,Бокс для приёма одежды «Не просто вещь»,"Москва, Донецкая улица, 30к1",37.707022,55.645287,ODEZHDA,,0
42727,RC,Бокс для приёма одежды «Не просто вещь»,"Москва, улица Буженинова, 22",37.70903,55.790281000000014,ODEZHDA,,0
42728,RC,Бокс для приёма одежды «Не просто вещь»,"Московская область, Мытищи, улица Борисовка, 20",37.710915,55.916974,ODEZHDA,,0
42729,RC,Бокс для приема одежды «Не просто вещь»,"Москва, бульвар Маршала Рокоссовского, 39к1",37.711207,55.81806100000001,ODEZHDA,,0
42730,RC,Бокс для приёма одежды «Не просто вещь»,"Москва, Авиамоторная улица, 4к1",37.713529,55.759748000000016,ODEZHDA,,0
42731,RC,Бокс для приёма одежды «Не просто вещь»,"Московская область, Ленинский городской округ, деревня Сапроново, Калиновая улица, 7",37.714096,55.53262000000001,ODEZHDA,,0
42732,RC,Бокс для приёма одежды «Не просто вещь»,"Московская область, Мытищи, улица Сукромка 5",37.714524,55.902073,ODEZHDA,,0
42733,RC,Бокс для приёма одежды «Не просто вещь»,"Москва, Краснобогатырская улица, 95",37.714814,55.798176000000005,ODEZHDA,,0.0
42734,RC,Бокс для приёма одежды «Не просто вещь»,"Москва, Донецкая улица, 23с2",37.715735,55.647262000000005,ODEZHDA,,0.0
42735,RC,Бокс для приёма одежды «Не просто вещь»,"Московская область, Ленинский городской округ, деревня Сапроново, Калиновая улица, 3",37.715809,55.532884,ODEZHDA,,0.0
42736,RC,Бокс для приёма одежды «Не просто вещь»,"Московская область, Мытищи, 3-я Крестьянская улица, 11",37.71673700000001,55.895777,ODEZHDA,,0.0
42737,RC,Бокс для приема одежды «Не просто вещь»,"Москва, Ивантеевская улица, 4к1",37.716845,55.81997399999998,ODEZHDA,,0.0
42738,RC,Бокс для приёма одежды «Не просто вещь»,"Москва, улица Нижняя Хохловка, 8",37.71689,55.729346,ODEZHDA,,0.0
42739,RC,Бокс для приема одежды «Не просто вещь»,"Москва, бульвар Маршала Рокоссовского, 30",37.717079,55.816463,ODEZHDA,,0.0
42740,RC,Бокс для приёма одежды «Не просто вещь»,"Московская область, деревня Сапроново, Улица Западный Квартал, 5к2",37.718053999999995,55.53255500000001,ODEZHDA,,0.0
42741,RC,Бокс для приёма одежды «Не просто вещь»,"Москва, улица Гурьянова, 4к2",37.718649,55.69315999999999,ODEZHDA,,0.0
42742,RC,Бокс для приёма одежды «Не просто вещь»,"Московская область, Ленинский городской округ, Видное, Ермолинская улица, 7",37.718900999999995,55.537755000000004,ODEZHDA,,0.0
42743,RC,Бокс для приёма одежды «Не просто вещь»,"Москва, Холмогорская улица, 1",37.719112,55.879196999999984,ODEZHDA,,0.0
42744,RC,Бокс для приёма одежды «Не просто вещь»,"Московская область, Мытищи, проспект Астрахова, 2",37.722461,55.92569600000001,ODEZHDA,,0.0
42745,RC,Бокс для приёма одежды «Не просто вещь»,"Московская область, Ленинский городской округ, деревня Сапроново, микрорайон Купелинка, квартал Центральный, 3",37.723501,55.529571999999995,ODEZHDA,,0.0
42746,RC,Бокс для приёма одежды «Не просто вещь»,"Московская область, Мытищи, улица Семашко, 37",37.724678,55.891654999999986,ODEZHDA,,0.0
42747,RC,Бокс для приёма одежды «Не просто вещь»,"Московская область, Мытищи, Новомытищинский проспект, 78",37.724848,55.90415,ODEZHDA,,0.0
42748,RC,Бокс для приёма одежды «Не просто вещь»,"Московская область, Мытищи, улица Колпакова, 31",37.726053,55.919979,ODEZHDA,,0.0
42749,RC,Бокс для приёма одежды «Не просто вещь»,"Московская область, Мытищи, проспект Астрахова, 5Ак2",37.728923,55.92922399999999,ODEZHDA,,0.0
42750,RC,Бокс для приёма одежды «Не просто вещь»,"Москва, проспект Будённого, 27",37.72979,55.76898199999997,ODEZHDA,,0.0
42751,RC,Бокс для приёма одежды «Не просто вещь»,"Москва, улица Полбина, 30с2",37.729952,55.68501,ODEZHDA,,0.0
42752,RC,Бокс для приёма одежды «Не просто вещь»,"Москва, Люблинская улица, 76к5",37.73041,55.66347999999998,ODEZHDA,,0.0
42753,RC,Бокс для приёма одежды «Не просто вещь»,"Москва, Люблинская улица, 76к2",37.73246700000001,55.663624000000006,ODEZHDA,,0.0
42754,RC,Бокс для приёма одежды «Не просто вещь»,"Москва, Люблинская улица, 78к2",37.73267799999999,55.66167800000001,ODEZHDA,,0.0
42755,RC,Бокс для приёма одежды «Не просто вещь»,"Москва, Люблинская улица, 72к3",37.733069,55.666792,ODEZHDA,,0.0
42756,RC,Бокс для приёма одежды «Не просто вещь»,"Москва, Люблинская улица, 27/2",37.73371,55.70093799999999,ODEZHDA,,0.0
42758,RC,Бокс для приёма одежды «Не просто вещь»,"Московская область, Мытищи, улица Колпакова, 24",37.7344,55.918926999999975,ODEZHDA,,0.0
42760,RC,Бокс для приёма одежды «Не просто вещь»,"Москва, Новочеркасский бульвар, 41к4",37.73631199999999,55.64817399999999,ODEZHDA,,0.0
42761,RC,Бокс для приёма одежды «Не просто вещь»,"Московская область, Мытищи, улица Щербакова, 4",37.73635699999999,55.907354,ODEZHDA,,0.0
42762,RC,Бокс для приёма одежды «Не просто вещь»,"Москва, улица Борисовские Пруды, 8А, ТЦ Пруды",37.736428,55.635081000000014,ODEZHDA,,0.0
42763,RC,Бокс для приёма одежды «Не просто вещь»,"Московская область, городской округ Мытищи, посёлок Мебельной Фабрики, Рассветная улица, 1",37.736558,55.968817,ODEZHDA,,0.0
42765,RC,Бокс для приёма одежды «Не просто вещь»,"Москва, Ясеневая улица 29",37.737416,55.605005999999996,ODEZHDA,,0.0
42768,RC,Бокс для приёма одежды «Не просто вещь»,"Москва, Люблинская улица, 54/3",37.738381,55.677685000000004,ODEZHDA,,0.0
42772,RC,Бокс для приёма одежды «Не просто вещь»,"Москва, Люблинская улица, 147",37.742132,55.66387100000001,ODEZHDA,,0.0
42773,RC,Бокс для приёма одежды «Не просто вещь»,"Москва, 2-й Грайвороновский проезд, 42к3",37.74477,55.72538699999999,ODEZHDA,,0.0
42774,RC,Бокс для приёма одежды «Не просто вещь»,"Москва, Волжский бульвар, 5к1",37.745016,55.717705,ODEZHDA,,0.0
42777,RC,Бокс для приёма одежды «Не просто вещь»,"Москва, Новомарьинская улица, 4",37.74844699999999,55.650572999999994,ODEZHDA,,0.0
42779,RC,Бокс для приёма одежды «Не просто вещь»,"Москва, Электродная улица, 2с1",37.75087700000001,55.757204,ODEZHDA,,0.0
42780,RC,Бокс для приёма одежды «Не просто вещь»,"Москва, Бронницкий переулок, 2",37.75137399999999,55.73028899999999,ODEZHDA,,0.0
42782,RC,Бокс для приёма одежды «Не просто вещь»,"Москва, 2-я Карачаровская улица, 6/16",37.752181,55.733888,ODEZHDA,,0.0
42783,RC,Бокс для приёма одежды «Не просто вещь»,"Московская область, Мытищи, Олимпийский проспект, 23",37.752832,55.925264000000006,ODEZHDA,,0.0
42784,RC,Бокс для приёма одежды «Не просто вещь»,"Москва, Открытое шоссе, 23к1",37.752838,55.826367,ODEZHDA,,0.0
42785,RC,Бокс для приёма одежды «Не просто вещь»,"Москва, Тагильская улица, 4В",37.75309,55.81531799999999,ODEZHDA,,0.0
42786,RC,Бокс для приёма одежды «Не просто вещь»,"Москва, Волгоградский проспект, 103А",37.75541799999999,55.70858299999998,ODEZHDA,,0.0
42788,RC,Бокс для приёма одежды «Не просто вещь»,"Московская область, Мытищи, улица Воронина, 6",37.75816499999999,55.92592399999999,ODEZHDA,,0.0
42789,RC,Бокс для приёма одежды «Не просто вещь»,"Москва, Мячковский бульвар, 20к3",37.758779,55.648418,ODEZHDA,,0.0
42790,RC,Бокс для приёма одежды «Не просто вещь»,"Московская область, Мытищи, Олимпийский проспект 36/4",37.759023,55.92547499999999,ODEZHDA,,0.0
42793,RC,Бокс для приёма одежды «Не просто вещь»,"Москва, Ставропольская улица, 23с1",37.761657,55.68181199999998,ODEZHDA,,0.0
42795,RC,Не просто вещь,"Москва, улица Маршала Чуйкова, 7к4",37.76296500000001,55.698368,ODEZHDA,,0.0
42796,RC,Бокс для приёма одежды «Не просто вещь»,"Московская область, Ленинский городской округ, посёлок Развилка, Римский проезд, 1",37.76407499999999,55.597975000000005,ODEZHDA,,0.0
42797,RC,Бокс для приёма одежды «Не просто вещь»,"Москва, улица Плеханова, 22",37.765226999999996,55.74217699999999,ODEZHDA,,0.0
42798,RC,Бокс для приёма одежды «Не просто вещь»,"Москва, Жигулёвская улица, 3Ак2",37.76574899999999,55.712320000000005,ODEZHDA,,0.0
42799,RC,Бокс для приёма одежды «Не просто вещь»,"Москва, улица Борисовские Пруды, 38",37.765785,55.642382,ODEZHDA,,0.0
42801,RC,Бокс для приёма одежды «Не просто вещь»,"Москва, улица Плеханова, 33",37.769388,55.74095299999999,ODEZHDA,,0.0
42803,RC,Бокс для приёма одежды «Не просто вещь»,"Московская область, Мытищи, Олимпийский проспект, 12",37.76998400000001,55.91767200000001,ODEZHDA,,0.0
42804,RC,Бокс для приёма одежды «Не просто вещь»,"Москва, Сиреневый бульвар, 3к3",37.770099,55.80292100000001,ODEZHDA,,0.0
42805,RC,Бокс для приёма одежды «Не просто вещь»,"Москва, 1-я Владимирская улица, 4",37.77285299999999,55.76022799999999,ODEZHDA,,0.0
42806,RC,Бокс для приёма одежды «Не просто вещь»,"Москва, улица Лазо, 4к1",37.773457,55.744723000000015,ODEZHDA,,0.0
42808,RC,Бокс для приёма одежды «Не просто вещь»,"Москва, Белореченская улица, 45к1",37.775061,55.662048999999996,ODEZHDA,,0.0
42809,RC,Бокс для приёма одежды «Не просто вещь»,"Москва, Белореченская улица, 38к2",37.777028,55.65967799999999,ODEZHDA,,0.0
42810,RC,Бокс для приёма одежды «Не просто вещь»,"Москва, улица Шумилова 24А",37.777733999999995,55.706504999999986,ODEZHDA,,0.0
42811,RC,Бокс для приёма одежды «Не просто вещь»,"Москва, Волгоградский проспект, 116к1",37.777899999999995,55.703252000000006,ODEZHDA,,0.0
42814,RC,Бокс для приёма одежды «Не просто вещь»,"Московская область, Мытищи, Медицинская улица, 2Б",37.778968,55.92272,ODEZHDA,,0.0
42815,RC,Бокс для приёма одежды «Не просто вещь»,"Москва, шоссе Энтузиастов, 68",37.779138999999994,55.763034,ODEZHDA,,0.0
42816,RC,Бокс для приёма одежды «Не просто вещь»,"Москва, 3-я Парковая улица, 39к4",37.779737999999995,55.798703999999994,ODEZHDA,,0.0
42817,RC,Бокс для приёма одежды «Не просто вещь»,"Москва, 1-я Владимирская улица, 34к3",37.780103,55.74813,ODEZHDA,,0.0
42818,RC,Бокс для приёма одежды «Не просто вещь»,"Москва, улица Юных Ленинцев, 99/1",37.780193999999995,55.699111000000016,ODEZHDA,,0.0
42819,RC,Бокс для приёма одежды «Не просто вещь»,"Москва, шоссе Энтузиастов, 74/2",37.784049,55.76411600000001,ODEZHDA,,0.0
42820,RC,Бокс для приёма одежды «Не просто вещь»,"Москва, 3-я Институтская улица, 12",37.784576,55.72261199999999,ODEZHDA,,0.0
42821,RC,Бокс для приёма одежды «Не просто вещь»,"Москва, 5-я Парковая улица, 62Б",37.789743,55.808107999999976,ODEZHDA,,0.0
42822,RC,Бокс для приёма одежды «Не просто вещь»,"Москва, район Капотня, 1-й квартал, 1, подъезд 1",37.790353999999994,55.639922999999996,ODEZHDA,,0.0
42823,RC,Бокс для приёма одежды «Не просто вещь»,"Москва, улица Академика Скрябина, 26к1",37.793448999999995,55.706258,ODEZHDA,,0.0
42824,RC,Бокс для приёма одежды «Не просто вещь»,"Московская область, Мытищи, 2-я Институтская улица, 24А",37.796221,55.92942899999998,ODEZHDA,,0.0
42825,RC,Бокс для приёма одежды «Не просто вещь»,"Москва, Федеративный проспект, 3",37.798385999999994,55.757596,ODEZHDA,,0.0
42826,RC,Бокс для приёма одежды «Не просто вещь»,"Москва, шоссе Энтузиастов, 86Ак3",37.79864599999999,55.763554,ODEZHDA,,0.0
42827,RC,Бокс для приёма одежды «Не просто вещь»,"Москва, Зелёный проспект, 34",37.802114,55.753324000000006,ODEZHDA,,0.0
42828,RC,Бокс для приёма одежды «Не просто вещь»,"Москва, Мартеновская улица, 6к1",37.805075,55.75853100000001,ODEZHDA,,0.0
42829,RC,Бокс для приёма одежды «Не просто вещь»,"Московская область, Ленинский городской округ, деревня Мисайлово, Пригородное шоссе, 12",37.80539199999999,55.556812999999984,ODEZHDA,,0.0
42830,RC,Бокс для приёма одежды «Не просто вещь»,"Московская область, Ленинский городской округ, посёлок городского типа Мисайлово, улица имени Л.И. Гоман, 2",37.805464,55.55550399999998,ODEZHDA,,0.0
42831,RC,Бокс для приёма одежды «Не просто вещь»,"Московская область, Королёв, улица Богомолова, 6",37.809988,55.915419,ODEZHDA,,0.0
42832,RC,Бокс для приёма одежды «Не просто вещь»,"Москва, Рязанский проспект, 95к2",37.810354,55.71512500000001,ODEZHDA,,0.0
42833,RC,Бокс для приёма одежды «Не просто вещь»,"Москва, Щёлковское шоссе, 74",37.810737,55.81012700000001,ODEZHDA,,0.0
42834,RC,Бокс для приёма одежды «Не просто вещь»,"Московская область, Королёв, улица Гагарина 17",37.811347999999995,55.91722800000001,ODEZHDA,,0.0
42835,RC,Бокс для приёма одежды «Не просто вещь»,"Московская область,  Королёв, улица Коминтерна, 14А",37.814052,55.92348299999998,ODEZHDA,,0.0
42836,RC,Бокс для приёма одежды «Не просто вещь»,"Московская область, Королёв, улица Толстого, 6",37.818427,55.91071500000001,ODEZHDA,,0.0
42837,RC,Бокс для приёма одежды «Не просто вещь»,"Московская область, Ленинский городской округ, деревня Мисайлово, микрорайон Пригород Лесное, Луговая улица, 4",37.81962999999999,55.553630000000005,ODEZHDA,,0.0
42838,RC,Бокс для приёма одежды «Не просто вещь»,"Московская область, Королёв, улица Грабина, 8Б",37.820331,55.92580799999999,ODEZHDA,,0.0
42839,RC,Бокс для приёма одежды «Не просто вещь»,"Москва, 15-я Парковая Улица 40к5",37.82238,55.807347999999976,ODEZHDA,,0.0
42840,RC,Бокс для приёма одежды «Не просто вещь»,"Москва, Челябинская улица, 4к2",37.822559,55.77525099999998,ODEZHDA,,0.0
42841,RC,Бокс для приёма одежды «Не просто вещь»,"Московская область, Ленинский городской округ, деревня Коробово, улица Авиаторов, 4",37.822846,55.52885299999999,ODEZHDA,,0.0
42842,RC,Бокс для приёма одежды «Не просто вещь»,"Московская область, Королёв, улица Циолковского, 23/11",37.823185,55.92061900000001,ODEZHDA,,0.0
42843,RC,Не просто вещь,"Москва, Щёлковское шоссе, 91к1",37.824859,55.813314,ODEZHDA,,0.0
42844,RC,Бокс для приёма одежды «Не просто вещь»,"Москва, Хабаровская улица, 9",37.825137000000005,55.818923,ODEZHDA,,0.0
42845,RC,Бокс для приёма одежды «Не просто вещь»,"Москва, 16-я Парковая улица, 23",37.826533,55.80048499999999,ODEZHDA,,0.0
42846,RC,Бокс для приёма одежды «Не просто вещь»,"Московская область, Королёв, Пионерская улица, 30к9",37.827365,55.912536,ODEZHDA,,0.0
42847,RC,Бокс для приёма одежды «Не просто вещь»,"Москва, Самаркандский бульвар, 8",37.82785,55.705862999999994,ODEZHDA,,0.0
42848,RC,Бокс для приёма одежды «Не просто вещь»,"Москва, улица Старый Гай, 8А",37.82798699999999,55.740382,ODEZHDA,,0.0
42849,RC,Бокс для приёма одежды «Не просто вещь»,"Московская область, Королёв, Пионерская улица, 30к6",37.829647,55.908469,ODEZHDA,,0.0
42850,RC,Бокс для приёма одежды «Не просто вещь»,"Московская область, Королёв, Тарасовская улица, 1",37.831686,55.949717999999976,ODEZHDA,,0.0
42851,RC,Бокс для приёма одежды «Не просто вещь»,"Москва, Красноярская улица, 1к1",37.833411,55.81636900000001,ODEZHDA,,0.0
42852,RC,Бокс для приёма одежды «Не просто вещь»,"Москва, улица Чечулина, 26",37.834529999999994,55.782053999999995,ODEZHDA,,0.0
42854,RC,Бокс для приёма одежды «Не просто вещь»,"Московская область, Королёв, микрорайон Болшево, Пушкинская улица, 21",37.837485,55.93132799999999,ODEZHDA,,0.0
42856,RC,Бокс для приёма одежды «Не просто вещь»,"Московская область, Королёв, Тарасовская улица, 25",37.840252,55.945189000000006,ODEZHDA,,0.0
42858,RC,Бокс для приёма одежды «Не просто вещь»,"Московская область, Королёв, проспект Королёва, 14",37.841625,55.920849000000004,ODEZHDA,,0.0
42859,RC,Бокс для приёма одежды «Не просто вещь»,"Московская область, Королёв, микрорайон Юбилейный, улица Героев Курсантов, 8А",37.84234,55.94207500000002,ODEZHDA,,0.0
42861,RC,Бокс для приёма одежды «Не просто вещь»,"Московская область, Дзержинский, улица Ленина, 12",37.84420599999999,55.63439599999999,ODEZHDA,,0.0
42862,RC,Бокс для приёма одежды «Не просто вещь»,"Московская область, Реутов, МКАД, 2-й километр, 2",37.844923,55.764399,ODEZHDA,,0.0
42863,RC,Бокс для приёма одежды «Не просто вещь»,"Московская область, Котельники, 1-й Покровский проезд, 1",37.845741,55.658849000000004,ODEZHDA,,0.0
42865,RC,Бокс для приёма одежды «Не просто вещь»,"Московская область, Реутов, Парковая улица, 8к3",37.866478,55.76033199999999,ODEZHDA,,0.0
42866,RC,Бокс для приёма одежды «Не просто вещь»,"Московская область, Люберцы, улица Лётчика Ларюшина, 12",37.867047,55.67916899999999,ODEZHDA,,0.0
42867,RC,Бокс для приёма одежды «Не просто вещь»,"Московская область, Люберцы, улица Лётчика Ларюшина, 4к1",37.867833999999995,55.678010999999984,ODEZHDA,,0.0
42869,RC,Бокс для приёма одежды «Не просто вещь»,"Московская область, Королёв, улица Горького, 12",37.870356,55.91552800000001,ODEZHDA,,0.0
42870,RC,Бокс для приёма одежды «Не просто вещь»,"Московская область, Котельники, Кузьминская улица, 5к1",37.870626,55.66468,ODEZHDA,,0.0
42871,RC,Бокс для приёма одежды «Не просто вещь»,"Московская область, Люберцы, 115-й квартал, улица Авиаторов, 10к2",37.875042,55.672031000000004,ODEZHDA,,0.0
42872,RC,Бокс для приёма одежды «Не просто вещь»,"Московская область, Люберцы, посёлок Калинина, 42",37.875157,55.690511,ODEZHDA,,0.0
42874,RC,Бокс для приёма одежды «Не просто вещь»,"Москва, Салтыковская улица, 49А",37.880015,55.74521,ODEZHDA,,0.0
42875,RC,Бокс для приёма одежды «Не просто вещь»,"Московская область, Люберцы, улица 8 Марта, 18к1",37.881478,55.70002800000001,ODEZHDA,,0.0
42876,RC,Бокс для приёма одежды «Не просто вещь»,"Московская область, Реутов, Носовихинское шоссе, 37",37.882804,55.751350999999985,ODEZHDA,,0.0
42877,RC,Бокс для приёма одежды «Не просто вещь»,"Москва, улица Татьяны Макаровой, 3",37.88405,55.711411,ODEZHDA,,0.0
42878,RC,Бокс для приёма одежды «Не просто вещь»,"Московская область, Реутов, улица Октября, 52",37.885013,55.75636599999999,ODEZHDA,,0.0
42879,RC,Бокс для приёма одежды «Не просто вещь»,"Московская область, Люберцы, улица Кирова, 51",37.88507499999999,55.679764,ODEZHDA,,0.0
42880,RC,Бокс для приёма одежды «Не просто вещь»,"Московская область, Реутов, Носовихинское шоссе, 43",37.885297,55.75093499999999,ODEZHDA,,0.0
42881,RC,Бокс для приёма одежды «Не просто вещь»,"Московская область, Реутов, Юбилейный проспект, 78",37.887067,55.753731999999985,ODEZHDA,,0.0
42882,RC,Бокс для приёма одежды «Не просто вещь»,"Московская область, Королёв, микрорайон Болшево, Спартаковская улица, 1/32с1",37.887714,55.927668999999995,ODEZHDA,,0.0
42883,RC,Бокс для приёма одежды «Не просто вещь»,"Московская область, Королёв, микрорайон Болшево, Шоссейная улица, 4",37.888271,55.91513399999999,ODEZHDA,,0.0
42884,RC,Бокс для приёма одежды «Не просто вещь»,"Московская область, Люберцы, Смирновская улица, 6",37.89162999999999,55.677108000000004,ODEZHDA,,0.0
42885,RC,Бокс для приёма одежды «Не просто вещь»,"Московская область, Люберцы, Инициативная улица, 7Гс1",37.89490899999999,55.68511699999999,ODEZHDA,,0.0
42887,RC,Бокс для приёма одежды «Не просто вещь»,"Московская область, городской округ Пушкинский, Ивантеевка, Центральный проезд, 17",37.897901,55.967037999999995,ODEZHDA,,0.0
42888,RC,Бокс для приёма одежды «Не просто вещь»,"Московская область, Лыткарино, 5-й микрорайон, 1-й квартал, 10",37.898026,55.586298,ODEZHDA,,0.0
42889,RC,Бокс для приёма одежды «Не просто вещь»,"Московская область, Люберцы, улица Побратимов, 30",37.898754,55.68916299999999,ODEZHDA,,0.0
42891,RC,Бокс для приёма одежды «Не просто вещь»,"Московская область, городской округ Пушкинский, Ивантеевка, улица Калинина, 10",37.902607999999994,55.969405999999985,ODEZHDA,,0.0
42892,RC,Бокс для приёма одежды «Не просто вещь»,"Московская область, Люберцы, Октябрьский проспект, 296",37.905973,55.669779000000005,ODEZHDA,,0.0
42893,RC,Бокс для приёма одежды «Не просто вещь»,"Московская область, Люберцы, микрорайон Красная Горка, проспект Гагарина, 5/5",37.906815,55.687455,ODEZHDA,,0.0
42894,RC,Бокс для приёма одежды «Не просто вещь»,"Московская область, Люберцы, Комсомольский проспект, 16/2",37.907613,55.69125999999998,ODEZHDA,,0.0
42895,RC,Бокс для приёма одежды «Не просто вещь»,"Московская область, Люберцы, Комсомольский проспект, 24/2",37.91068099999999,55.693613,ODEZHDA,,0.0
42896,RC,Бокс для приёма одежды «Не просто вещь»,"Московская область, Люберцы, Весенняя улица, 2",37.912241,55.698242999999984,ODEZHDA,,0.0
42897,RC,Бокс для приёма одежды «Не просто вещь»,"Московская область, городской округ Щёлково, дачный посёлок Загорянский, улица Дзержинского, 27",37.912659999999995,55.93199099999999,ODEZHDA,,0.0
42898,RC,Бокс для приёма одежды «Не просто вещь»,"Московская область, Люберцы, микрорайон Красная Горка, проспект Победы, 16к3",37.912662999999995,55.68585699999999,ODEZHDA,,0.0
42899,RC,Бокс для приёма одежды «Не просто вещь»,"Московская область, Люберцы, Рождественская улица, 4",37.913181,55.680955000000004,ODEZHDA,,0.0
42901,RC,Бокс для приёма одежды «Не просто вещь»,"Московская область, Люберцы, микрорайон Красная Горка, проспект Победы, 14",37.914331999999995,55.687826,ODEZHDA,,0.0
42902,RC,Бокс для приёма одежды «Не просто вещь»,"Московская область, городской округ Щёлково, дачный посёлок Загорянский, Кооперативная улица, 1А",37.914496,55.926183,ODEZHDA,,0.0
42903,RC,Бокс для приёма одежды «Не просто вещь»,"Московская область, городской округ Пушкинский, Ивантеевка, улица Смурякова, 13",37.916635,55.962300000000006,ODEZHDA,,0.0
42904,RC,Бокс для приёма одежды «Не просто вещь»,"Московская область, Люберцы, микрорайон Красная Горка, проспект Гагарина, 24к2",37.918019,55.690129999999996,ODEZHDA,,0.0
42905,RC,Бокс для приёма одежды «Не просто вещь»,"Московская область, Люберцы, микрорайон Красная Горка, проспект Гагарина, 26к2",37.918319,55.69117600000001,ODEZHDA,,0.0
42906,RC,Бокс для приёма одежды «Не просто вещь»,"Московская область, городской округ Щёлково, деревня Оболдино, Лесная улица, 48Б",37.927123,55.883575,ODEZHDA,,0.0
42907,RC,Бокс для приёма одежды «Не просто вещь»,"Московская область, городской округ Люберцы, посёлок Чкалово, Советская улица, 148/2",37.928793999999996,55.63028899999999,ODEZHDA,,0.0
42908,RC,Бокс для приёма одежды «Не просто вещь»,"Московская область, Люберцы, посёлок ВУГИ, 10",37.93016599999999,55.660037,ODEZHDA,,0.0
42909,RC,Бокс для приёма одежды «Не просто вещь»,"Москва, улица Вертолётчиков, 21к3",37.930905,55.71176,ODEZHDA,,0.0
42914,RC,Бокс для приёма одежды «Не просто вещь»,"Московская область, городской округ Люберцы, посёлок Мирный, улица Академика Северина, 9/2",37.943892,55.621443000000006,ODEZHDA,,0.0
42915,RC,Бокс для приёма одежды «Не просто вещь»,"Московская область, Люберцы, улица Камова 5/2",37.944757,55.61911699999999,ODEZHDA,,0.0
43029,RC,Бокс для приёма одежды «Не просто вещь»,"Московская область,  Ленинский городской округ, село Молоково, Ново-Молоковский бульвар, 4",37.847364,55.56265999999998,ODEZHDA,,0.0
43030,RC,Бокс для приёма одежды «Не просто вещь»,"Московская область, Королёв, микрорайон Юбилейный, Комитетская улица, 7",37.847523,55.92730099999999,ODEZHDA,,0.0
43031,RC,Бокс для приёма одежды «Не просто вещь»,"Московская область, Реутов, улица Строителей, 7",37.847662,55.76159500000001,ODEZHDA,,0.0
43032,RC,Бокс для приёма одежды «Не просто вещь»,"Московская область, Королёв, улица Мичурина, 7",37.847667,55.90664300000002,ODEZHDA,,0.0
43033,RC,Бокс для приёма одежды «Не просто вещь»,"Московская область, Дзержинский, Дзержинская улица, 26",37.847981,55.62234400000001,ODEZHDA,,0.0
43034,RC,Бокс для приёма одежды «Не просто вещь»,"Московская область, городской округ Люберцы, Дзержинский, Дзержинская улица, 26",37.847981,55.62234400000001,ODEZHDA,,0.0
43035,RC,Бокс для приёма одежды «Не просто вещь»,"Московская область, Реутов, улица Некрасова, 19",37.849076999999994,55.773783,ODEZHDA,,0.0
43036,RC,Бокс для приёма одежды «Не просто вещь»,"Московская область, Реутов, Комсомольская улица, 21к1",37.850227,55.756350999999974,ODEZHDA,,0.0
43037,RC,Бокс для приёма одежды «Не просто вещь»,"Московская область, Королёв, микрорайон Юбилейный, улица М.К. Тихонравова, 35к2",37.85044799999999,55.938449000000006,ODEZHDA,,0.0
43039,RC,Бокс для приёма одежды «Не просто вещь»,"Московская область, Королёв, микрорайон Юбилейный, улица Героев Курсантов, 28",37.85111599999999,55.944519999999976,ODEZHDA,,0.0
43040,RC,Бокс для приёма одежды «Не просто вещь»,"Московская область, Реутов, Лесная улица, 9",37.85137699999999,55.76003299999999,ODEZHDA,,0.0
43041,RC,Бокс для приёма одежды «Не просто вещь»,"Московская область, Реутов, Комсомольская улица, 18/2",37.85137699999999,55.756436999999984,ODEZHDA,,0.0
43042,RC,Бокс для приёма одежды «Не просто вещь»,"Московская область, Королёв, микрорайон Юбилейный, улица М.К. Тихонравова, 35к3",37.851629,55.939136999999995,ODEZHDA,,0.0
43043,RC,Бокс для приёма одежды «Не просто вещь»,"Московская область, Реутов, Садовый проезд, 9",37.853425,55.769736999999985,ODEZHDA,,0.0
43044,RC,Бокс для приёма одежды «Не просто вещь»,"Московская область, Королёв, улица Аржакова, 7",37.853551,55.91708699999999,ODEZHDA,,0.0
43045,RC,Бокс для приёма одежды «Не просто вещь»,"Московская область, Ленинский городской округ, село Молоково, Солнечный проезд, 6",37.854060999999994,55.564057999999996,ODEZHDA,,0.0
43047,RC,Бокс для приёма одежды «Не просто вещь»,"Московская область, Реутов, Новая улица, 10",37.854862,55.75753599999999,ODEZHDA,,0.0
43048,RC,Бокс для приёма одежды «Не просто вещь»,"Московская область, Королёв, микрорайон Юбилейный, улица Нестеренко, 12",37.85571099999999,55.933458000000016,ODEZHDA,,0.0
43049,RC,Бокс для приёма одежды «Не просто вещь»,"Московская область, Котельники, 2-й Покровский проезд, 2",37.855978,55.65916000000001,ODEZHDA,,0.0
43050,RC,Бокс для приёма одежды «Не просто вещь»,"Московская область, Реутов, улица Ленина, 22",37.85621,55.76016000000001,ODEZHDA,,0.0
43051,RC,Бокс для приёма одежды «Не просто вещь»,"Москва, Оренбургская улица, 3",37.857234,55.71421099999999,ODEZHDA,,0.0
43052,RC,Бокс для приёма одежды «Не просто вещь»,"Московская область, Реутов, Советская улица, 14к1",37.85886,55.76883099999999,ODEZHDA,,0.0
43053,RC,Бокс для приёма одежды «Не просто вещь»,"Московская область, Королёв, Станционная площадь, 20",37.85951899999999,55.927456,ODEZHDA,,0.0
43054,RC,Бокс для приёма одежды «Не просто вещь»,"Московская область, Котельники, микрорайон Белая Дача, 17",37.860569,55.66624600000001,ODEZHDA,,0.0
43055,RC,Бокс для приёма одежды «Не просто вещь»,"Московская область, Реутов, Ашхабадская улица, 27к3",37.860611999999996,55.757616999999996,ODEZHDA,,0.0
43056,RC,Бокс для приёма одежды «Не просто вещь»,"Московская область, Котельники, 3-й Покровский проезд 1",37.860881,55.66784799999997,ODEZHDA,,0.0
43057,RC,Бокс для приёма одежды «Не просто вещь»,"Москва, Салтыковская улица, 6/2к2",37.861509999999996,55.72626899999999,ODEZHDA,,0.0
43058,RC,Бокс для приёма одежды «Не просто вещь»,"Москва, Салтыковская улица, 6/1к6",37.861574000000005,55.72481399999999,ODEZHDA,,0.0
43059,RC,Бокс для приёма одежды «Не просто вещь»,"Московская область, Котельники, микрорайон Южный, 7А",37.861975,55.646946,ODEZHDA,,0.0
43061,RC,Бокс для приёма одежды «Не просто вещь»,"Московская область, Реутов, проспект Мира, 17",37.862232999999996,55.76233599999998,ODEZHDA,,0.0
43062,RC,Бокс для приёма одежды «Не просто вещь»,"Московская область, Королёв, улица Строителей, 15",37.86223799999999,55.918933,ODEZHDA,,0.0
43063,RC,Бокс для приёма одежды «Не просто вещь»,"Московская область, Котельники, 3-й Покровский проезд, 4",37.862656,55.668922999999985,ODEZHDA,,0.0
43064,RC,Бокс для приёма одежды «Не просто вещь»,"Московская область, Королёв, проспект Космонавтов, 30Б",37.862821,55.91072499999999,ODEZHDA,,0.0
43065,RC,Бокс для приёма одежды «Не просто вещь»,"Московская область, Люберцы, Октябрьский проспект, 8к1",37.863847,55.692824999999985,ODEZHDA,,0.0
43068,RC,Бокс для приёма одежды «Не просто вещь»,"Московская область, Реутов, проспект Мира, 22",37.865393999999995,55.768164000000006,ODEZHDA,,0.0
43069,RC,Бокс для приёма одежды «Не просто вещь»,"Московская область, Королёв, микрорайон Первомайский,улица Горького, 47",37.84633699999999,55.94539300000001,ODEZHDA,,0.0
43070,RC,Бокс для приёма одежды «Не просто вещь»,"Московская область, г. Реутов, улица Реутовских Ополченцев д. 4",37.846948,55.771829,ODEZHDA,,0.0
43071,RC,Бокс для приёма одежды «Не просто вещь»,"Московская область, Королёв, микрорайон Юбилейный, улица М.К. Тихонравова, 36",37.84633699999999,55.936755999999995,ODEZHDA,,0.0
43076,RC,"Пункт приёма вторсырья в районом центре ""Место встречи Солнцево""","Россия, Москва, улица Богданова, 19",37.393363,55.652727999999996,"KRYSHECHKI,BATAREJKI,INOE","Располагаются контейнеры при входе, слева от эскалаторов, напротив кофейни и ""Вкусно и точка"".",1.0
43086,RC,"Контейнеры для вторсырья ГУП ""Экотехпром""","Россия, Москва, Липецкая улица, 14к1",37.672887,55.596320000000006,"PLASTIK,STEKLO",,0.0
43138,RC,Контейнер для приёма одежды «Второе дыхание»,"Россия, Москва, Волоколамское шоссе, 81/2с2",37.41172699999999,55.82563299999999,ODEZHDA,,0.0
43139,RC,"Точка приёма батареек и крышечек в магазине ""ВкусВилл""","Москва, Волоколамское шоссе, 71к2",37.431371,55.82037499999999,"KRYSHECHKI,BATAREJKI","Магазин работает круглосуточно, ночью доступ по карте магазина.",0.0
43152,RC,"Контейнеры для вторсырья ГУП ""Экотехпром""","Москва, Ангарская улица, 51",37.529003,55.881166999999984,"PLASTIK,STEKLO",,0.0
43161,RC,"Контейнеры для вторсырья ГУП ""Экотехпром""","Москва, улица Академика Арцимовича, 11",37.51436199999999,55.64127800000001,"PLASTIK,STEKLO",,0.0
43176,RC,Сетка для гафрокартона,"Россия, Москва, Садовая-Триумфальная улица, 2с2",37.59847,55.769792,BUMAGA,,0.0
43237,RC,"Контейнеры для вторсырья ГУП ""Экотехпром""","Москва, ул. Кулакова, 14",37.395649999999996,55.808341999999996,"PLASTIK,STEKLO",,0.0
43241,RC,"Контейнер для приёма одежды фонда ""Второе дыхание""","Московская обл., Одинцово, Северная ул., 7, офис 2",37.246117,55.67885899999999,ODEZHDA,,0.0
43243,RC,"Контейнер для приёма одежды фонда ""Второе дыхание""","Московская обл., Красногорск, Новорижское ш., 1",37.279379,55.801451,ODEZHDA,,0.0
43244,RC,"Контейнер для приёма одежды фонда ""Второе дыхание""","Московская обл., Красногорск, Народного Ополчения ул., 9",37.313425,55.833067,ODEZHDA,,0.0
43245,RC,"Контейнер для приёма одежды фонда ""Второе дыхание""","Московская обл., Одинцово, Сколковская ул., 3Б",37.321995,55.69575699999997,ODEZHDA,,0.0
43246,RC,"Контейнер для приёма одежды фонда ""Второе дыхание""","Московская обл., Отрадное, Лесная ул., 19к4",37.331883,55.86944299999999,ODEZHDA,,0.0
43247,RC,"Контейнер для приёма одежды фонда ""Второе дыхание""","Москва, Солнечная ул., 3",37.365726,55.59129000000001,ODEZHDA,,0.0
43248,RC,"Контейнер для приёма одежды фонда ""Второе дыхание""","Московская обл., Красногорск, Липовой Рощи ул., 1к3",37.378306,55.79855899999998,ODEZHDA,,0.0
43251,RC,"Контейнер для приёма одежды фонда ""Второе дыхание""","Москва, Просторная ул., 12к1",37.38967399999999,55.868081000000004,ODEZHDA,,0.0
43252,RC,"Контейнер для приёма одежды фонда ""Второе дыхание""","Московская обл., д. Путилково, Просторная ул., 5к1",37.389972,55.86620599999999,ODEZHDA,,0.0
43253,RC,"Контейнер для приёма одежды фонда ""Второе дыхание""","Московская обл., д. Путилково, Сходненская ул., 33",37.394866,55.872040999999975,ODEZHDA,,0.0
43255,RC,"Контейнер для приёма одежды фонда ""Второе дыхание""","Москва, Осенний бул., 12к1",37.408928,55.759284999999984,ODEZHDA,,0.0
43256,RC,"Контейнер для приёма одежды фонда ""Второе дыхание""","Москва, Василия Петушкова ул., 29",37.40927,55.83954,ODEZHDA,,0.0
43257,RC,"Контейнер для приёма одежды фонда ""Второе дыхание""","Москва, Волоколамское ш., 81/2с2",37.411513,55.825474999999976,ODEZHDA,,0.0
43259,RC,"Контейнер для приема одежды фонда ""Второе дыхание""","Москва, Можайское ш., 39",37.412955,55.71739699999999,ODEZHDA,,0.0
43261,RC,"Контейнер для приема одежды фонда ""Второе дыхание""","Москва, Прокшинский пр., 9",37.42916,55.59159899999998,ODEZHDA,,0.0
43262,RC,"Контейнер для приема одежды фонда ""Второе дыхание""","Москва, МКАД, 47 км",37.4297832,55.65966509999999,ODEZHDA,,0.0
43263,RC,"Контейнер для приема одежды фонда ""Второе дыхание""","Москва, Истринская ул., 10к1",37.436518,55.73654999999999,ODEZHDA,,0.0
43265,RC,"Контейнер для приема одежды фонда ""Второе дыхание""","Москва, Магеллана пр., 1",37.447855,55.59011899999999,ODEZHDA,,0.0
43266,RC,"Контейнер для приема одежды фонда ""Второе дыхание""","Москва, Паршина ул., 10",37.456764,55.790238999999985,ODEZHDA,,0.0
43267,RC,"Контейнер для приема одежды фонда ""Второе дыхание""","Москва, Большая Очаковская ул., 7",37.462535,55.68608599999998,ODEZHDA,,0.0
43268,RC,"Контейнер для приема одежды фонда ""Второе дыхание""","Москва, Большая Очаковская ул., 5",37.462535,55.68608599999998,ODEZHDA,,0.0
43271,RC,"Контейнер для приема одежды фонда ""Второе дыхание""","Москва, Олимпийская деревня, Мичуринский пр., 3",37.46669899999999,55.675961,ODEZHDA,,0.0
43274,RC,"Контейнер для приема одежды фонда ""Второе дыхание""","Москва, Народного Ополчения ул., 28к1",37.481171,55.781787999999985,ODEZHDA,,0.0
43276,RC,"Контейнер для приема одежды фонда ""Второе дыхание""","Москва, Щукинская ул., 2",37.482493999999996,55.80896200000001,ODEZHDA,,0.0
43277,RC,"Контейнер для приема одежды фонда ""Второе дыхание""","Москва, пос. Коммунарка, Липовый парк ул., 7к2",37.490781999999996,55.567680999999986,ODEZHDA,,0.0
43279,RC,"Контейнер для приема одежды фонда ""Второе дыхание""","Москва, Скандинавский бульвар, 4к2",37.495816,55.56634199999998,ODEZHDA,,0.0
43280,RC,"Контейнер для приема одежды фонда ""Второе дыхание""","Москва, Лобачевского ул., 14",37.50659799999999,55.667740000000016,ODEZHDA,,0.0
43281,RC,"Контейнер для приема одежды фонда ""Второе дыхание""","Москва, Эдварда Грига ул., 17",37.507098,55.55547299999999,ODEZHDA,,0.0
43283,RC,"Контейнер для приема одежды фонда ""Второе дыхание""","Москва, Потаповская роща ул., 24к1",37.508979999999994,55.551016000000004,ODEZHDA,,0.0
43285,RC,"Контейнер для приема одежды фонда ""Второе дыхание""","Россия, Москва, Ленинский проспект, 108с1",37.512052,55.66970399999999,ODEZHDA,,0.0
43286,RC,"Контейнер для приема одежды фонда ""Второе дыхание""","Москва, Ленинский пр-т., 105к1",37.516126,55.66433399999998,ODEZHDA,,0.0
43287,RC,"Контейнер для приема одежды фонда ""Второе дыхание""","Москва, Зои и Александра Космодемьянских ул., 23",37.517946,55.824146999999996,ODEZHDA,,0.0
43288,RC,"Контейнер для приема одежды фонда ""Второе дыхание""","Москва, Шмитовский пр., 39с2",37.5227758,55.75474200000001,ODEZHDA,,0.0
43291,RC,"Контейнер для приема одежды фонда ""Второе дыхание""","Москва, Южнобутовская ул., 58",37.529438,55.536742999999994,ODEZHDA,,0.0
43292,RC,"Контейнер для приема одежды фонда ""Второе дыхание""","Москва, Бутлерова ул., 9",37.529927,55.65203799999998,ODEZHDA,,0.0
43293,RC,"Контейнер для приема одежды фонда ""Второе дыхание""","Россия, Москва, Ходынский бульвар, 4",37.530066,55.79007199999998,ODEZHDA,,0.0
43294,RC,"Контейнер для приема одежды фонда ""Второе дыхание""","Москва, Пресненская наб., 2",37.539501,55.748981,ODEZHDA,,0.0
43295,RC,"Контейнер для приема одежды фонда ""Второе дыхание""","Москва, Дмитровское ш., 163А",37.540705,55.909680999999985,ODEZHDA,,0.0
43296,RC,"Контейнер для приема одежды фонда ""Второе дыхание""","Москва, Мантулинская ул., 5с2",37.550337,55.75548999999998,ODEZHDA,,0.0
43297,RC,"Контейнер для приема одежды фонда ""Второе дыхание""","Москва, Адмирала Ушакова бул., 5",37.551896,55.546686,ODEZHDA,,0.0
43298,RC,"Контейнер для приема одежды фонда ""Второе дыхание""","Москва, Рогачёвский пер., 5",37.55261099999999,55.86842099999999,ODEZHDA,,0.0
43300,RC,"Контейнер для приема одежды фонда ""Второе дыхание""","Москва, Поляны ул., 5А, корп. 1",37.55589499999999,55.55539600000001,ODEZHDA,,0.0
43301,RC,"Контейнер для приема одежды фонда ""Второе дыхание""","Москва, Беговая ул., 11",37.556984,55.779476,ODEZHDA,,0.0
43303,RC,"Контейнер для приема одежды фонда ""Второе дыхание""","Москва, Рочдельская ул., 15с43",37.56642,55.75641699999999,ODEZHDA,,0.0
43304,RC,"Контейнер для приема одежды фонда ""Второе дыхание""","Москва, Красностуденческий пр-д., 2",37.568975,55.82566,ODEZHDA,,0.0
43305,RC,"Контейнер для приема одежды фонда ""Второе дыхание""","Москва, Ленинградский пр., 15с12",37.57123299999999,55.78095499999999,ODEZHDA,,0.0
43306,RC,"Контейнер для приема одежды фонда ""Второе дыхание""","Москва, Черемушкинский пр., 5",37.57239599999999,55.691551999999994,ODEZHDA,,0.0
43307,RC,"Контейнер для приема одежды фонда ""Второе дыхание""","Москва, Абрамцевская ул., 4к2",37.573547999999995,55.89287699999998,ODEZHDA,,0.0
43308,RC,"Контейнер для приема одежды фонда ""Второе дыхание""","Москва, Ферсмана ул., 3к1",37.574438,55.69544199999998,ODEZHDA,,0.0
43309,RC,"Контейнер для приема одежды фонда ""Второе дыхание""","Москва, Ленинградский пр., 5с1",37.577167,55.779535,ODEZHDA,,0.0
43310,RC,"Контейнер для приема одежды фонда ""Второе дыхание""","Москва, Дмитрия Донского бул., 1",37.58012,55.575073,ODEZHDA,,0.0
43311,RC,"Контейнер для приема одежды фонда ""Второе дыхание""","Москва, Гримау ул., 9к2",37.581183,55.688901,ODEZHDA,,0.0
43312,RC,"Контейнер для приема одежды фонда ""Второе дыхание""","Москва, Инженерная ул., 1",37.582263000000005,55.87884399999998,ODEZHDA,,0.0
43313,RC,"Контейнер для приема одежды фонда ""Второе дыхание""","Москва, Смоленская пл., 6",37.58318799999999,55.74908899999999,ODEZHDA,,0.0
43315,RC,"Контейнер для приема одежды фонда ""Второе дыхание""","Москва, Алтуфьевское ш., 79",37.58537,55.88126299999998,ODEZHDA,,0.0
43316,RC,"Контейнер для приема одежды фонда ""Второе дыхание""","Москва, 2-я Брестская ул., 37к1",37.585412,55.77332199999999,ODEZHDA,,0.0
43317,RC,"Контейнер для приема одежды фонда ""Второе дыхание""","Москва, Алтуфьевское ш., 89",37.585601,55.894969,ODEZHDA,,0.0
43318,RC,"Контейнер для приема одежды фонда ""Второе дыхание""","Москва, Милашенкова ул., 8",37.5860781,55.82498199999999,ODEZHDA,,0.0
43319,RC,"Контейнер для приема одежды фонда ""Второе дыхание""","Москва, Васильевская ул., 4",37.586358999999995,55.77054199999999,ODEZHDA,,0.0
43320,RC,"Контейнер для приема одежды фонда ""Второе дыхание""","Москва, Новослободская ул., 48",37.595248999999995,55.786242999999985,ODEZHDA,,0.0
43321,RC,"Контейнер для приема одежды фонда ""Второе дыхание""","Москва, Санникова ул., 13",37.59756,55.861594,ODEZHDA,,0.0
43322,RC,"Контейнер для приема одежды фонда ""Второе дыхание""","Москва, Поварская ул.,, 8/1к1",37.59906099999999,55.753735,ODEZHDA,,0.0
43323,RC,"Контейнер для приема одежды фонда ""Второе дыхание""","Москва, Палиха ул., 14/33с2",37.60036999999999,55.784541000000004,ODEZHDA,,0.0
43324,RC,"Контейнер для приема одежды фонда ""Второе дыхание""","Москва, Варшавское ш., 143",37.600664,55.583708,ODEZHDA,,0.0
43325,RC,"Контейнер для приема одежды фонда ""Второе дыхание""","Москва, Декабристов ул., 12",37.602316,55.863205999999984,ODEZHDA,,0.0
43326,RC,"Контейнер для приема одежды фонда ""Второе дыхание""","Москва, Огородный пр-д., 10",37.603379,55.81337800000001,ODEZHDA,,0.0
43327,RC,"Контейнер для приема одежды фонда ""Второе дыхание""","Москва, Декабристов ул., 17",37.605081999999996,55.864964999999984,ODEZHDA,,0.0
43328,RC,"Контейнер для приема одежды фонда ""Второе дыхание""","Москва, Большой Гнездниковский пер., 3",37.605154999999996,55.761889999999994,ODEZHDA,,0.0
43329,RC,"Контейнер для приема одежды фонда ""Второе дыхание""","Москва, Серпуховский Вал ул., 24к2",37.610113999999996,55.71290599999998,ODEZHDA,,0.0
43331,RC,"Контейнер для приема одежды фонда ""Второе дыхание""","Москва, Октябрьская ул., 89",37.612407,55.79729999999999,ODEZHDA,,0.0
43332,RC,"Контейнер для приема одежды фонда ""Второе дыхание""","Москва, Варшавское ш., 129А",37.6127244,55.614616599999984,ODEZHDA,,0.0
43333,RC,"Контейнер для приема одежды фонда ""Второе дыхание""","Москва, 4-й Самотёчный пер., 9, подъезд №1",37.612810999999994,55.778735000000005,ODEZHDA,,0.0
43334,RC,"Контейнер для приема одежды фонда ""Второе дыхание""","Москва, Берёзовая аллея ул., 9с2",37.61287399999999,55.851652,ODEZHDA,,0.0
43336,RC,"Контейнер для приема одежды фонда ""Второе дыхание""","Москва, Олонецкая, 4",37.619049,55.85236200000001,ODEZHDA,,0.0
43337,RC,"Контейнер для приема одежды фонда ""Второе дыхание""","Москва, 5-й Марьиной Рощи пр-д., 15А",37.619506,55.798234,ODEZHDA,,0.0
43338,RC,"Контейнер для приема одежды фонда ""Второе дыхание""","Москва, Цветной бульвар, 15",37.61994669999999,55.7710991,ODEZHDA,,0.0
43341,RC,"Контейнер для приема одежды фонда ""Второе дыхание""","Москва, Сельскохозяйственная ул., 39",37.623181,55.854899999999994,ODEZHDA,,0.0
43342,RC,"Контейнер для приема одежды фонда ""Второе дыхание""","Москва, Холодильный пер., 3к1с2",37.62481499999999,55.70926699999999,ODEZHDA,,0.0
43343,RC,"Контейнер для приема одежды фонда ""Второе дыхание""","Москва, Новокузнецкая ул., 11/13",37.63147,55.738747,ODEZHDA,,0.0
43344,RC,"Контейнер для приема одежды фонда ""Второе дыхание""","Москва, Годовикова ул., 6",37.6317867,55.80464380000001,ODEZHDA,,0.0
43345,RC,"Контейнер для приема одежды фонда ""Второе дыхание""","Москва, Каширское ш., 3к2с2",37.63250599999999,55.67335700000002,ODEZHDA,,0.0
43346,RC,"Контейнер для приема одежды фонда ""Второе дыхание""","Москва, Большая Татарская ул., 35с3",37.6352189,55.73766599999999,ODEZHDA,,0.0
43347,RC,"Контейнер для приема одежды фонда ""Второе дыхание""","Москва, Большой Спасоглинищевский пер., 5/4с8",37.635642999999995,55.756281999999985,ODEZHDA,,0.0
43348,RC,"Контейнер для приема одежды фонда ""Второе дыхание""","Москва, Мясницкая ул., 24/7с1, подъезд 12",37.635678,55.76254399999999,ODEZHDA,,0.0
43349,RC,"Контейнер для приема одежды фонда ""Второе дыхание""","Москва, Лазоревый пр., 3",37.636104,55.84922199999998,ODEZHDA,,0.0
43350,RC,"Контейнер для приема одежды фонда ""Второе дыхание""","Московская обл., Нагорное, Полковника Романова ул., 5",37.63915,55.90174799999999,ODEZHDA,,0.0
43352,RC,"Контейнер для приема одежды фонда ""Второе дыхание""","Россия, Московская область, городской округ Мытищи, посёлок Нагорное, ЖК Датский Квартал, улица Полковника Романова, 7",37.641531,55.90140099999999,ODEZHDA,,0.0
43355,RC,"Контейнер для приема одежды фонда ""Второе дыхание""","Москва, Краснохолмская наб., 1/15",37.65109,55.73633199999999,ODEZHDA,,0.0
43356,RC,"Контейнер для приема одежды фонда ""Второе дыхание""","Москва, Покровка ул., 43с8",37.651653,55.76324699999999,ODEZHDA,,0.0
43357,RC,"Контейнер для приема одежды фонда ""Второе дыхание""","Москва, Кольская ул., 2к4",37.655133000000006,55.858378,ODEZHDA,,0.0
43360,RC,"Контейнер для приема одежды фонда ""Второе дыхание""","Москва, 2-й Сыромятнический пр., 1",37.662179,55.753818,ODEZHDA,,0.0
43361,RC,"Контейнер для приема одежды фонда ""Второе дыхание""","Московская обл., Бородино, Малая Бородинская ул., 1к3",37.66279999999999,55.9207,ODEZHDA,,0.0
43363,RC,"Контейнер для приема одежды фонда ""Второе дыхание""","Москва, Андропова пр., 8",37.664381,55.696311999999985,ODEZHDA,,0.0
43364,RC,"Контейнер для приема одежды фонда ""Второе дыхание""","Москва, Шокальского пр., 61",37.666736,55.884018999999995,ODEZHDA,,0.0
43365,RC,"Контейнер для приема одежды фонда ""Второе дыхание""","Москва, Ольховская ул., 14с1",37.670939,55.774615999999995,ODEZHDA,,0.0
43366,RC,"Контейнер для приема одежды фонда ""Второе дыхание""","Москва, Трофимова ул., 24к1",37.676017,55.702513,ODEZHDA,,0.0
43367,RC,"Контейнер для приема одежды фонда ""Второе дыхание""","Москва, 7-я Кожуховская ул., 9",37.676971,55.711456,ODEZHDA,,0.0
43368,RC,"Контейнер для приема одежды фонда ""Второе дыхание""","Москва, Анадырский пр., 13",37.680517,55.862596999999994,ODEZHDA,,0.0
43369,RC,"Контейнер для приема одежды фонда ""Второе дыхание""","Москва, Малая Калитниковская ул., 22",37.684571,55.73326700000001,ODEZHDA,,0.0
43370,RC,"Контейнер для приема одежды фонда ""Второе дыхание""","Москва, Переведеновский пер., 18с4",37.689448,55.779287,ODEZHDA,,0.0
43373,RC,"Контейнер для приема одежды фонда ""Второе дыхание""","Москва, Маршала Рокоссовского бул., 33/12",37.71450099999999,55.816568999999994,ODEZHDA,,0.0
43374,RC,"Контейнер для приема одежды фонда ""Второе дыхание""","Московская обл., Видное, Ольховая ул., 9",37.724959,55.54295699999999,ODEZHDA,,0.0
43376,RC,"Контейнер для приема одежды фонда ""Второе дыхание""","Москва, 8-я Текстильщиков ул., 9",37.742611999999994,55.70405499999999,ODEZHDA,,0.0
43377,RC,"Контейнер для приема одежды фонда ""Второе дыхание""","Москва, Марьинский б-р., 1",37.748104,55.648941,ODEZHDA,,0.0
43381,RC,"Контейнер для приема одежды фонда ""Второе дыхание""","Москва, Юных Ленинцев ул., 52",37.765489,55.699861,ODEZHDA,,0.0
43382,RC,"Контейнер для приема одежды фонда ""Второе дыхание""","Москва, Поречная ул., 10",37.770855,55.649545,ODEZHDA,,0.0
43383,RC,"Контейнер для приема одежды фонда ""Второе дыхание""","Московская обл., Мытищи, 1-й Стрелковый пер., 1",37.771125,55.943309999999975,ODEZHDA,,0.0
43384,RC,"Контейнер для приема одежды фонда ""Второе дыхание""","Московская обл., Мисайлово, Литературный б-р., 1",37.8132388,55.55680599999999,ODEZHDA,,0.0
43385,RC,"Контейнер для приема одежды фонда ""Второе дыхание""","Московская обл., Мисайлово, Современников ул., 7",37.81782299999999,55.554748,ODEZHDA,,0.0
43386,RC,"Контейнер для приема одежды фонда ""Второе дыхание""","Московская обл., деревня Коробово, Авиаторов ул., 1",37.819638999999995,55.52776999999998,ODEZHDA,,0.0
43389,RC,"Контейнер для приема одежды фонда ""Второе дыхание""","Балашиха, Реутовская ул., 11",37.8519641,55.78329399999999,ODEZHDA,,0.0
43390,RC,"Контейнер для приема одежды фонда ""Второе дыхание""","Москва, Генерала Кузнецова ул., 22",37.854234,55.68622649999999,ODEZHDA,,0.0
43391,RC,"Контейнер для приема одежды фонда ""Второе дыхание""","Москва, Генерала Кузнецова ул., 22",37.854631999999995,55.685785999999986,ODEZHDA,,0.0
43393,RC,"Контейнер для приема одежды фонда ""Второе дыхание""","Московская обл., Люберцы, Весенняя ул., 6",37.910463,55.69896200000001,ODEZHDA,,0.0
43394,RC,"Контейнер для приема одежды фонда ""Второе дыхание""","Москва, Маресьева ул., 6к2",37.93748,55.70982499999998,ODEZHDA,,0.0
43395,RC,"Контейнер для приема одежды фонда ""Второе дыхание""","Московская обл., Мирный, Свободы ул., 5",37.947721,55.623046,ODEZHDA,,0.0
43403,RC,"Приём вторсырья в коворкинге ""Душе полезно""","Россия, Москва, улица Правды, 1/2",37.572648,55.785326,"KRYSHECHKI,BATAREJKI,INOE","Возможно посещение круглосуточно по согласованию заранее через администратора, пишите в Телеграм на @dushepolezno_work",0.0
43405,RC,"Контейнеры для вторсырья ГУП ""Экотехпром""","Москва, бульвар Яна Райниса, 23",37.427154,55.848815,"PLASTIK,STEKLO",,0.0
43462,RC,Благодарный шкаф,"Россия, Москва, Старопетровский проезд, 1с1",37.50060899999999,55.823250000000016,ODEZHDA,,0.0
43464,RC,"Контейнеры для вторсырья ГУП ""Экотехпром""","Москва, Коломенская набережная, 6",37.709383,55.684543,"PLASTIK,STEKLO",,0.0
43503,RC,"Контейнеры для вторсырья ГУП ""Экотехпром""","Россия, Москва, улица Генерала Белова, 35А",37.723808,55.611736999999984,"PLASTIK,STEKLO",,1.0
43528,RC,Контейнер для приёма вещей «Зеленая капля»,"Москва,  пр-кт Гагарина, д.13",37.909902,55.688908,ODEZHDA,,0.0
43529,RC,Контейнер для приёма вещей «Зеленая капля»,"Россия, Московская область, городской округ Люберцы, посёлок городского типа Томилино, Новорязанское шоссе, 23-й километр, 17",37.906154,55.655029000000006,ODEZHDA,,0.0
43531,RC,Контейнер для приёма вещей «Зеленая капля»,"Реутов, ул. Железнодорожная д.7",37.86594500000001,55.755687,ODEZHDA,,0.0
43532,RC,Контейнер для приёма вещей «Зеленая капля»,"Реутов, ул. Победы д 20",37.85350799999999,55.766464,ODEZHDA,,0.0
43533,RC,Контейнер для приёма вещей «Зеленая капля»,"ГО Пушкинский, Большая Тарасовская ул., 2",37.84743399999999,55.968244000000006,ODEZHDA,,0.0
43534,RC,Контейнер для приёма вещей «Зеленая капля»,"Россия, Москва, МКАД, 104-й километр, 6",37.837804999999996,55.81149599999999,ODEZHDA,,0.0
43535,RC,Контейнер для приёма вещей «Зеленая капля»,"Мытищи, Шараповский проезд, владение 2, стр 3",37.756750999999994,55.916183000000004,ODEZHDA,,0.0
43536,RC,Контейнер для приёма вещей «Зеленая капля»,"Россия, Московская область, Ленинский городской округ, посёлок Совхоза имени Ленина, вл8",37.755643,55.57497099999999,ODEZHDA,,0.0
43537,RC,Контейнер для приёма вещей «Зеленая капля»,"Москва, Шипиловская ул., 50, корп. 1",37.73817,55.62123,ODEZHDA,,0.0
43538,RC,Контейнер для приёма вещей «Зеленая капля»,"Москва, б-р. Новочеркасский, д. 29",37.735512,55.649114,ODEZHDA,,0.0
43539,RC,Контейнер для приёма вещей «Зеленая капля»,"Россия, Москва, Шоссейная улица, 2Б",37.72561999999999,55.70055299999999,ODEZHDA,,0.0
43540,RC,Контейнер для приёма вещей «Зеленая капля»,"Москва, Шоссейная, 34",37.72293,55.68254999999999,ODEZHDA,,0.0
43541,RC,Контейнер для приёма вещей «Зеленая капля»,"Москва, ул.Коломенская, д. 7",37.702208,55.682294000000006,ODEZHDA,,0.0
43542,RC,Контейнер для приёма вещей «Зеленая капля»,"Москва, ул. Малыгина, д.7",37.69471999999999,55.880349,ODEZHDA,,0.0
43543,RC,Контейнер для приёма вещей «Зеленая капля»,"Москва, Ярославское ш., 12, корп. 2",37.68305999999999,55.854517,ODEZHDA,,0.0
43545,RC,Контейнер для приема вещей «Зеленая капля»,"Россия, Москва, проспект Мира, 211к1",37.66268999999999,55.843544,ODEZHDA,,0.0
43546,RC,Контейнер для приёма вещей «Зеленая капля»,"Москва, пр-т. Андропова, д. 36",37.662183,55.676031,ODEZHDA,,0.0
43547,RC,Контейнер для приёма вещей «Зеленая капля»,"Москва, Пролетарский пр-т., вл. 30",37.65760100000001,55.630759,ODEZHDA,,0.0
43548,RC,Контейнер для приёма вещей «Зеленая капля»,"Москва, ул. Бакинская, д. 17",37.65750899999999,55.62026399999999,ODEZHDA,,0.0
43549,RC,Контейнер для приёма вещей «Зеленая капля»,"Москва, Пролетарский просп., 19, корп. 1",37.65618,55.641200000000005,ODEZHDA,,0.0
43550,RC,Контейнер для приёма вещей «Зеленая капля»,"Россия, Москва, Дорожная улица, 1к1",37.62410899999999,55.630598,ODEZHDA,,0.0
43551,RC,Контейнер для приёма вещей «Зеленая капля»,"Москва, Римского-Корсакова 20",37.60982,55.874328999999996,ODEZHDA,,0.0
43552,RC,Контейнер для приёма вещей «Зеленая капля»,"Москва, Балаклавский проспект д.16А",37.603669999999994,55.642209999999984,ODEZHDA,,0.0
43553,RC,Контейнер для приёма вещей «Зеленая капля»,"Москва, Тихвинская ул., 17, стр. 1",37.59967,55.78920999999999,ODEZHDA,,0.0
43554,RC,Контейнер для приёма вещей «Зеленая капля»,"Москва, Алтуфьевское ш. 40Д",37.591198,55.871016000000004,ODEZHDA,,0.0
43555,RC,Контейнер для приёма вещей «Зеленая капля»,"Москва, ул. Новодмитровска д. 2 к2",37.59061,55.804869,ODEZHDA,,0.0
43556,RC,Контейнер для приёма вещей «Зеленая капля»,"Москва, ш. Алтуфьевское, д. 42Г",37.58991499999999,55.873193000000015,ODEZHDA,,0.0
43557,RC,Контейнер для приёма вещей «Зеленая капля»,"Москва, Новочерёмушкинская ул., 26, корп. 1",37.575298,55.680056999999984,ODEZHDA,,0.0
43558,RC,Контейнер для приёма вещей «Зеленая капля»,"Москва, ул. Гарибальди д. 23",37.554709,55.671309999999984,ODEZHDA,,0.0
43559,RC,Контейнер для приёма вещей «Зеленая капля»,"Москва, Ленинградский пр-кт 80 к17",37.51150799999999,55.80795599999999,ODEZHDA,,0.0
43560,RC,Контейнер для приёма вещей «Зеленая капля»,"Москва, ул. Лобачевского, 2",37.510020999999995,55.665259,ODEZHDA,,0.0
43561,RC,Контейнер для приёма вещей «Зеленая капля»,"Москва, Скандинавский б-р,10",37.49992,55.56421099999998,ODEZHDA,,0.0
43562,RC,Контейнер для приёма вещей «Зеленая капля»,"Долгопрудный, Лихачевский пр-кт д. 74",37.49294,55.93618699999999,ODEZHDA,,0.0
43563,RC,Контейнер для приема вещей «Зеленая капля»,"Москва, Маршала Рыбалко 11",37.489418,55.79773399999998,ODEZHDA,,0.0
43564,RC,Контейнер для приёма вещей «Зеленая капля»,"Москва, ул. Дыбенко д. 7/1 стр 1",37.47911499999999,55.87853599999998,ODEZHDA,,0.0
43566,RC,Контейнер для приёма вещей «Зеленая капля»,"Россия, Москва, Ленинградское шоссе, 71Г",37.44815899999999,55.87581999999999,ODEZHDA,,0.0
43567,RC,Контейнер для приема вещей «Зеленая капля»,"Москва, ул. Свободы, 75, корп. 1",37.44480599999999,55.860477,ODEZHDA,,0.0
43568,RC,Контейнер для приёма вещей «Зеленая капля»,"Россия, Москва, Рябиновая улица, 59",37.431082,55.686007000000004,ODEZHDA,,0.0
43569,RC,Контейнер для приёма вещей «Зеленая капля»,"Москва, ул. Молодогвардейская, д. 15",37.42627499999999,55.733378999999985,ODEZHDA,,0.0
43570,RC,Контейнер для приёма вещей «Зеленая капля»,"Москва, Осенний бульвар, 12к2",37.41092199999999,55.758291,ODEZHDA,,0.0
43571,RC,Контейнер для приёма вещей «Зеленая капля»,"Москва, Осенний бульвар, 12к1",37.40879100000001,55.75870099999999,ODEZHDA,,0.0
43572,RC,Контейнер для приёма вещей «Зеленая капля»,"Россия, Москва, улица Маршала Прошлякова, 14",37.389109,55.791360999999995,ODEZHDA,,0.0
43573,RC,Контейнер для приёма вещей «Зеленая капля»,"Россия, Москва, Западный административный округ, район Ново-Переделкино, 2-й квартал, 3с1",37.38817,55.619912,ODEZHDA,,0.0
43574,RC,Контейнер для приёма вещей «Зеленая капля»,"Москва, Генерала Белобородова д. 14/1",37.354402,55.835468,ODEZHDA,,0.0
43575,RC,Контейнер для приёма вещей «Зеленая капля»,"Москва, Ангелов переулок д. 7",37.34762899999999,55.851924000000004,ODEZHDA,,0.0
43585,RC,"Пункт приёма батареек в магазине ""Перекрёсток""","Москва, ул. Средняя Калитниковская, 28с4",37.697621,55.73091199999998,BATAREJKI,,0.0
43586,RC,"Пункт приёма батареек в магазине ""Перекрёсток""","Москва, ул. Череповецкая, 18",37.578873,55.89761399999999,BATAREJKI,,0.0
43587,RC,"Пункт приёма батареек в магазине ""Перекрёсток""","Москва, ул. Снежная, 26",37.653316,55.854987,BATAREJKI,,0.0
43588,RC,"Пункт приёма батареек в магазине ""Перекрёсток""","Москва, ул. Рождественская 11",37.914626999999996,55.70253099999999,BATAREJKI,,0.0
43589,RC,"Пункт приёма батареек в магазине ""Перекрёсток""","Москва, ул. Намёткина, 3",37.545824,55.666056,BATAREJKI,,0.0
43590,RC,"Пункт приёма батареек в магазине ""Перекрёсток""","Москва, ул. Матвеевская, 2",37.47915999999999,55.705387,BATAREJKI,,0.0
43591,RC,"Пункт приёма батареек в магазине ""Перекрёсток""","Москва, ул. Коровий вал, 1",37.62261199999999,55.72933099999998,BATAREJKI,,0.0
43592,RC,"Пункт приёма батареек в магазине ""Перекрёсток""","Москва, ул. Кировоградская, 9к4",37.611742,55.621719,BATAREJKI,,0.0
43593,RC,"Пункт приёма батареек в магазине ""Перекрёсток""","Москва, ул. Зеленоградская, 33к 2",37.490497,55.875223,BATAREJKI,,0.0
43594,RC,"Пункт приёма батареек в магазине ""Перекрёсток""","Москва, ул. Вешняковская, 18",37.825101,55.724089000000006,BATAREJKI,,0.0
43595,RC,"Пункт приёма батареек в магазине ""Перекрёсток""","Москва, ул. Адмирала Лазарева, 2",37.54323699999999,55.54703599999999,BATAREJKI,,0.0
43596,RC,"Пункт приёма батареек в магазине ""Перекрёсток""","Москва, ул. Бакинская, 17",37.657718,55.62038199999998,BATAREJKI,,0.0
43597,RC,"Пункт приёма батареек в магазине ""Перекрёсток""","Москва, ул.  Череповецкая, 17",37.58517,55.898905999999975,BATAREJKI,,0.0
43598,RC,"Пункт приёма батареек в магазине ""Перекрёсток""","Москва, ул. Малая Филёвская, 13",37.46738299999999,55.736392,BATAREJKI,,0.0
43599,RC,"Пункт приёма батареек в магазине ""Перекрёсток""","Москва, Спасо-Тушинский бульвар, 1",37.399381,55.872496,BATAREJKI,,0.0
43600,RC,"Пункт приёма батареек в магазине ""Перекрёсток""","Москва, Мячковский бульвар, 18к1",37.75882299999999,55.649920999999985,BATAREJKI,,0.0
43601,RC,Контейнер для батареек в магазине «METRO»,"Москва, МКАД, 104-й километр, 6",37.837849,55.81104499999999,BATAREJKI,,0.0
43602,RC,"Пункт приёма батареек в магазине ""Перекрёсток""","Москва, Каширское шоссе, 26",37.64633599999999,55.65335000000001,BATAREJKI,,0.0
43604,RC,Контейнер для батареек в магазине «METRO»,"Москва, Боровское шоссе, 10А",37.375232999999994,55.653668999999994,BATAREJKI,,0.0
43605,RC,"Пункт приёма батареек в магазине ""Перекрёсток""","Москва, Никулинская ул., 21",37.453531,55.66897999999997,BATAREJKI,,0.0
43606,RC,"Пункт приёма батареек в магазине ""Перекрёсток""","Москва, Лазоревый проезд, 5к5",37.635584,55.84731099999999,BATAREJKI,,0.0
43607,RC,"Пункт приёма батареек в магазине ""Перекрёсток""","Москва, Кронштадтский бульвар, 3А",37.48543000000001,55.840897,BATAREJKI,,0.0
43609,RC,"Пункт приёма батареек в магазине ""Перекрёсток""","Москва, Волгоградский проспект, 18с1",37.677283,55.72832699999999,BATAREJKI,,0.0
43610,RC,"Пункт приёма батареек в магазине ""Перекрёсток""","Королев, ул. Горького, 79к13",37.883195,55.918348,BATAREJKI,,0.0
43614,RC,"Пункт приёма батареек в магазине ""Перекрёсток""","Королёв, пр-т Космонавтов,  41/1",37.867133,55.907898999999986,BATAREJKI,,0.0
43626,RC,"Пункт приёма батареек в магазине ""Перекрёсток""","Химки, ул. 9 мая, 8А",37.415496,55.90157100000001,BATAREJKI,,0.0
43631,RC,"Контейнер для приема опасных отходов в магазине ""Lemana Pro""","Москва, Рязанский проспект, 2к3",37.734524,55.72939699999999,"LAMPOCHKI,BATAREJKI,OPASNYE_OTHODY",,0.0
43632,RC,"Контейнер для приема опасных отходов в магазине ""Lemana Pro""","Мытищи, Осташковское ш., 1",37.668200999999996,55.89936099999999,"ODEZHDA,LAMPOCHKI,BATAREJKI,OPASNYE_OTHODY",,0.0
43634,RC,"Контейнер для приема опасных отходов в магазине ""Lemana Pro""","МКАД, 84 км, ТПЗ Алтуфьево, вл. 3c2",37.572934999999994,55.91534599999999,"LAMPOCHKI,BATAREJKI,OPASNYE_OTHODY",,0.0
43636,RC,"Контейнер для приема опасных отходов в магазине ""Lemana Pro""","Мытищи, улица Мира, вл. 42c1",37.711446,55.922912999999994,"LAMPOCHKI,BATAREJKI,OPASNYE_OTHODY",,0.0
43637,RC,"Контейнер для приема опасных отходов в магазине ""Lemana Pro""","Москва, шоссе Энтузиастов, 12к2",37.707107,55.74736800000001,"LAMPOCHKI,BATAREJKI,OPASNYE_OTHODY",,0.0
43638,RC,"Контейнер для приема опасных отходов в магазине ""Lemana Pro""","с.п. Булатниковское, Варшавское шоссе, 21-й километр, 25Ю/5",37.603891,55.571819999999995,"ODEZHDA,LAMPOCHKI,BATAREJKI,OPASNYE_OTHODY",,0.0
43641,RC,"Точка приема крышечек и батареек в магазине ""Вкусвилл""","Россия, Московская область, городской округ Красногорск, посёлок городского типа Путилково, Спасо-Тушинский бульвар, 3",37.398723999999994,55.873146,"KRYSHECHKI,BATAREJKI",,0.0
43644,RC,Контейнер для одежды «Благодарный шкаф»,"Лыткарино, пр-д Горбачёва ДК Мир",37.909637,55.579029,ODEZHDA,,0.0
43645,RC,Контейнер для одежды «Благодарный шкаф»,"Лыткарино, ул. Ленина, 12",37.90057,55.578945,ODEZHDA,,0.0
43646,RC,Контейнер для одежды «Благодарный шкаф»,"Лыткарино, Первомайская, 23",37.908698,55.56946499999999,ODEZHDA,,0.0
43647,RC,Контейнер для одежды «Благодарный шкаф»,"Лыткарино, 7-й Квартал, 5А",37.899399,55.582657,ODEZHDA,,0.0
43648,RC,Контейнер для одежды «Благодарный шкаф»,"Лыткарино, ул. Спортивная, 4",37.907177,55.58426999999999,ODEZHDA,,0.0
43649,RC,Контейнер для одежды «Благодарный шкаф»,"Лыткарино, ул. Спортивная, 13",37.90609,55.585097999999995,ODEZHDA,,0.0
43650,RC,Контейнер для одежды «Благодарный шкаф»,"Лыткарино, 2-й Квартал, 18",37.901562000000006,55.58834100000001,ODEZHDA,,0.0
43651,RC,Контейнер для одежды «Благодарный шкаф»,"Лыткарино, ул. Спортивная, 22",37.903686,55.587799,ODEZHDA,,0.0
43652,RC,Контейнер для одежды «Благодарный шкаф»,"Лыткарино, Степана Степанова, 2",37.900786999999994,55.585425,ODEZHDA,,0.0
43653,RC,Контейнер для одежды «Благодарный шкаф»,"Лыткарино, ул. Набережная, 24/30",37.911421999999995,55.575389,ODEZHDA,,0.0
43654,RC,Контейнер для одежды «Благодарный шкаф»,"Лыткарино, ул.Набережная, 13",37.900535999999995,55.57330300000001,ODEZHDA,,0.0
43655,RC,Контейнер для одежды «Благодарный шкаф»,"Лыткарино, ул. Набережная, 5",37.898972,55.573947999999994,ODEZHDA,,0.0
43656,RC,Контейнер для одежды «Благодарный шкаф»,"Лыткарино, ул. Парковая, 14а",37.911421999999995,55.575389,ODEZHDA,,0.0
43657,RC,Контейнер для одежды «Благодарный шкаф»,"Лыткарино, 6-й Микрорайон, 15А",37.88405600000001,55.597015,ODEZHDA,,0.0
43658,RC,Контейнер для одежды «Благодарный шкаф»,"Лыткарино, 6-й Микрорайон, 24",37.881397,55.59626799999999,ODEZHDA,,0.0
43659,RC,Контейнер для одежды «Благодарный шкаф»,"Лыткарино, Микрорайон 4А, 8",37.891375999999994,55.585342,ODEZHDA,,0.0
43660,RC,Контейнер для одежды «Благодарный шкаф»,"Лыткарино, Микрорайон 4А, 1",37.885425999999995,55.591184,ODEZHDA,,0.0
43661,RC,Контейнер для одежды «Благодарный шкаф»,"Россия, Московская область, Лыткарино, Октябрьская улица, 18",37.90829599999999,55.576263000000004,ODEZHDA,,0.0
43662,RC,Контейнер для одежды «Благодарный шкаф»,"Лыткарино, ул, Набережная, 3",37.89793699999999,55.57436499999998,ODEZHDA,,0.0
43663,RC,Контейнер для одежды «Благодарный шкаф»,"Лыткарино, 6-й Микрорайон, 15Д",37.88363,55.59568900000001,ODEZHDA,,0.0
43664,RC,Контейнер для одежды «Благодарный шкаф»,"Лыткарино, ул. Советская, 6/14",37.906533,55.582257999999996,ODEZHDA,,0.0
43665,RC,Контейнер для одежды «Благодарный шкаф»,"Лыткарино, ул. Спротивная, 24",37.905807,55.585868999999995,ODEZHDA,,0.0
43673,RC,Контейнер для одежды «Благодарный шкаф»,"Люберцы, Новорязанское шоссе, 23-й километр, 21с1",37.907486,55.65201900000002,ODEZHDA,,0.0
43674,RC,Контейнер для одежды «Благодарный шкаф»,"МО, Люберецкий р-н, п. Томилино",37.915288,55.645599000000004,ODEZHDA,,0.0
43675,RC,Контейнер для одежды «Благодарный шкаф»,"п. Томилино, Егорьевское шоссе, 3в",37.923790999999994,55.65866599999998,ODEZHDA,,0.0
43676,RC,Контейнер для одежды «Благодарный шкаф»,"п.Томилино, Егорьевское шоссе, 2-й километр, с2",37.928838999999996,55.65896200000002,ODEZHDA,,0.0
43677,RC,Контейнер для одежды «Благодарный шкаф»,"п.Томилино, ул. Хомякова, 20/1",37.934291,55.659419000000014,ODEZHDA,,0.0
43678,RC,Контейнер для одежды «Благодарный шкаф»,"Люберцы, Октябрьский просп., 366",37.910504,55.66317699999998,ODEZHDA,,0.0
43679,RC,Контейнер для одежды «Благодарный шкаф»,"Люберцы, Октябрьский просп., 364",37.91070200000001,55.662659000000005,ODEZHDA,,0.0
43680,RC,Контейнер для одежды «Благодарный шкаф»,"Люберцы, Юбилейная улица, 13А",37.874792,55.669032999999985,ODEZHDA,,0.0
43681,RC,Контейнер для одежды «Благодарный шкаф»,"Люберцы, ул. Коммунистическая, 5/20",37.89328299999999,55.69906600000001,ODEZHDA,,0.0
43682,RC,Контейнер для одежды «Благодарный шкаф»,"Люберцы, ул. Смирновская, 179",37.894634,55.679760999999985,ODEZHDA,,0.0
43683,RC,Контейнер для одежды «Благодарный шкаф»,"Люберцы, Волковская улица, 43",37.898642,55.679846,ODEZHDA,,0.0
43684,RC,Контейнер для одежды «Благодарный шкаф»,"Люберцы, ул. Митрофанова, 22",37.889744,55.69477899999999,ODEZHDA,,0.0
43685,RC,Контейнер для одежды «Благодарный шкаф»,"Люберцы, ул. Побратимов, 7",37.89647899999999,55.69217100000001,ODEZHDA,,0.0
43686,RC,Контейнер для одежды «Благодарный шкаф»,"Россия, Москва, улица Генерала Кузнецова, 22",37.85411299999999,55.685808999999985,ODEZHDA,,0.0
43687,RC,Контейнер для одежды «Благодарный шкаф»,"Люберцы, 3 Почтовое отделение, д. 100",37.865664,55.684208999999996,ODEZHDA,,0.0
43688,RC,Контейнер для одежды «Благодарный шкаф»,"Люберцы, ул. Космонавтов, 15Ас1",37.90648,55.659074,ODEZHDA,,0.0
43689,RC,Контейнер для одежды «Благодарный шкаф»,"Люберцы, ул. Электрификации, 1Б",37.923278,55.667959999999994,ODEZHDA,,0.0
43690,RC,Контейнер для одежды «Благодарный шкаф»,"Люберцы, ул. Урицкого, 8А",37.892971,55.6998,ODEZHDA,,0.0
43691,RC,Контейнер для одежды «Благодарный шкаф»,"Котельники, Новорязанское ш., 8",37.880247,55.662186999999996,ODEZHDA,,0.0
43692,RC,Контейнер для одежды «Благодарный шкаф»,"Котельники, 1-й Покровский пр., 5",37.84484,55.654006,ODEZHDA,,0.0
43693,RC,Контейнер для одежды «Благодарный шкаф»,"Котельники, Новорязанское ш., 5",37.86616399999999,55.66764800000001,ODEZHDA,,0.0
43694,RC,Контейнер для одежды «Благодарный шкаф»,"Котельники, мкр. Южный, 8",37.860889,55.64724300000001,ODEZHDA,,0.0
43695,RC,Контейнер для одежды «Благодарный шкаф»,"Котельники, 3-й Покровский проезд, 7",37.860454999999995,55.66920499999997,ODEZHDA,,0.0
43696,RC,Контейнер для одежды «Благодарный шкаф»,"Москва, ул. Покровская, 21",37.929039,55.70127200000001,ODEZHDA,,0.0
43697,RC,Контейнер для одежды «Благодарный шкаф»,"Москва, Вертолётчиков, 11",37.940920999999996,55.70290599999997,ODEZHDA,,0.0
43698,RC,Контейнер для одежды «Благодарный шкаф»,"Москва, ул. Лавриненко, 11к2",37.949341,55.701881,ODEZHDA,,0.0
43699,RC,Контейнер для одежды «Благодарный шкаф»,"Москва ул., Льва Яшина, 5/2",37.9241,55.69876,ODEZHDA,,0.0
43700,RC,Контейнер для одежды «Благодарный шкаф»,"Некрасовка, ул. Липчанского, 4",37.93562299999999,55.704278999999985,ODEZHDA,,0.0
43701,RC,Контейнер для одежды «Благодарный шкаф»,"Некрасовка, 1-я Вольская улица, 13к2с1",37.925307,55.68538599999999,ODEZHDA,,0.0
43702,RC,Контейнер для одежды «Благодарный шкаф»,"Некрасовка, ул. Рождественская, 21к4",37.915112,55.705898999999974,ODEZHDA,,0.0
43703,RC,Контейнер для одежды «Благодарный шкаф»,"Некрасовка, Маршала Еременко 5, к. 4",37.94584999999999,55.712554999999995,ODEZHDA,,0.0
43704,RC,Контейнер для одежды «Благодарный шкаф»,"Люберцы, СНТ Зелёная Зона, 97",37.919868,55.69899399999998,ODEZHDA,,0.0
43707,RC,Контейнер для одежды «Благодарный шкаф»,"Москва, Святоозёрская улица, 1А",37.883581,55.71465299999999,ODEZHDA,,0.0
43708,RC,Контейнер для одежды «Благодарный шкаф»,"Москва, ул. Руднёвка, 19",37.887344999999996,55.716685999999996,ODEZHDA,,0.0
43709,RC,Контейнер для одежды «Благодарный шкаф»,"Москва, Кусковская ул., 20А, корп. Г",37.784569,55.74014699999998,ODEZHDA,,0.0
43710,RC,Контейнер для одежды «Благодарный шкаф»,"Москва, Рязанский Проспект, 2к2",37.73229200000001,55.730051,ODEZHDA,,1.0
43711,RC,Контейнер для одежды «Благодарный шкаф»,"Россия, Москва, Нижняя Красносельская улица, 35с48",37.673267,55.77474800000001,ODEZHDA,,0.0
43712,RC,Контейнер для одежды «Благодарный шкаф»,"Москва, Нижняя Красносельская улица, 39с1",37.67431,55.774274,ODEZHDA,,0.0
43713,RC,Контейнер для одежды «Благодарный шкаф»,"Москва, Орликов переулок, 3Б",37.646976,55.77145300000001,ODEZHDA,,0.0
43715,RC,Контейнер для одежды «Благодарный шкаф»,"Реутов, ул. Некрасова, 2",37.84658,55.76884600000001,ODEZHDA,,0.0
43716,RC,Контейнер для одежды «Благодарный шкаф»,"Реутов, Юбилейный просп., 12",37.85876999999999,55.74721100000001,ODEZHDA,,0.0
43717,RC,Контейнер для одежды «Благодарный шкаф»,"Реутов, ул. Гагарина, 23",37.864067,55.76530700000001,ODEZHDA,,0.0
43718,RC,Контейнер для одежды «Благодарный шкаф»,"Реутов, ул. Парковая, 6",37.86332399999999,55.76039799999998,ODEZHDA,,0.0
43719,RC,Контейнер для одежды «Благодарный шкаф»,"Реутов, ул. Октября, 3А",37.848999,55.749352,ODEZHDA,,0.0
43720,RC,Контейнер для одежды «Благодарный шкаф»,"Носовихинское шоссе, 18",37.872977999999996,55.74821099999999,ODEZHDA,,0.0
43721,RC,Контейнер для одежды «Благодарный шкаф»,"Носовихинское шоссе, 22",37.873791000000004,55.749084,ODEZHDA,,0.0
43722,RC,Контейнер для одежды «Благодарный шкаф»,"Носовихинское шоссе, 45",37.888144999999994,55.752324999999985,ODEZHDA,,0.0
43739,RC,Контейнер для одежды «Благодарный шкаф»,"п. Развилка, 46",37.76117,55.591488999999996,ODEZHDA,,0.0
43740,RC,Контейнер для одежды «Благодарный шкаф»,"Балашиха, ул. Центральная, 1А",37.79845,55.52404,ODEZHDA,,0.0
43741,RC,Контейнер для одежды «Благодарный шкаф»,"д. Нижние Прудищи, вл.1с1",37.696313999999994,55.576608,ODEZHDA,,0.0
43742,RC,Контейнер для одежды «Благодарный шкаф»,"Москва, Ореховый б-р, д 22А",37.732477,55.611928999999996,ODEZHDA,,0.0
43743,RC,Контейнер для одежды «Благодарный шкаф»,"Москва, Люблинская, 153",37.741908,55.658834999999996,ODEZHDA,,0.0
43744,RC,Контейнер для одежды «Благодарный шкаф»,"Видное, б-р Зеленые Аллеи, 9",37.705658,55.559421,ODEZHDA,,0.0
43745,RC,Контейнер для одежды «Благодарный шкаф»,"Видное, пр. Советский, 4",37.708777999999995,55.555127999999996,ODEZHDA,,0.0
43746,RC,Контейнер для одежды «Благодарный шкаф»,"Видное, ул. Радужная, 2",37.70934,55.542353999999996,ODEZHDA,,0.0
43747,RC,Контейнер для одежды «Благодарный шкаф»,"Видное, Клубный переулок, 7",37.706051,55.559034,ODEZHDA,,0.0
43748,RC,Контейнер для одежды «Благодарный шкаф»,"Видное, ул. Лемешко 10А",37.70110699999999,55.557189999999984,ODEZHDA,,0.0
43749,RC,Контейнер для одежды «Благодарный шкаф»,"Видное, проспект Ленинского Комсомола, 3",37.714462,55.548129999999986,ODEZHDA,,0.0
43764,RC,Контейнер для одежды «Благодарный шкаф»,"д. Суханово, ул. Парковая, 4А",37.639876,55.523261,ODEZHDA,,0.0
43765,RC,Контейнер для одежды «Благодарный шкаф»,"рабочий посёлок Боброво, с67Ю",37.60946800000001,55.531845999999994,ODEZHDA,,0.0
43766,RC,Контейнер для одежды «Благодарный шкаф»,"Москва, бул. Дмитрия Донского, 9с2",37.579315,55.56977999999999,ODEZHDA,,0.0
43767,RC,Контейнер для одежды «Благодарный шкаф»,"Москва, бул. Дмитрия Донского, 1",37.58011299999999,55.574879,ODEZHDA,,0.0
43768,RC,Контейнер для одежды «Благодарный шкаф»,"Москва, ул. Поляны, 8",37.55739,55.565644000000006,ODEZHDA,,0.0
43769,RC,Контейнер для одежды «Благодарный шкаф»,"Москва, Серерное Чертаново, 1А",37.59885100000001,55.63683499999999,ODEZHDA,,0.0
43770,RC,Контейнер для одежды «Благодарный шкаф»,"Москва, ул. Днепропетровская, 2",37.60399,55.623117,ODEZHDA,,0.0
43771,RC,Контейнер для одежды «Благодарный шкаф»,"Москва, Азовская ул., 24к3",37.59455499999999,55.64764199999998,ODEZHDA,,0.0
43772,RC,Контейнер для одежды «Благодарный шкаф»,"Москва, Варшавское шоссе, 95к1",37.621947000000006,55.64027400000001,ODEZHDA,,0.0
43773,RC,Контейнер для одежды «Благодарный шкаф»,"Москва, Симферопольский пр-т., 18",37.614591,55.664912,ODEZHDA,,0.0
43774,RC,Контейнер для одежды «Благодарный шкаф»,"Москва, ул. Бутлерова, 17",37.540262,55.65015899999999,ODEZHDA,,0.0
43775,RC,Контейнер для одежды «Благодарный шкаф»,"Москва, Мастеркова ул., 1",37.65938799999999,55.71020500000001,ODEZHDA,,0.0
43776,RC,Контейнер для одежды «Благодарный шкаф»,"Москва, 7-я Кожуховская ул., 9",37.67545,55.71074199999999,ODEZHDA,,0.0
43777,RC,Контейнер для одежды «Благодарный шкаф»,"Москва, 3-й Автозаводский пр., 3",37.655796,55.70777499999999,ODEZHDA,,0.0
43778,RC,Контейнер для одежды «Благодарный шкаф»,"Москва, Холодильный пер., 4",37.62374299999999,55.709580999999986,ODEZHDA,,0.0
43779,RC,Контейнер для одежды «Благодарный шкаф»,"Москва, Ленинский проспект, 6",37.606909,55.727136000000016,ODEZHDA,,0.0
43780,RC,Контейнер для одежды «Благодарный шкаф»,"Москва, Усачёва ул., 26",37.567707,55.727506000000005,ODEZHDA,,0.0
43781,RC,Контейнер для одежды «Благодарный шкаф»,"Москва, Ленинский проспект, 54",37.56058399999999,55.69841599999998,ODEZHDA,,0.0
43782,RC,Контейнер для одежды «Благодарный шкаф»,"Москва, Ленинский проспект., 109",37.511445,55.663842,ODEZHDA,,0.0
43783,RC,Контейнер для одежды «Благодарный шкаф»,"Москва, ул. Большая Пироговская, 27к2",37.568708,55.729239999999976,ODEZHDA,,0.0
43784,RC,Контейнер для одежды «Благодарный шкаф»,"Москва, Профсоюзная, 104",37.52317699999999,55.642303,ODEZHDA,,0.0
43785,RC,Контейнер для одежды «Благодарный шкаф»,"Москва, д. Горчаково, Школьная улица, 1А",37.216932,55.5205,ODEZHDA,,0.0
43786,RC,Контейнер для одежды «Благодарный шкаф»,"пос. Сосенское, Николо-Хованская ул, 7с1",37.451528,55.58888299999999,ODEZHDA,,0.0
43787,RC,Контейнер для одежды «Благодарный шкаф»,"Москва, ул. Андерсена, 2",37.396299,55.52109299999999,ODEZHDA,,0.0
43791,RC,Контейнер для одежды «Благодарный шкаф»,"Москва, ул. Академика Анохина, 9",37.47501299999999,55.659454000000004,ODEZHDA,,0.0
43792,RC,Контейнер для одежды «Благодарный шкаф»,"Москва, ул. Академика Анохина, 11",37.472791,55.658078,ODEZHDA,,0.0
43793,RC,Контейнер для одежды «Благодарный шкаф»,"Москва, ул. Академика Анохина, 13",37.472431,55.655594,ODEZHDA,,0.0
43794,RC,Контейнер для одежды «Благодарный шкаф»,"Москва, Проспект Вернадского, 86А",37.481001,55.66302399999999,ODEZHDA,,0.0
43795,RC,Контейнер для одежды «Благодарный шкаф»,"Москва, ул. 26 Бакинских Комиссаров, 7к4",37.485331,55.657402999999995,ODEZHDA,,0.0
43796,RC,Контейнер для одежды «Благодарный шкаф»,"Москва, ул. 26 Бакинских Комиссаров, 12к2",37.488164,55.660633000000004,ODEZHDA,,0.0
43797,RC,Контейнер для одежды «Благодарный шкаф»,"Москва, Вернадского проспект, 92",37.472431,55.655594,ODEZHDA,,0.0
43798,RC,Контейнер для одежды «Благодарный шкаф»,"Москва, ул. Мичуринский Проспект, Олимпийская Деревня, 3, к. 1",37.465793999999995,55.677794999999996,ODEZHDA,,0.0
43799,RC,Контейнер для одежды «Благодарный шкаф»,"Москва, ул. Давыдковская, 18",37.46390699999999,55.721032,ODEZHDA,,0.0
43800,RC,Контейнер для одежды «Благодарный шкаф»,"пос. Заречье, Заречная ул., 2",37.39444,55.688491999999975,ODEZHDA,,0.0
43801,RC,Контейнер для одежды «Благодарный шкаф»,"Москва, дер. Лапшинка, вл. 30/1В",37.337865,55.610997,ODEZHDA,,0.0
43802,RC,Контейнер для одежды «Благодарный шкаф»,"Московский, ул. Хабарова, 2",37.35190500000001,55.593873,ODEZHDA,,0.0
43803,RC,Контейнер для одежды «Благодарный шкаф»,"Москва, Киевское шоссе, 22-й километр",37.439516,55.63448499999999,ODEZHDA,,0.0
43807,RC,Контейнер для одежды «Благодарный шкаф»,"Москва, б-р Генерала Карбышева, 15",37.469867,55.781954,ODEZHDA,,0.0
43808,RC,Контейнер для одежды «Благодарный шкаф»,"Москва, ул. Маршала Жукова, 37/2",37.47328499999999,55.77437599999999,ODEZHDA,,0.0
43809,RC,Контейнер для одежды «Благодарный шкаф»,"Москва, Маршала Жукова ул., 72-78",37.449196,55.78019800000001,ODEZHDA,,0.0
43810,RC,Контейнер для одежды «Благодарный шкаф»,"Москва, ул. Народного Ополчения, 11",37.473352,55.77248199999998,ODEZHDA,,0.0
43811,RC,Контейнер для одежды «Благодарный шкаф»,"Москва, Минская ул., к. 1-26",37.500624,55.71286099999998,ODEZHDA,,0.0
43812,RC,Контейнер для одежды «Благодарный шкаф»,"Москва, Мосфильмовская ул., 70",37.505526,55.715424999999996,ODEZHDA,,0.0
43813,RC,Контейнер для одежды «Благодарный шкаф»,"Москва, Веерная ул., 6",37.488645,55.711791,ODEZHDA,,0.0
43814,RC,Контейнер для одежды «Благодарный шкаф»,"Москва, Нежинская ул., 9/1",37.475368,55.711562,ODEZHDA,,0.0
43815,RC,Контейнер для одежды «Благодарный шкаф»,"Москва, Истринская ул., 4",37.432168999999995,55.73642699999998,ODEZHDA,,0.0
43816,RC,Контейнер для одежды «Благодарный шкаф»,"Москва, Рочдельская ул. 15с35",37.562542,55.756710000000005,ODEZHDA,,0.0
43817,RC,Контейнер для одежды «Благодарный шкаф»,"Москва, ул. Киевская, 2",37.56534499999999,55.74372699999999,ODEZHDA,,0.0
43818,RC,Контейнер для одежды «Благодарный шкаф»,"Москва, Береговой проезд, 5к1",37.506848,55.75580499999999,ODEZHDA,,0.0
43819,RC,Контейнер для одежды «Благодарный шкаф»,"Москва, ул. Тушинская 17",37.44479,55.826665,ODEZHDA,,0.0
43820,RC,Контейнер для одежды «Благодарный шкаф»,"Москва, Старопетровский пр., 11к1",37.503603,55.824172,ODEZHDA,,0.0
43821,RC,Контейнер для одежды «Благодарный шкаф»,"Москва, Старопетровский пр., 1с2",37.500423000000005,55.823707000000006,ODEZHDA,,0.0
43822,RC,Контейнер для одежды «Благодарный шкаф»,"Москва, Таллинская, 26",37.407627,55.799881,ODEZHDA,,0.0
43823,RC,Контейнер для одежды «Благодарный шкаф»,"Москва, Панфиловцев, 20",37.416197,55.85850299999999,ODEZHDA,,0.0
43824,RC,Контейнер для одежды «Благодарный шкаф»,"Москва, Сосновая аллея ул., 1",37.46330499999999,55.81999499999999,ODEZHDA,,0.0
43825,RC,Контейнер для одежды «Благодарный шкаф»,"Москва, Факультетский переулок, 6",37.496373999999996,55.811192999999996,ODEZHDA,,0.0
43826,RC,Контейнер для одежды «Благодарный шкаф»,"Москва, Небесный бульвар, 1к1",37.426168,55.81955699999999,ODEZHDA,,0.0
43827,RC,Контейнер для одежды «Благодарный шкаф»,"Москва, ул. Лётная, 95Б",37.42393199999999,55.820733000000004,ODEZHDA,,0.0
43828,RC,Контейнер для одежды «Благодарный шкаф»,"Москва, Огородный пр., 10",37.604992,55.813747,ODEZHDA,,0.0
43829,RC,Контейнер для одежды «Благодарный шкаф»,"Москва, Ленинградский просп., 36",37.559388,55.79124799999999,ODEZHDA,,0.0
43830,RC,Контейнер для одежды «Благодарный шкаф»,"Москва, Волоколамское шоссе, 20/2",37.490838,55.810425000000016,ODEZHDA,,0.0
43831,RC,Контейнер для одежды «Благодарный шкаф»,"Россия, Москва, 3-я Песчаная улица, 2А",37.515748,55.792255000000004,ODEZHDA,,0.0
43832,RC,Контейнер для одежды «Благодарный шкаф»,"Москва, Ленинградский проспект, 73Ас3",37.513369999999995,55.80327599999998,ODEZHDA,,0.0
43833,RC,Контейнер для одежды «Благодарный шкаф»,"Москва, Ленинградский проспект, 77к3",37.510502,55.804829999999995,ODEZHDA,,0.0
43834,RC,Контейнер для одежды «Благодарный шкаф»,"Москва, ул. Усиевича, 12",37.52823299999999,55.806188,ODEZHDA,,0.0
43835,RC,Контейнер для одежды «Благодарный шкаф»,"Москва, Ленинградский проспект, 62А",37.53238199999999,55.802132,ODEZHDA,,0.0
43836,RC,Контейнер для одежды «Благодарный шкаф»,"Москва, Ленинградское шоссе, 16Ас4",37.497782,55.82316,ODEZHDA,,0.0
43837,RC,Контейнер для одежды «Благодарный шкаф»,"Россия, Москва, Хорошёвское шоссе, 27",37.522983999999994,55.77686699999999,ODEZHDA,,0.0
43838,RC,Контейнер для одежды «Благодарный шкаф»,"Красногорск, Павшинский бульвар, 15",37.368874,55.813096,ODEZHDA,,0.0
43839,RC,Контейнер для одежды «Благодарный шкаф»,"Красногорск, Красногорский бульвар, 36",37.377489,55.82387400000001,ODEZHDA,,0.0
43840,RC,Контейнер для одежды «Благодарный шкаф»,"Москва, Ильинский бульвар, 8",37.372493,55.817099999999996,ODEZHDA,,0.0
43841,RC,Контейнер для одежды «Благодарный шкаф»,"Москва, Ильинский бульвар, 9",37.37332599999999,55.81877899999999,ODEZHDA,,0.0
43842,RC,Контейнер для одежды «Благодарный шкаф»,"Красногорск, ул. Зверева,8",37.364768,55.822883000000004,ODEZHDA,,0.0
43843,RC,Контейнер для одежды «Благодарный шкаф»,"Красногорск, ул. Видная, 2",37.346605,55.84255999999999,ODEZHDA,,0.0
43844,RC,Контейнер для одежды «Благодарный шкаф»,"Красногорск, Лесная ул., 9",37.323796,55.83413299999999,ODEZHDA,,0.0
43845,RC,Контейнер для одежды «Благодарный шкаф»,"Красногорск, Ново-Никольская ул., 54А",37.25212,55.839780000000005,ODEZHDA,,0.0
43846,RC,Контейнер для одежды «Благодарный шкаф»,"Красногорск, Первомайская ул., 5",37.328278999999995,55.832175999999976,ODEZHDA,,0.0
43847,RC,Контейнер для одежды «Благодарный шкаф»,"Красногорск, Вилора Трифонова, 9",37.289412,55.832409,ODEZHDA,,0.0
43848,RC,Контейнер для одежды «Благодарный шкаф»,"Красногорск, Народного ополчения, 7",37.313168999999995,55.83318799999999,ODEZHDA,,0.0
43849,RC,Контейнер для одежды «Благодарный шкаф»,"Красногорск, Советская ул., 1",37.329267,55.831590000000006,ODEZHDA,,0.0
43850,RC,Контейнер для одежды «Благодарный шкаф»,"Красногорск, Успенская ул., 28",37.29276,55.83417799999999,ODEZHDA,,0.0
43851,RC,Контейнер для одежды «Благодарный шкаф»,"Красногорск, ул. Опалиха, 1",37.245720000000006,55.82389999999998,ODEZHDA,,0.0
43852,RC,Контейнер для одежды «Благодарный шкаф»,"Красногорск, Успенская, 6",37.295081,55.828906,ODEZHDA,,0.0
43853,RC,Контейнер для одежды «Благодарный шкаф»,"Красногорск, СНТ Опалиха, 52",37.245628,55.82223100000001,ODEZHDA,,0.0
43854,RC,Контейнер для одежды «Благодарный шкаф»,"Красногорск, ул. Новая Опалиха д.1",37.261093,55.834337000000005,ODEZHDA,,0.0
43855,RC,Контейнер для одежды «Благодарный шкаф»,"МО, дер. Глухово, КП Рублёвское Предместье",37.245200000000004,55.77200499999999,ODEZHDA,,0.0
43856,RC,Контейнер для одежды «Благодарный шкаф»,"МО, го Красногорск, М-9 Балтия, 26-й километр, 3",37.234742,55.78001299999999,ODEZHDA,,0.0
43857,RC,Контейнер для одежды «Благодарный шкаф»,"Красногорск, ул. Ленина, 47",37.300329,55.837622999999994,ODEZHDA,,0.0
43862,RC,Контейнер для одежды «Благодарный шкаф»,"МО, Красногорский р-н, п. Отрадное, 29",37.314409,55.876762999999976,ODEZHDA,,0.0
43863,RC,Контейнер для одежды «Благодарный шкаф»,"Красногорск, ул. Ленина, 40",37.297046,55.83446199999999,ODEZHDA,,0.0
43864,RC,Контейнер для одежды «Благодарный шкаф»,"Красногорск, ул. Ленина, 26А",37.302800999999995,55.83146899999999,ODEZHDA,,0.0
43865,RC,Контейнер для одежды «Благодарный шкаф»,"Москва, Митинская, 29",37.359732,55.845973000000015,ODEZHDA,,0.0
43866,RC,Контейнер для одежды «Благодарный шкаф»,"Москва, Пятницкое ш., 21к1",37.37259199999999,55.846070999999995,ODEZHDA,,0.0
43867,RC,Контейнер для одежды «Благодарный шкаф»,"Москва, Пятницкое ш., 18",37.383577,55.84460700000001,ODEZHDA,,0.0
43880,RC,Контейнер для одежды «Благодарный шкаф»,"ЖК ""Фортуна"" Москва, ул. Пулковская, 4 корп. 1,2,3",37.48505,55.843692999999995,ODEZHDA,,0.0
43881,RC,Контейнер для одежды «Благодарный шкаф»,"Москва, ул. Базовская, 15А",37.51043899999999,55.88093400000001,ODEZHDA,,0.0
43882,RC,Контейнер для одежды «Благодарный шкаф»,"Россия, Москва, Сходненская улица, 56",37.445033,55.850317999999994,ODEZHDA,,0.0
43883,RC,Контейнер для одежды «Благодарный шкаф»,"Соловьиная Роща, Куркинское шоссе 38",37.398994,55.893268,ODEZHDA,,0.0
43884,RC,Контейнер для одежды «Благодарный шкаф»,"Москва, район Куркино, ул. Соловьиная Роща",37.398921,55.892328,ODEZHDA,,0.0
43885,RC,Контейнер для одежды «Благодарный шкаф»,"Химки, ул. Микр. Левобережный, ул, Пожарского, 27",37.482486,55.89422100000001,ODEZHDA,,0.0
43886,RC,Контейнер для одежды «Благодарный шкаф»,"Химки, мкр. Клязьма-Старбеево, ул. Береговая, 4",37.477139,55.950841999999994,ODEZHDA,,0.0
43887,RC,Контейнер для одежды «Благодарный шкаф»,"Химки, ул. Карла Маркса, 2",37.470805999999996,55.91806600000001,ODEZHDA,,0.0
43888,RC,Контейнер для одежды «Благодарный шкаф»,"Химки, ул. Панфилова, 21/1",37.433427,55.88015699999999,ODEZHDA,,0.0
43890,RC,Контейнер для одежды «Благодарный шкаф»,"Химки, ул. Комсомольская, 15",37.33579799999999,55.944826,ODEZHDA,,0.0
43891,RC,Контейнер для одежды «Благодарный шкаф»,"Химки, ул. Ленинградская, вл16Б",37.438511,55.888235,ODEZHDA,,0.0
43892,RC,Контейнер для одежды «Благодарный шкаф»,"Химки, ул. Кирова, 20",37.451528,55.888335999999995,ODEZHDA,,0.0
43893,RC,Контейнер для одежды «Благодарный шкаф»,"Химки, ул. Академика Грушина, 8",37.454977,55.909609999999994,ODEZHDA,,0.0
43894,RC,Контейнер для одежды «Благодарный шкаф»,"Химки, ул. Академика Грушина, 10",37.45604599999999,55.908797,ODEZHDA,,0.0
43895,RC,Контейнер для одежды «Благодарный шкаф»,"Химки, Набережный проезд, 27",37.445707,55.958180000000006,ODEZHDA,,0.0
43896,RC,Контейнер для одежды «Благодарный шкаф»,"Химки, ул. Молодёжная, 6А",37.421089,55.881064999999985,ODEZHDA,,0.0
43897,RC,Контейнер для одежды «Благодарный шкаф»,"Химки, ул. Ивановская, с1С",37.335367,55.90865199999999,ODEZHDA,,0.0
43898,RC,Контейнер для одежды «Благодарный шкаф»,"Химки, ул. Молодёжная, 78",37.391466,55.91016499999999,ODEZHDA,,0.0
43900,RC,Контейнер для одежды «Благодарный шкаф»,"Химки, ул. Молодёжная, 1",37.421822,55.87859199999999,ODEZHDA,,0.0
43901,RC,Контейнер для одежды «Благодарный шкаф»,"Химки, ул. Строителей, 7А",37.414446,55.88585299999998,ODEZHDA,,0.0
43902,RC,Контейнер для одежды «Благодарный шкаф»,"Химки, ул. Московская, 14А",37.449811999999994,55.894116,ODEZHDA,,0.0
43903,RC,Контейнер для одежды «Благодарный шкаф»,"Химки, ул. Железнодорожная, 1с2",37.450843,55.894375,ODEZHDA,,0.0
43904,RC,Контейнер для одежды «Благодарный шкаф»,"Химки, проспект Мельникова, 25",37.397243,55.90639600000001,ODEZHDA,,0.0
43905,RC,Контейнер для одежды «Благодарный шкаф»,"Химки, проспект Мельникова, 23/2",37.398383,55.905366,ODEZHDA,,0.0
43906,RC,Контейнер для одежды «Благодарный шкаф»,"Химки, ул. Летняя, 25",37.442455,55.92576999999999,ODEZHDA,,0.0
43907,RC,Контейнер для одежды «Благодарный шкаф»,"Химки, улица Дружбы, 1А",37.408911999999994,55.899269999999994,ODEZHDA,,0.0
43908,RC,Контейнер для одежды «Благодарный шкаф»,"Химки, проспект Мельникова, 2Б",37.406972,55.901255000000006,ODEZHDA,,0.0
43910,RC,Контейнер для одежды «Благодарный шкаф»,"Химки, ул. Озерная, 8",37.442261,55.92282199999998,ODEZHDA,,0.0
43911,RC,Контейнер для одежды «Благодарный шкаф»,"Химки, ул. Лётчика Ивана Фёдорова, 3к1",37.44307299999999,55.958647,ODEZHDA,,0.0
43912,RC,Контейнер для одежды «Благодарный шкаф»,"Химки, ул. Чернышевского, 1",37.455711,55.90642900000001,ODEZHDA,,0.0
43913,RC,Контейнер для одежды «Благодарный шкаф»,"Химки, ул. Энгельса, 27",37.436086,55.892925,ODEZHDA,,0.0
43914,RC,Контейнер для одежды «Благодарный шкаф»,"Химки, ул. Германа Титова, 12к1",37.414228,55.91690699999999,ODEZHDA,,0.0
43915,RC,Контейнер для одежды «Благодарный шкаф»,"Химки, ул. Германа Титова, 2к1",37.412324999999996,55.915648999999995,ODEZHDA,,0.0
43916,RC,Контейнер для одежды «Благодарный шкаф»,"Химки, ул. 9 Мая, 21к3",37.40577799999999,55.90963799999999,ODEZHDA,,0.0
43917,RC,Контейнер для одежды «Благодарный шкаф»,"Химки, ул. 9 мая, 21к1",37.405927,55.908929,ODEZHDA,,0.0
43918,RC,Контейнер для одежды «Благодарный шкаф»,"Химки, ул. Энгельса, 10/19",37.438116,55.893489999999986,ODEZHDA,,0.0
43919,RC,Контейнер для одежды «Благодарный шкаф»,"Химки, ул. Энгельса, 7/15",37.441898,55.894510000000004,ODEZHDA,,0.0
43920,RC,Контейнер для одежды «Благодарный шкаф»,"Химки, ул. 7й Гвардейской Дивизии, 21",37.310402,55.953624000000005,ODEZHDA,,0.0
43921,RC,Контейнер для одежды «Благодарный шкаф»,"Химки, Юбилейный проезд, 16",37.302336,55.94177299999999,ODEZHDA,,0.0
43922,RC,Контейнер для одежды «Благодарный шкаф»,"Химки, ул. Вишневая, 11",37.293299,55.94836200000001,ODEZHDA,,0.0
43923,RC,Контейнер для одежды «Благодарный шкаф»,"Химки, ул. 1-й Дачный переулок, 9",37.290711,55.94740399999999,ODEZHDA,,0.0
43924,RC,Контейнер для одежды «Благодарный шкаф»,"Химки, Больничный проезд, 1",37.302631999999996,55.94388,ODEZHDA,,0.0
43925,RC,Контейнер для одежды «Благодарный шкаф»,"Химки, ул. Кирова, 3/1",37.297340999999996,55.95058999999999,ODEZHDA,,0.0
43926,RC,Контейнер для одежды «Благодарный шкаф»,"Химки, Юбилейный проспект, 5с1",37.30655699999999,55.94511700000001,ODEZHDA,,0.0
43927,RC,Контейнер для одежды «Благодарный шкаф»,"Химки, ул. Микояна, 2",37.30618,55.96037699999999,ODEZHDA,,0.0
43928,RC,Контейнер для одежды «Благодарный шкаф»,"Химки, ул. Папанина, 38к2",37.292049999999996,55.957792000000005,ODEZHDA,,0.0
43929,RC,Контейнер для одежды «Благодарный шкаф»,"Химки, ул. Некрасова, 70",37.273177999999994,55.94055899999999,ODEZHDA,,0.0
43931,RC,Контейнер для одежды «Благодарный шкаф»,"Химки ,ул. Овражная, вл22",37.317939,55.94215100000001,ODEZHDA,,0.0
43932,RC,Контейнер для одежды «Благодарный шкаф»,"Химки, ул. Кирова, 3с2",37.299569,55.949748,ODEZHDA,,0.0
43934,RC,Контейнер для одежды «Благодарный шкаф»,"Москва, Дмитровское ш., 122Гк1",37.546889,55.920328000000005,ODEZHDA,,0.0
43935,RC,Контейнер для одежды «Благодарный шкаф»,"Королёв, ул. Дзержинского, 25",37.856793999999994,55.91214799999999,ODEZHDA,,0.0
43936,RC,Контейнер для одежды «Благодарный шкаф»,"Королёв, ул. Горького, 14",37.871443,55.91220399999999,ODEZHDA,,0.0
43937,RC,Контейнер для одежды «Благодарный шкаф»,"Королёв, ул. Горького, 14Б",37.87131899999999,55.911184,ODEZHDA,,0.0
43938,RC,Контейнер для одежды «Благодарный шкаф»,"Королёв, ул. Калининградская, 6",37.85043399999999,55.91497299999999,ODEZHDA,,0.0
43939,RC,Контейнер для одежды «Благодарный шкаф»,"Королёв, ул. Грабина, 5/2",37.817082,55.926802999999985,ODEZHDA,,0.0
43940,RC,Контейнер для одежды «Благодарный шкаф»,"Королёв, ул. Гагарина, 34",37.815783,55.916553000000015,ODEZHDA,,0.0
43941,RC,Контейнер для одежды «Благодарный шкаф»,"Королёв, ул. Октябрьская, 17",37.816711,55.919371999999996,ODEZHDA,,0.0
43942,RC,Контейнер для одежды «Благодарный шкаф»,"Королёв, ул. Горького, 3",37.85941699999999,55.914418,ODEZHDA,,0.0
43943,RC,Контейнер для одежды «Благодарный шкаф»,"Королёв, ул.  Дзержинского, 7А",37.858483,55.920371,ODEZHDA,,0.0
43944,RC,Контейнер для одежды «Благодарный шкаф»,"Королёв, просп. Космонавтов, 24",37.86607299999999,55.911971000000015,ODEZHDA,,0.0
43945,RC,Контейнер для одежды «Благодарный шкаф»,"Королёв, ул. М.М Глинкина, 4",37.852104999999995,55.93390699999998,ODEZHDA,,0.0
43946,RC,Контейнер для одежды «Благодарный шкаф»,"Королёв, ул. Парковая, 6/13",37.84019299999999,55.934940999999995,ODEZHDA,,0.0
43947,RC,Контейнер для одежды «Благодарный шкаф»,"Митищи, ул. Полковника Романова, 7",37.642797,55.90146,ODEZHDA,,0.0
43948,RC,Контейнер для одежды «Благодарный шкаф»,"Мытищи, ул. Новомытищиский проспект, 48/1",37.721284999999995,55.89987,ODEZHDA,,0.0
43949,RC,Контейнер для одежды «Благодарный шкаф»,"Мытищи, ул. Сукромка, 6",37.717954,55.902501,ODEZHDA,,0.0
43950,RC,Контейнер для одежды «Благодарный шкаф»,"Мытищи, ул. Сукромка, 5",37.715812,55.902564999999996,ODEZHDA,,0.0
43951,RC,Контейнер для одежды «Благодарный шкаф»,"Мытищи, ул. Мира, с32/2",37.718419,55.922167,ODEZHDA,,0.0
43952,RC,Контейнер для одежды «Благодарный шкаф»,"Мытищи, Осташковское ш., вл.22, с1/1",37.66692599999999,55.961766999999995,ODEZHDA,,0.0
43954,RC,Контейнер для одежды «Благодарный шкаф»,"Москва, Верхоянская ул., 9",37.667451,55.85658499999999,ODEZHDA,,0.0
43955,RC,Контейнер для одежды «Благодарный шкаф»,"г. Долгопрудный, ул. Береговая, 1",37.487155,55.910945999999996,ODEZHDA,,0.0
43956,RC,Контейнер для одежды «Благодарный шкаф»,"Россия, Москва, Ленинградское шоссе, 16с9",37.499784999999996,55.821643999999985,ODEZHDA,,0.0
43957,RC,Контейнер для одежды «Благодарный шкаф»,"Москва, ул. Сущёвский Вал, 5с1А",37.591687,55.794591000000004,ODEZHDA,,0.0
43958,RC,Контейнер для одежды «Благодарный шкаф»,"Москва, Коровинское шоссе, 10",37.535646,55.87083899999999,ODEZHDA,,0.0
43961,RC,Контейнер для одежды «Благодарный шкаф»,"Москва, ул. Правды, 24с2",37.583176,55.78729499999999,ODEZHDA,,0.0
43962,RC,Контейнер для одежды «Благодарный шкаф»,"Москва, Цветной бульвар, 15с1",37.620017999999995,55.77110799999999,ODEZHDA,,0.0
43963,RC,Контейнер для одежды «Благодарный шкаф»,"Москва, Набережная Тараса Шевченко, 23а",37.546263,55.746154,ODEZHDA,,0.0
43964,RC,Контейнер для одежды «Благодарный шкаф»,"Москва, ул. 3-я Красногвардейская, 3",37.537658,55.756852999999985,ODEZHDA,,0.0
43965,RC,Контейнер для одежды «Благодарный шкаф»,территория Барвиха Клаб,37.273596,55.71936,ODEZHDA,,0.0
43966,RC,Контейнер для одежды «Благодарный шкаф»,"пос. Барвиха, 39",37.274865,55.724713,ODEZHDA,,0.0
43995,RC,Контейнер для одежды «Благодарный шкаф»,"Одинцовский г.о., ул. Каштановая, 10",37.270658999999995,55.65426599999999,ODEZHDA,,0.0
43996,RC,Контейнер для одежды «Благодарный шкаф»,"Одинцовский г.о., п. Новоивановское, бульвар Эйнштейна, 5",37.358624,55.70243399999999,ODEZHDA,,0.0
43997,RC,Контейнер для одежды «Благодарный шкаф»,"Одинцово, ул. Говорова, 50",37.305653,55.60009999999998,ODEZHDA,,0.0
43998,RC,Контейнер для одежды «Благодарный шкаф»,"Одинцово, ул. Говорова, 83",37.297024,55.69044999999999,ODEZHDA,,0.0
43999,RC,Контейнер для одежды «Благодарный шкаф»,"Одинцово, ул. Говорова, 159",37.30107,55.689921000000005,ODEZHDA,,0.0
44000,RC,Контейнер для одежды «Благодарный шкаф»,"Одинцово, ул. Чикина, 8А",37.292135,55.68562199999998,ODEZHDA,,0.0
44001,RC,Контейнер для одежды «Благодарный шкаф»,"Одинцово, ул. Старое Яскино, 29",37.265271999999996,55.66600499999999,ODEZHDA,,0.0
44002,RC,Контейнер для одежды «Благодарный шкаф»,"Одинцово, ул. Новоспортивная, 10",37.281168,55.68040200000001,ODEZHDA,,0.0
44003,RC,Контейнер для одежды «Благодарный шкаф»,"Одинцово, ул. Можайское шоссе, 26А",37.280039,55.675922,ODEZHDA,,0.0
44004,RC,Контейнер для одежды «Благодарный шкаф»,"Одинцово, ул. Можайское шоссе, 151",37.302463,55.68585699999999,ODEZHDA,,0.0
44005,RC,Контейнер для одежды «Благодарный шкаф»,"Одинцово, ул. Можайское шоссе, 127",37.29040299999999,55.681636,ODEZHDA,,0.0
44006,RC,Контейнер для одежды «Благодарный шкаф»,"Одинцово, ул. Маковского 20",37.284589,55.66454399999999,ODEZHDA,,0.0
44007,RC,Контейнер для одежды «Благодарный шкаф»,"Одинцово, ул.Комсомольская 3",37.281614999999995,55.667891,ODEZHDA,,0.0
44008,RC,Контейнер для одежды «Благодарный шкаф»,"Одинцово, ул. Садовая, 24",37.248668,55.675997999999986,ODEZHDA,,0.0
44009,RC,Контейнер для одежды «Благодарный шкаф»,"Одинцово, ул. Садовая, 28",37.248682,55.677030999999985,ODEZHDA,,0.0
44016,RC,Контейнер для одежды «Благодарный шкаф»,"пос. Власиха, ул. Солнечная, 5А",37.200658,55.689961,ODEZHDA,,0.0
44023,RC,Контейнер для одежды «Благодарный шкаф»,"Одинцовский г.о., Посёлок Усово-тупик, 20",37.225822,55.732105,ODEZHDA,,0.0
44024,RC,Контейнер для одежды «Благодарный шкаф»,"Королёв, ул. Огарева, 6",37.210857,55.73707199999998,ODEZHDA,,0.0
44027,RC,"Контейнеры для вторсырья ГУП ""Экотехпром""","Россия, Москва, Расторгуевский переулок, 16с1",37.564626,55.76633100000001,"PLASTIK,STEKLO",,1.0
44028,RC,"Контейнеры для вторсырья ГУП ""Экотехпром""","Москва, ул. Кузьминская, 8",37.790257999999994,55.693470000000005,"PLASTIK,STEKLO",,0.0
44029,RC,"Контейнеры для вторсырья ГУП ""Экотехпром""","Москва, Жулебинский бульвар, 5",37.84333899999999,55.69925299999998,"PLASTIK,STEKLO",,0.0
44030,RC,"Контейнеры для вторсырья ГУП ""Экотехпром""","Москва, Жулебинский бульвар, 9",37.849124999999994,55.697262,"PLASTIK,STEKLO",,0.0
44031,RC,"Контейнеры для вторсырья ГУП ""Экотехпром""","Москва, ул. Гурьянова, 61",37.716703,55.67669500000001,"PLASTIK,STEKLO",,0.0
44032,RC,"Контейнеры для вторсырья ГУП ""Экотехпром""",Парк технических видов спорта,37.680435,55.65182399999997,"PLASTIK,STEKLO",,0.0
44033,RC,"Контейнеры для вторсырья ГУП ""Экотехпром""","Москва, Есенинский бульвар, 1/26к1",37.781063,55.706908,"PLASTIK,STEKLO",,0.0
44034,RC,"Контейнеры для вторсырья ГУП ""Экотехпром""","Москва, Есенинский бульвар, 11к2с2",37.778679,55.700918,"PLASTIK,STEKLO",,0.0
44035,RC,"Контейнеры для вторсырья ГУП ""Экотехпром""",Люблинское Кладбище,37.78022699999999,55.681287999999995,"PLASTIK,STEKLO",,0.0
44036,RC,"Контейнеры для вторсырья ГУП ""Экотехпром""","Москва, ул. Зарайская, 51к2с3",37.777151,55.728402,"PLASTIK,STEKLO",,0.0
44037,RC,"Контейнеры для вторсырья ГУП ""Экотехпром""","Россия, Москва, Краснодонская улица",37.755879,55.690631999999994,"PLASTIK,STEKLO",,1.0
44038,RC,"Контейнеры для вторсырья ГУП ""Экотехпром""","Москва, ул. 9 мая, 28к1",37.875341999999996,55.818663999999984,"PLASTIK,STEKLO",,0.0
44044,RC,"Контейнеры для вторсырья ГУП ""Экотехпром""","Россия, Москва, улица Золоторожский Вал",37.680174,55.747024,"PLASTIK,STEKLO",,0.0
44046,RC,"Контейнеры для вторсырья ГУП ""Экотехпром""","Россия, Москва, Новотушинский проезд",37.38231199999999,55.83671399999999,"PLASTIK,STEKLO",,1.0
44047,RC,"Контейнеры для вторсырья ГУП ""Экотехпром""","Россия, Москва, Митинская улица, вл36",37.36227,55.84591300000001,"PLASTIK,STEKLO",,0.0
44048,RC,"Контейнеры для вторсырья ГУП ""Экотехпром""","Россия, Москва, Большая Набережная улица, 1",37.452884999999995,55.82192400000001,"PLASTIK,STEKLO",,0.0
44049,RC,"Контейнеры для вторсырья ГУП ""Экотехпром""","Россия, Москва, Северо-Западный административный округ, район Покровское-Стрешнево",37.439308,55.827361,"PLASTIK,STEKLO",,0.0
44050,RC,"Контейнеры для вторсырья ГУП ""Экотехпром""","Россия, Москва, улица Свободы, 28к1",37.455239,55.840661,"PLASTIK,STEKLO",,0.0
44051,RC,"Контейнеры для вторсырья ГУП ""Экотехпром""","Россия, Москва, бульвар Дмитрия Донского, 18/4",37.570696,55.562159,"PLASTIK,STEKLO",,0.0
44052,RC,"Контейнеры для вторсырья ГУП ""Экотехпром""","Россия, Москва, проспект 60-летия Октября, 10",37.57451699999999,55.69360100000001,"PLASTIK,STEKLO",,0.0
44053,RC,"Контейнеры для вторсырья ГУП ""Экотехпром""","Россия, Москва, Нахимовский проспект, 25А",37.590749,55.66796900000001,"PLASTIK,STEKLO",,0.0
44054,RC,"Контейнеры для вторсырья ГУП ""Экотехпром""","Россия, Москва, улица Винокурова, 5/6к1",37.584483999999996,55.689354,"PLASTIK,STEKLO",,0.0
44055,RC,"Контейнеры для вторсырья ГУП ""Экотехпром""","Россия, Москва, Старокачаловская улица, вл5А",37.578215,55.57034199999998,"PLASTIK,STEKLO",,0.0
44056,RC,"Контейнеры для вторсырья ГУП ""Экотехпром""","Россия, Москва, улица Крупской, 19/17",37.52371,55.68539500000001,"PLASTIK,STEKLO",,0.0
44057,RC,"Контейнеры для вторсырья ГУП ""Экотехпром""","Россия, Москва, Профсоюзная улица, 91к1",37.528566999999995,55.639858,"PLASTIK,STEKLO",,0.0
44058,RC,"Контейнеры для вторсырья ГУП ""Экотехпром""","Россия, Москва, Медынская улица",37.653052,55.592529,"PLASTIK,STEKLO",,0.0
44059,RC,"Контейнеры для вторсырья ГУП ""Экотехпром""","Россия, Москва, Лодочная улица, 33",37.464568,55.84154399999997,"PLASTIK,STEKLO",,0.0
44060,RC,"Контейнеры для вторсырья ГУП ""Экотехпром""","Россия, Москва, улица Свободы, 61к2",37.451155,55.854403999999995,"PLASTIK,STEKLO",,0.0
44061,RC,"Контейнеры для вторсырья ГУП ""Экотехпром""","Россия, Москва, улица Кулакова, 8",37.399485,55.81402999999999,"PLASTIK,STEKLO",,0.0
44062,RC,"Контейнеры для вторсырья ГУП ""Экотехпром""","Россия, Москва, улица Исаковского, 6к2",37.403032,55.817122000000005,"PLASTIK,STEKLO",,0.0
44063,RC,"Контейнеры для вторсырья ГУП ""Экотехпром""","Россия, Москва, улица Маршала Тухачевского, 37/21",37.47280099999999,55.78390899999999,"PLASTIK,STEKLO",,0.0
44064,RC,"Контейнеры для вторсырья ГУП ""Экотехпром""","Россия, Москва, улица Свободы, 45с1",37.45371900000001,55.847056,"PLASTIK,STEKLO",,0.0
44065,RC,"Контейнеры для вторсырья ГУП ""Экотехпром""","Россия, Москва, проезд Досфлота, 18",37.457165,55.847364,"PLASTIK,STEKLO",,0.0
44066,RC,"Контейнеры для вторсырья ГУП ""Экотехпром""","Россия, Москва, Родионовская улица, 5с1",37.397002,55.892322,"PLASTIK,STEKLO",,0.0
44067,RC,"Контейнеры для вторсырья ГУП ""Экотехпром""","Россия, Москва, Юровская улица",37.391825999999995,55.89804300000001,"PLASTIK,STEKLO",,0.0
44068,RC,"Контейнеры для вторсырья ГУП ""Экотехпром""","Россия, Москва, Одинцовская улица",37.40284199999999,55.78845999999999,"PLASTIK,STEKLO",,0.0
44069,RC,"Контейнеры для вторсырья ГУП ""Экотехпром""","Россия, Москва, Муравская улица, 38к2",37.372099,55.862644,"PLASTIK,STEKLO",,0.0
44070,RC,"Контейнеры для вторсырья ГУП ""Экотехпром""","Россия, Москва, улица Исаковского, 28к1",37.417645,55.807377,"PLASTIK,STEKLO",,0.0
44071,RC,"Контейнеры для вторсырья ГУП ""Экотехпром""","Россия, Москва, Митинская улица, 59",37.353227,55.85551699999999,"PLASTIK,STEKLO",,0.0
44072,RC,"Контейнеры для вторсырья ГУП ""Экотехпром""","Россия, Москва, Строгинский бульвар",37.40050099999999,55.804733999999996,"PLASTIK,STEKLO",,0.0
44075,RC,Контейнер для одежды «Благодарный шкаф»,"Россия, Московская область, Лыткарино, 1-й микрорайон, 11-й квартал, жилой комплекс Президентский",37.907748999999995,55.573944,ODEZHDA,,0.0
44076,RC,Контейнер для одежды «Благодарный шкаф»,"Россия, Московская область, Ленинский городской округ, Видное, Битцевский проезд, 15с1",37.708443,55.54206,ODEZHDA,,0.0
44077,RC,Контейнер для одежды «Благодарный шкаф»,"Россия, Московская область, Ленинский городской округ, Видное, Центральная улица, 15",37.725252999999995,55.560132999999986,ODEZHDA,,0.0
44078,RC,Контейнер для одежды «Благодарный шкаф»,"Россия, Московская область, Ленинский городской округ, Видное, Советский проезд, 11",37.708495,55.552353,ODEZHDA,,0.0
44079,RC,Контейнер для одежды «Благодарный шкаф»,"Россия, Московская область, Ленинский городской округ, Видное, район Расторгуево, Кооперативная улица, 2",37.68138,55.548715999999985,ODEZHDA,,0.0
44080,RC,Контейнер для одежды «Благодарный шкаф»,"Россия, Московская область, Ленинский городской округ, Видное, 2-й микрорайон",37.703758,55.553017,ODEZHDA,,0.0
44081,RC,Контейнер для одежды «Благодарный шкаф»,"Россия, Московская область, Лыткарино, улица Ленина",37.904403,55.57796,ODEZHDA,,0.0
44085,RC,Контейнер для одежды «Благодарный шкаф»,"Россия, Московская область, Лыткарино, 5-й микрорайон, 1-й квартал, 3А",37.89538499999999,55.58505699999999,ODEZHDA,,0.0
44086,RC,Контейнер для одежды «Благодарный шкаф»,"Россия, Московская область, Лыткарино, Песчаная улица",37.897433,55.58516300000001,ODEZHDA,,0.0
44087,RC,Контейнер для одежды «Благодарный шкаф»,"Россия, Московская область, городской округ Люберцы, посёлок городского типа Красково, улица Карла Маркса, 28",37.897433,55.58516300000001,ODEZHDA,,0.0
44089,RC,Контейнер для одежды «Благодарный шкаф»,"Россия, Московская область, Лыткарино, улица Ухтомского, 24А",37.902687,55.575492999999994,ODEZHDA,,0.0
44090,RC,Контейнер для одежды «Благодарный шкаф»,"Россия, Московская область, Лыткарино, Коммунистическая улица, 58",37.90256899999999,55.577497,ODEZHDA,,0.0
44091,RC,Контейнер для одежды «Благодарный шкаф»,"Россия, Московская область, Лыткарино, 5-й микрорайон, 1-й квартал",37.89264,55.58743299999999,ODEZHDA,,0.0
44092,RC,Контейнер для одежды «Благодарный шкаф»,"Россия, Московская область, Лыткарино, 3-й микрорайон, квартал 3А, 8",37.915674,55.585565999999986,ODEZHDA,,0.0
44093,RC,Контейнер для одежды «Благодарный шкаф»,"Россия, Москва, Зеленодольская улица, 42",37.764528,55.701856,ODEZHDA,,0.0
44094,RC,Контейнер для одежды «Благодарный шкаф»,"Россия, Московская область, Одинцовский городской округ, деревня Сколково",37.365163,55.688539999999996,ODEZHDA,,0.0
44095,RC,Контейнер для одежды «Благодарный шкаф»,"Россия, Московская область, Одинцово, Северная улица, 36",37.252742,55.68132499999999,ODEZHDA,,0.0
44096,RC,"Контейнеры для вторсырья ГУП ""Экотехпром""","Россия, Москва, Лодочная улица",37.458231,55.836087000000006,"PLASTIK,STEKLO",,0.0
44097,RC,"Контейнеры для вторсырья ГУП ""Экотехпром""","Россия, Москва, Снежная улица",37.65301,55.855282999999986,"PLASTIK,STEKLO",,0.0
44098,RC,"Контейнеры для вторсырья ГУП ""Экотехпром""","Россия, Москва, Проектируемый проезд № 6204",37.647635,55.88109300000001,"PLASTIK,STEKLO",,0.0
44099,RC,"Контейнеры для вторсырья ГУП ""Экотехпром""","Россия, Москва, улица Яблочкова, 43В",37.574469,55.82878499999999,"PLASTIK,STEKLO",,0.0
44100,RC,"Контейнеры для вторсырья ГУП ""Экотехпром""","Россия, Москва, Северо-Восточный административный округ, район Северный, микрорайон 7А, жилой комплекс Мой Адрес в Северном",37.524666,55.94084199999999,"PLASTIK,STEKLO",,0.0
44101,RC,"Контейнеры для вторсырья ГУП ""Экотехпром""","Россия, Москва, Ботаническая улица, 14Б",37.589031,55.846176,"PLASTIK,STEKLO",,0.0
44102,RC,"Контейнеры для вторсырья ГУП ""Экотехпром""","Россия, Москва, 9-я Северная линия, 15",37.551033,55.93335499999999,"PLASTIK,STEKLO",,0.0
44103,RC,"Контейнеры для вторсырья ГУП ""Экотехпром""","Россия, Москва, улица Зорге, 10к3",37.511869,55.78197599999999,"PLASTIK,STEKLO",,0.0
44104,RC,"Контейнеры для вторсырья ГУП ""Экотехпром""","Россия, Москва, Северный административный округ, Черкизовское кладбище",37.345087,55.94993399999999,"PLASTIK,STEKLO",,0.0
44105,RC,"Контейнеры для вторсырья ГУП ""Экотехпром""","Россия, Москва, улица Плеханова",37.758468,55.755692,"PLASTIK,STEKLO",,0.0
44106,RC,"Контейнеры для вторсырья ГУП ""Экотехпром""","Россия, Москва, Свободный проспект",37.81691299999999,55.751912,"PLASTIK,STEKLO",,0.0
44107,RC,"Контейнеры для вторсырья ГУП ""Экотехпром""","Россия, Москва, Юго-Восточный административный округ, район Выхино-Жулебино, квартал Самаркандский Бульвар 137А, к1",37.823808,55.701950999999994,"PLASTIK,STEKLO",,0.0
44108,RC,"Контейнеры для вторсырья ГУП ""Экотехпром""","Россия, Москва, улица Заречье, 5А",37.76583699999999,55.68640799999998,"PLASTIK,STEKLO",,0.0
44109,RC,"Контейнеры для вторсырья ГУП ""Экотехпром""","Россия, Москва, 1-й Нагатинский проезд, 11к2",37.636255,55.678169,"PLASTIK,STEKLO",,0.0
44110,RC,"Контейнеры для вторсырья ГУП ""Экотехпром""","Россия, Москва, Каширское шоссе, 16",37.62858799999999,55.66186499999999,"PLASTIK,STEKLO",,0.0
44111,RC,"Контейнеры для вторсырья ГУП ""Экотехпром""","Россия, Москва, Кировоградская улица, 11к1",37.605258,55.614705,"PLASTIK,STEKLO",,0.0
44112,RC,"Контейнеры для вторсырья ГУП ""Экотехпром""","Россия, Москва, улица Новинки, 27к1",37.676672,55.675926999999994,"PLASTIK,STEKLO",,0.0
44113,RC,"Контейнеры для вторсырья ГУП ""Экотехпром""","Россия, Москва, Варшавское шоссе, 131к5",37.6166,55.60443099999999,"PLASTIK,STEKLO",,0.0
44114,RC,"Контейнеры для вторсырья ГУП ""Экотехпром""","Россия, Москва, Дорожная улица",37.624115,55.605638,"PLASTIK,STEKLO",,0.0
44115,RC,"Контейнеры для вторсырья ГУП ""Экотехпром""","Россия, Москва, Дорожная улица, 7к1",37.622351,55.601794000000005,"PLASTIK,STEKLO",,0.0
44116,RC,"Контейнеры для вторсырья ГУП ""Экотехпром""","Россия, Москва, Варшавское шоссе, 152А",37.600331999999995,55.59407599999997,"PLASTIK,STEKLO",,0.0
44117,RC,"Контейнеры для вторсырья ГУП ""Экотехпром""","Россия, Москва, улица Газопровод, 15",37.61421,55.589002,"PLASTIK,STEKLO",,0.0
44118,RC,"Контейнеры для вторсырья ГУП ""Экотехпром""","Россия, Москва, Бутовская линия, метро Лесопарковая",37.578129999999994,55.582014,"PLASTIK,STEKLO",,0.0
44119,RC,"Контейнеры для вторсырья ГУП ""Экотехпром""","Россия, Москва, Люблинский сквер",37.765814999999996,55.67473699999999,"PLASTIK,STEKLO",,0.0
44120,RC,"Контейнеры для вторсырья ГУП ""Экотехпром""","Россия, Москва, улица Красного Маяка, 22к1",37.57941999999999,55.61331399999999,"PLASTIK,STEKLO",,0.0
44121,RC,"Контейнеры для вторсырья ГУП ""Экотехпром""","Россия, Москва, Чертановская улица, 17",37.596312,55.62416399999999,"PLASTIK,STEKLO",,0.0
44122,RC,"Контейнеры для вторсырья ГУП ""Экотехпром""","Россия, Москва, Чертановская улица, 9с1",37.598947,55.628525999999994,"PLASTIK,STEKLO",,0.0
44123,RC,"Контейнеры для вторсырья ГУП ""Экотехпром""","Россия, Москва, Тимуровская улица",37.660503,55.626009999999994,"PLASTIK,STEKLO",,0.0
44124,RC,"Контейнеры для вторсырья ГУП ""Экотехпром""","Россия, Москва, Бакинская улица",37.65673499999999,55.61963799999998,"PLASTIK,STEKLO",,0.0
44125,RC,"Контейнеры для вторсырья ГУП ""Экотехпром""","Россия, Москва, Ореховый бульвар, 12к1",37.71060299999999,55.609736,"PLASTIK,STEKLO",,0.0
44126,RC,"Контейнеры для вторсырья ГУП ""Экотехпром""","Россия, Москва, Замоскворецкая линия, метро Домодедовская",37.720622,55.61178699999998,"PLASTIK,STEKLO",,0.0
44127,RC,"Контейнеры для вторсырья ГУП ""Экотехпром""","Россия, Москва, Ореховый бульвар, 14к1А",37.715789,55.61053,"PLASTIK,STEKLO",,0.0
44128,RC,"Контейнеры для вторсырья ГУП ""Экотехпром""","Россия, Москва, Совхозная улица",37.762067,55.67656399999999,"PLASTIK,STEKLO",,0.0
44129,RC,"Контейнеры для вторсырья ГУП ""Экотехпром""","Россия, Москва, Каширское шоссе, 80Д",37.69808299999999,55.63451799999999,"PLASTIK,STEKLO",,1.0
44130,RC,"Контейнеры для вторсырья ГУП ""Экотехпром""","Россия, Москва, Шоссейная улица, 72",37.716578,55.672586999999986,"PLASTIK,STEKLO",,0.0
44131,RC,"Контейнеры для вторсырья ГУП ""Экотехпром""","Россия, Москва, Шарикоподшипниковская улица, 24",37.67621799999999,55.717914999999984,"PLASTIK,STEKLO",,0.0
44132,RC,"Контейнеры для вторсырья ГУП ""Экотехпром""","Россия, Москва, улица Гурьянова, 2Б",37.722001,55.69188599999999,"PLASTIK,STEKLO",,0.0
44133,RC,"Контейнеры для вторсырья ГУП ""Экотехпром""","Россия, Москва, район Капотня, 5-й квартал, 1с2",37.798247,55.62911499999998,"PLASTIK,STEKLO",,0.0
44134,RC,"Контейнеры для вторсырья ГУП ""Экотехпром""","Россия, Москва, Грайвороновская улица, 5с8",37.72656599999999,55.717442000000005,"PLASTIK,STEKLO",,0.0
44135,RC,"Контейнеры для вторсырья ГУП ""Экотехпром""","Россия, Москва, улица Верхние Поля, 2",37.74211499999999,55.66149999999999,"PLASTIK,STEKLO",,0.0
44136,RC,"Контейнеры для вторсырья ГУП ""Экотехпром""","Россия, Москва, улица Верхние Поля, 16А",37.746637,55.66347300000001,"PLASTIK,STEKLO",,0.0
44137,RC,"Контейнеры для вторсырья ГУП ""Экотехпром""","Россия, Москва, Михневская улица, 2Дс1",37.661639,55.581886000000004,"PLASTIK,STEKLO",,0.0
44138,RC,"Контейнеры для вторсырья ГУП ""Экотехпром""","Россия, Москва, Верхний Бирюлёвский пруд",37.668440999999994,55.578032999999984,"PLASTIK,STEKLO",,0.0
44139,RC,"Контейнеры для вторсырья ГУП ""Экотехпром""","Россия, Москва, Загорьевский проезд, 9к1",37.669768,55.57457099999998,"PLASTIK,STEKLO",,0.0
44140,RC,"Контейнеры для вторсырья ГУП ""Экотехпром""","Россия, Москва, Загорьевский проезд",37.674710999999995,55.574203000000004,"PLASTIK,STEKLO",,0.0
44141,RC,"Контейнеры для вторсырья ГУП ""Экотехпром""","Россия, Москва, Бирюлёвская улица, 52к1",37.667809,55.583567,"PLASTIK,STEKLO",,0.0
44142,RC,"Контейнеры для вторсырья ГУП ""Экотехпром""","Россия, Москва, Касимовская улица, 22",37.656621,55.59327499999999,"PLASTIK,STEKLO",,0.0
44143,RC,"Контейнеры для вторсырья ГУП ""Экотехпром""","Россия, Москва, Касимовская улица",37.655821,55.59468899999999,"PLASTIK,STEKLO",,0.0
44144,RC,"Контейнеры для вторсырья ГУП ""Экотехпром""","Россия, Москва, 6-я Радиальная улица, 3к5",37.661436,55.605439000000004,"PLASTIK,STEKLO",,0.0
44145,RC,"Контейнеры для вторсырья ГУП ""Экотехпром""","Россия, Москва, Липецкая улица, 22к2",37.673715,55.59253300000002,"PLASTIK,STEKLO",,0.0
44146,RC,"Контейнеры для вторсырья ГУП ""Экотехпром""","Россия, Москва, Булатниковский проезд, 14к7",37.65923899999999,55.58062799999998,"PLASTIK,STEKLO",,0.0
44147,RC,"Контейнеры для вторсырья ГУП ""Экотехпром""","Россия, Москва, улица Борисовские Пруды, 7к2",37.715315,55.635726,"PLASTIK,STEKLO",,0.0
44148,RC,"Контейнеры для вторсырья ГУП ""Экотехпром""","Россия, Москва, улица Борисовские Пруды, 2Б",37.70594599999999,55.63249499999998,"PLASTIK,STEKLO",,0.0
44149,RC,"Контейнеры для вторсырья ГУП ""Экотехпром""","Россия, Москва, Проектируемый проезд № 5301",37.740569,55.632368,"PLASTIK,STEKLO",,0.0
44150,RC,"Контейнеры для вторсырья ГУП ""Экотехпром""","Россия, Москва, Коломенская набережная, 26к3",37.688936,55.674078999999985,"PLASTIK,STEKLO",,0.0
44151,RC,"Контейнеры для вторсырья ГУП ""Экотехпром""","Россия, Москва, Коломенская улица, 27к1",37.687827,55.675443999999985,"PLASTIK,STEKLO",,0.0
44152,RC,"Контейнеры для вторсырья ГУП ""Экотехпром""","Россия, Москва, Каширский проезд, 10с4",37.623208,55.65374100000001,"PLASTIK,STEKLO",,0.0
44153,RC,"Контейнеры для вторсырья ГУП ""Экотехпром""","Россия, Москва, улица Борисовские Пруды, 44",37.773353,55.64455100000001,"PLASTIK,STEKLO",,0.0
44154,RC,"Контейнеры для вторсырья ГУП ""Экотехпром""","Россия, Москва, Проектируемый проезд № 5402",37.78105099999999,55.62705600000001,"PLASTIK,STEKLO",,0.0
44156,RC,"Контейнеры для вторсырья ГУП ""Экотехпром""","Россия, Москва, улица Лобанова, 9",37.659998,55.69975500000001,"PLASTIK,STEKLO",,0.0
44157,RC,"Контейнеры для вторсырья ГУП ""Экотехпром""","Россия, Москва, Загородное шоссе, 2с28",37.610467,55.69796099999999,"PLASTIK,STEKLO",,0.0
44158,RC,"Контейнеры для вторсырья ГУП ""Экотехпром""","Россия, Москва, детский парк на Загородном шоссе",37.61166099999999,55.69739399999999,"PLASTIK,STEKLO",,0.0
44159,RC,"Контейнеры для вторсырья ГУП ""Экотехпром""","Россия, Москва, Павловская улица, 23",37.62734199999999,55.71694599999999,"PLASTIK,STEKLO",Контейнеры находятся в сквере Чингиза Айтматова,0.0
44160,RC,"Контейнеры для вторсырья ГУП ""Экотехпром""","Россия, Москва, улица Мусы Джалиля, вл4к5А",37.733007,55.629087000000006,"PLASTIK,STEKLO",,0.0
44161,RC,"Контейнеры для вторсырья ГУП ""Экотехпром""","Россия, Москва, Ореховый бульвар, 45к1",37.744004999999994,55.614606999999985,"PLASTIK,STEKLO",,0.0
44162,RC,"Контейнеры для вторсырья ГУП ""Экотехпром""","Россия, Москва, парк Борисовские пруды",37.717198999999994,55.62934399999999,"PLASTIK,STEKLO",,0.0
44163,RC,"Контейнеры для вторсырья ГУП ""Экотехпром""","Россия, Москва, Борисовский проезд, 38к1",37.72823,55.617228000000004,"PLASTIK,STEKLO",,0.0
44164,RC,"Контейнеры для вторсырья ГУП ""Экотехпром""","Россия, Москва, парк Братеевская пойма",37.779217,55.63545200000001,"PLASTIK,STEKLO",,0.0
44165,RC,"Контейнеры для вторсырья ГУП ""Экотехпром""","Россия, Москва, парк Братеевская пойма",37.781162,55.630675,"PLASTIK,STEKLO",,0.0
44167,RC,"Контейнеры для вторсырья ГУП ""Экотехпром""","Россия, Москва, Красноярская улица, 3к1",37.834672999999995,55.818774,"PLASTIK,STEKLO",,0.0
44178,RC,"Точка приёма батареек и крышечек в магазине ""ВкусВилл""","Химки, ул. Совхозная, 6",37.479528,55.898422000000004,"KRYSHECHKI,BATAREJKI",,0.0
44179,RC,"Точка приёма батареек и крышечек в магазине ""ВкусВилл""","Химки, ул. Московская, 32",37.44365,55.888618999999984,"KRYSHECHKI,BATAREJKI",,0.0
44183,RC,"Точка приёма батареек и крышечек в магазине ""ВкусВилл""","Реутов, пр-т Юбилейный, 47",37.876403999999994,55.752560999999986,"KRYSHECHKI,BATAREJKI",,0.0
44186,RC,"Точка приёма крышечек в магазине ""ВкусВилл""","п. Егорово, ул. Колхозная, 1Ас2",37.947199999999995,55.642819,KRYSHECHKI,,0.0
44187,RC,"Точка приёма батареек в магазине ""ВкусВилл""","Одинцово, б-р Любы Новоселовой, 5",37.25606299999999,55.68189400000001,BATAREJKI,,0.0
44189,RC,"Точка приёма батареек в магазине ""ВкусВилл""","Москва, Шмитовский пр-д, 39к2",37.524731,55.75406599999999,BATAREJKI,,0.0
44190,RC,"Точка приёма крышечек в магазине ""ВкусВилл""","Москва, ш. Энтузиастов, д. 1 к. 2",37.68833,55.747709999999984,KRYSHECHKI,,0.0
44191,RC,"Точка приёма батареек, крышечек и пластиковых карточек в магазине ""ВкусВилл""","Москва, ш. Хорошевское, д. 68",37.526089999999996,55.7781,"KRYSHECHKI,BATAREJKI,INOE",,0.0
44192,RC,"Точка приёма батареек и крышечек в магазине ""ВкусВилл""","Москва, ул. Ясеневая, д. 12 к. 5",37.73419,55.602569999999986,"KRYSHECHKI,BATAREJKI",,0.0
44193,RC,"Точка приёма батареек и крышечек в магазине ""ВкусВилл""","Россия, Москва, 3-я Хорошёвская улица, 21А",37.498818,55.786122999999996,"KRYSHECHKI,BATAREJKI",,0
44194,RC,"Точка приёма батареек и крышечек в магазине ""ВкусВилл""","Москва, ул. Сумская, 2/12",37.608,55.623580000000004,"KRYSHECHKI,BATAREJKI",,0
44195,RC,"Точка приёма батареек и крышечек в магазине ""ВкусВилл""","Москва, ул. Расплетина, д. 13",37.48263,55.79546,"KRYSHECHKI,BATAREJKI",,0
44196,RC,"Точка приёма крышечек в магазине ""ВкусВилл""","Москва, ул. Перовская, д. 66 к. 2",37.80092,55.74296999999999,KRYSHECHKI,,0
44197,RC,"Точка приёма крышечек в магазине ""ВкусВилл""","Москва, ул. Окская, 7А",37.769459999999995,55.7163,KRYSHECHKI,,0
44198,RC,"Точка приёма батареек и крышечек в магазине ""ВкусВилл""","Москва, ул. Кибальчича, д. 4/6",37.64741,55.81515999999998,"KRYSHECHKI,BATAREJKI",,0
44199,RC,"Точка приёма батареек и крышечек в магазине ""ВкусВилл""","Москва, ул. Каховка, д. 28 к. 2",37.56284999999999,55.65990999999999,"KRYSHECHKI,BATAREJKI",,0
44200,RC,"Точка приёма батареек и крышечек в магазине ""ВкусВилл""","Москва, ул. Каховка, д. 19 к. 1",37.57841,55.65347999999998,"KRYSHECHKI,BATAREJKI",,0
44201,RC,"Точка приёма батареек и крышечек в магазине ""ВкусВилл""","Москва, ул. Донецкая, д. 30 к. 1",37.70722,55.64547999999999,"KRYSHECHKI,BATAREJKI",,0
44202,RC,"Точка приёма батареек и крышечек в магазине ""ВкусВилл""","Россия, Москва, улица Госпитальный Вал, 22/2",37.711895,55.773606,"KRYSHECHKI,BATAREJKI",,0
44203,RC,"Точка приёма батареек и крышечек в магазине ""ВкусВилл""","Москва, ул. Вишневая 2/14",37.44667,55.82739999999998,"KRYSHECHKI,BATAREJKI",,0
44204,RC,"Точка приёма крышечек в магазине ""ВкусВилл""","Москва, ул. Вилиса Лациса, д. 38 к. 1",37.40558,55.85709999999999,KRYSHECHKI,,0
44205,RC,"Точка приёма батареек и крышечек в магазине ""ВкусВилл""","Москва, ул. Братиславская, 29к1",37.767019999999995,55.65380000000001,"KRYSHECHKI,BATAREJKI",,0
44206,RC,"Точка приёма батареек, крышечек и пластиковых карточек в магазине ""ВкусВилл""","Москва, ул. Архитектора Щусева, д. 2 к. 1",37.63538,55.69993,"KRYSHECHKI,BATAREJKI,INOE",,0
44207,RC,"Точка приёма батареек в магазине ""ВкусВилл""","Москва, ул. Александры Монаховой, 95к1",37.490209,55.542131,BATAREJKI,,0
44208,RC,"Точка приёма крышечек в магазине ""ВкусВилл""","Москва, пр. Тюменский, д. 3 к. 5",37.73996999999999,55.810889999999986,KRYSHECHKI,,0
44209,RC,"Точка приёма батареек и крышечек в магазине ""ВкусВилл""","Москва, пр. Нововладыкинский, д. 1 к. 2",37.57822999999999,55.85068999999998,"KRYSHECHKI,BATAREJKI",,0
44210,RC,"Точка приёма крышечек в магазине ""ВкусВилл""","Москва, пр. Каширский, д. 25 к. 2",37.62418,55.6543,KRYSHECHKI,,0
44211,RC,"Точка приёма крышечек в магазине ""ВкусВилл""","Москва, пр. Измайловский, 9к3",37.7688,55.79828,KRYSHECHKI,,0
44212,RC,"Точка приёма крышечек в магазине ""ВкусВилл""","Москва, пр. Измайловский, 5А",37.76583999999999,55.79582,KRYSHECHKI,,0
44213,RC,"Точка приёма батареек и крышечек в магазине ""ВкусВилл""","Москва, пр. 2-й Грайвороновский, 44к1",37.74569,55.72615999999999,"KRYSHECHKI,BATAREJKI",,0
44214,RC,"Точка приёма батареек и крышечек в магазине ""ВкусВилл""","Москва, пр-т Рязанский, 58/1",37.79747999999999,55.71519,"KRYSHECHKI,BATAREJKI",,0
44215,RC,"Точка приёма крышечек в магазине ""ВкусВилл""","Москва, пр-т Магеллана, д. 2",37.44731,55.59150999999999,KRYSHECHKI,,0
44216,RC,"Точка приёма крышечек в магазине ""ВкусВилл""","Москва, пр-т Ленинский, 107к1",37.51478,55.66371,KRYSHECHKI,,0
44217,RC,"Точка приёма крышечек в магазине ""ВкусВилл""","Москва, пр-т Ленинградский, 34А",37.568149999999996,55.78528,KRYSHECHKI,,0
44218,RC,"Точка приёма крышечек в магазине ""ВкусВилл""","Москва, пл. Победы, д. 1 к. Б",37.51954,55.73559999999999,KRYSHECHKI,,0
44219,RC,"Точка приёма батареек и крышечек в магазине ""ВкусВилл""","Москва, Одесская, 16",37.59015999999999,55.65632,"KRYSHECHKI,BATAREJKI",,0
44220,RC,"Точка приёма батареек и крышечек в магазине ""ВкусВилл""","Москва, Нахимовский пр-т, 28к1",37.57747199999999,55.67337699999999,"KRYSHECHKI,BATAREJKI",,0
44221,RC,"Точка приёма крышечек в магазине ""ВкусВилл""","Москва, наб. Рубцовская, д. 4 к. 2",37.698829999999994,55.77548,KRYSHECHKI,,0
44222,RC,"Точка приёма батареек и крышечек в магазине ""ВкусВилл""","Москва, Лобненская, дом № 9",37.537859999999995,55.88904,"KRYSHECHKI,BATAREJKI",,0
44223,RC,"Точка приёма батареек и крышечек в магазине ""ВкусВилл""","Москва, Ленинский проспект, 7",37.606523,55.725006999999984,"KRYSHECHKI,BATAREJKI",,0
44224,RC,"Точка приёма батареек в магазине ""ВкусВилл""","Москва, Ленинский пр-кт, 95",37.525872,55.67397599999999,BATAREJKI,,0
44225,RC,"Точка приёма батареек и крышечек в магазине ""ВкусВилл""","Москва, Краснобогатырская ул., 90с2",37.71006299999999,55.800428,"KRYSHECHKI,BATAREJKI",,0
44226,RC,"Точка приёма батареек в магазине ""ВкусВилл""","Москва, Кастанаевская ул., 42к2",37.474380999999994,55.73499300000001,BATAREJKI,,0
44227,RC,"Точка приёма батареек и крышечек в магазине ""ВкусВилл""","Москва, Кастанаевская ул., 17",37.490981999999995,55.737922,"KRYSHECHKI,BATAREJKI",,0
44228,RC,"Точка приёма батареек и крышечек в магазине ""ВкусВилл""","Москва, Зеленодольская ул., 18к1",37.77984399999999,55.713343999999985,"KRYSHECHKI,BATAREJKI",,0
44229,RC,"Точка приёма батареек и крышечек в магазине ""ВкусВилл""","Москва, Головинское ш., 10Б",37.497324,55.83718100000001,"KRYSHECHKI,BATAREJKI",,0
44230,RC,"Точка приёма крышечек в магазине ""ВкусВилл""","Москва, Волгоградский пр-т, 32/5с1",37.69068599999999,55.720138999999996,KRYSHECHKI,,0
44231,RC,"Точка приёма крышечек в магазине ""ВкусВилл""","Москва, Верхняя Радищевская ул., 17/2 стр. 2",37.652732,55.74326399999999,KRYSHECHKI,,0
44233,RC,"Точка приёма батареек и крышечек в магазине ""ВкусВилл""","Люберцы, ул. Весенняя, 12",37.908078999999994,55.70043599999999,"KRYSHECHKI,BATAREJKI",,0
44234,RC,"Точка приёма батареек в магазине ""ВкусВилл""","Люберцы, ул. 8 Марта, 14к2",37.880266999999996,55.69968,BATAREJKI,,0
44236,RC,"Точка приёма батареек в магазине ""ВкусВилл""","Красногорск, ул. Железнодорожная, 1к3",37.367203,55.81171199999998,BATAREJKI,,0
44237,RC,"Точка приёма батареек и крышечек в магазине ""ВкусВилл""","Королёв, ул. Ленина, 27",37.806703999999996,55.91552300000001,"KRYSHECHKI,BATAREJKI",,0
44238,RC,"Точка приёма батареек и крышечек в магазине ""ВкусВилл""","Королёв, ул. Космонавта Стрекалова, 3",37.8214,55.924209,"KRYSHECHKI,BATAREJKI",,0
44242,RC,"Точка приёма батареек и крышечек в магазине ""ВкусВилл""","Долгопрудный, ул. Московская, 56к2",37.524776,55.960708999999994,"KRYSHECHKI,BATAREJKI",,0
44243,RC,"Точка приёма батареек и крышечек в магазине ""ВкусВилл""","Долгопрудный, Первомайская ул., 3А",37.522288,55.92636799999999,"KRYSHECHKI,BATAREJKI",,0
44244,RC,"Точка приёма батареек в магазине ""ВкусВилл""","Дзержинский, Лесная ул., 18",37.86540899999999,55.629221,BATAREJKI,,0
44247,RC,"Точка приёма крышечек в магазине ""ВкусВилл""","Балашиха, ул. Черняховского, д. 32А",37.9355,55.763709999999996,KRYSHECHKI,,0
44248,RC,"Точка приёма крышечек в магазине ""ВкусВилл""","Балашиха, ул. Реутовская, д. 26",37.85272,55.786669999999994,KRYSHECHKI,,0
44249,RC,"Точка приёма крышечек в магазине ""ВкусВилл""","Балашиха, ул. Реутовская, 15",37.852715,55.78667200000001,KRYSHECHKI,,0
44251,RC,"Точка приёма крышечек и батареек в магазине ""ВкусВилл""","Балашиха, ул. Лукино, 20к1",37.92558,55.83207,"KRYSHECHKI,BATAREJKI",,0
44256,RC,"Приём баночек в магазине парфюмерии ""OOMPH""","Россия, Москва, Тверская улица, 6с1",37.611446,55.76025599999998,PLASTIK,,0
44257,RC,"Приём баночек в магазине парфюмерии ""OOMPH""","Россия, Москва, Ходынский бульвар, 4",37.533051,55.790467,PLASTIK,,0
44258,RC,"Приём баночек в магазине парфюмерии ""OOMPH""","Россия, Москва, Кировоградская улица, 13А",37.607365,55.611847,PLASTIK,,0
44259,RC,"Приём баночек в магазине парфюмерии ""OOMPH""","Россия, Москва, Павелецкая площадь, 3",37.639958,55.73101400000001,PLASTIK,,0
44260,RC,"Приём баночек в магазине парфюмерии ""OOMPH""","Россия, Москва, Новомосковский административный округ, район Коммунарка, Киевское шоссе, 23-й километр, 1",37.422664,55.62426499999999,PLASTIK,,0
44261,RC,"Приём баночек в магазине парфюмерии ""OOMPH""","Россия, Москва, Ленинградское шоссе, 16Ас4",37.49720899999999,55.82285799999998,PLASTIK,,0
44262,RC,"Точка приёма батареек и блистеров в магазине ""ВкусВилл""","Россия, Москва, 4-й Вятский переулок, 37",37.570594,55.80016199999998,"BATAREJKI,INOE",,0
44263,RC,Контейнер для одежды «Благодарный шкаф»,"Россия, Москва, Голубинская улица, 32к2",37.54501599999999,55.59326299999999,ODEZHDA,,0
44264,RC,Контейнер для одежды «Благодарный шкаф»,"Россия, Москва, Стрелецкая улица, 9А",37.60342899999999,55.797420999999986,ODEZHDA,,0
44265,RC,Контейнер для одежды «Благодарный шкаф»,"Россия, Москва, Открытое шоссе, 22",37.751832,55.81956499999999,ODEZHDA,,0
44266,RC,Контейнер для одежды «Благодарный шкаф»,"Россия, Москва, Северо-Восточный административный округ, Ярославский район",37.725604999999995,55.876139999999985,"ODEZHDA,INOE",,0
44267,RC,Контейнер для одежды «Благодарный шкаф»,"Россия, Москва, Анадырский проезд, вл14Бс1",37.711492,55.881189,ODEZHDA,,0
44268,RC,Контейнер для одежды «Благодарный шкаф»,"Россия, Москва, 9-я Северная линия, 3В",37.55160099999999,55.93668100000001,ODEZHDA,,0
44269,RC,"Контейнер для приема одежды фонда ""Второе дыхание""","Россия, Москва, Ленинский проспект, 99",37.51835299999999,55.66834599999999,ODEZHDA,,0
44272,RC,Контейнер для сбора одежды AJ International,"Россия, Московская область, Ленинский городской округ, Видное, Школьная улица, 21",37.710389,55.556905999999984,ODEZHDA,,0
44299,RC,"Пункт приёма техники и батареек в магазине ""М.Видео""","Химки, микрорайон ИКЕА, 1",37.397699,55.90965899999997,"BYTOVAJA_TEHNIKA,BATAREJKI",,0
44302,RC,"Пункт приёма техники и батареек в магазине ""М.Видео""","Москва, улица Рязанский проспект, 2к2",37.73247599999999,55.72927999999999,"BYTOVAJA_TEHNIKA,BATAREJKI",,0
44303,RC,"Пункт приёма техники и батареек в магазине ""М.Видео""","Москва, улица Профсоюзная, 126к2",37.517048,55.631291999999995,"BYTOVAJA_TEHNIKA,BATAREJKI",,0
44304,RC,"Пункт приёма техники и батареек в магазине ""М.Видео""","Москва, улица Пресненская наб., 2",37.541163,55.749244,"BYTOVAJA_TEHNIKA,BATAREJKI",,0
44305,RC,"Пункт приёма техники и батареек в магазине ""М.Видео""","Москва, улица Милашенкова, 4с7",37.589837,55.822623,"BYTOVAJA_TEHNIKA,BATAREJKI",,0
44306,RC,"Пункт приёма техники и батареек в магазине ""М.Видео""","Москва, улица Куликовская, 6",37.565222999999996,55.57401800000002,"BYTOVAJA_TEHNIKA,BATAREJKI",,0
44307,RC,"Пункт приёма техники и батареек в магазине ""М.Видео""","Москва, улица Каховка, 29А",37.569433,55.656054999999995,"BYTOVAJA_TEHNIKA,BATAREJKI",,0
44308,RC,"Пункт приёма техники и батареек в магазине ""М.Видео""","Москва, улица Земляной вал, 33",37.659212,55.75769799999998,"BYTOVAJA_TEHNIKA,BATAREJKI",,0
44309,RC,"Пункт приёма техники в магазине ""М.Видео""","Москва, улица Дыбенко, 7/1",37.47861799999999,55.87866300000001,BYTOVAJA_TEHNIKA,,0
44310,RC,"Пункт приёма техники в магазине ""М.Видео""","Москва, улица Дубравная, вл. 51",37.351998,55.83940799999998,BYTOVAJA_TEHNIKA,,0
44311,RC,"Пункт приёма техники в магазине ""М.Видео""","Москва, улица Авиаторов, 3А",37.398415,55.64338100000001,BYTOVAJA_TEHNIKA,,0
44312,RC,"Пункт приёма техники в магазине ""М.Видео""","Москва, улица 7-ая Кожуховская, 9",37.674019,55.71048999999999,BYTOVAJA_TEHNIKA,,0
44313,RC,"Пункт приёма техники в магазине ""М.Видео""","Москва, Смоленская площадь, д. 5",37.58071999999999,55.74807099999999,BYTOVAJA_TEHNIKA,,0
44314,RC,"Пункт приёма техники в магазине ""М.Видео""","Москва, Сиреневый бульвар, 31",37.801354,55.80361099999998,BYTOVAJA_TEHNIKA,,0
44315,RC,"Пункт приёма техники и батареек в магазине ""М.Видео""","Москва, проспект Мира, 211к2",37.65953,55.844827000000016,"BYTOVAJA_TEHNIKA,BATAREJKI",,0
44316,RC,"Пункт приёма техники и батареек в магазине ""М.Видео""","Москва, Пролетарский пр-т, вл. 30",37.658661,55.630446,"BYTOVAJA_TEHNIKA,BATAREJKI",,0
44317,RC,"Пункт приёма техники и батареек в магазине ""М.Видео""","Москва, Ленинградский пр-т, 36",37.56008899999999,55.791495999999995,"BYTOVAJA_TEHNIKA,BATAREJKI",,0
44318,RC,"Пункт приёма техники в магазине ""М.Видео""","Королев, проспект Космонавтов, 20A",37.86665,55.914706999999986,BYTOVAJA_TEHNIKA,,0
44322,RC,"Пункт приема техники в магазине ""Эльдорадо""","Москва, Аминьевское ш, 6",37.457027,55.706494,BYTOVAJA_TEHNIKA,,0
44325,RC,"Контейнер для приема одежды фонда ""Второе дыхание""","Россия, Москва, проспект Мира, 211к2",37.665808,55.84563899999999,ODEZHDA,,0
44327,RC,Контейнер для одежды «Благодарный шкаф»,"Россия, Москва, улица Жебрунова, 4Ж",37.678535,55.78475600000001,ODEZHDA,,0
44329,RC,"Контейнер для приема одежды фонда ""Второе дыхание""","Россия, Москва, Электродная улица, 2с32",37.752590999999995,55.75432399999999,ODEZHDA,,0
44349,RC,"Приём зубных щёток в медцентре ""Аполлония мед""","Россия, Москва, Чертановская улица, 38к1",37.591134999999994,55.614484999999995,INOE,,0
44350,RC,"Приём зубных щёток в магазине ""Доктор Слон""","Россия, Москва, Таганская улица, 2",37.657691,55.74088700000001,INOE,,0
44351,RC,"Приём зубных щёток в магазине ""Доктор Слон""","Россия, Москва, площадь Киевского Вокзала, 2",37.565469,55.744347,INOE,,0
44352,RC,"Приём зубных щёток в стоматологии ""Зуб лечить""","Россия, Москва, улица Маршала Захарова, 13к1",37.70168199999999,55.62237000000001,INOE,,0
44353,RC,"Приём зубных щёток в стоматологии ""ПрезиДент""","Россия, Москва, Луговой проезд, 4к1",37.751125,55.650541000000004,INOE,,0
44354,RC,"Приём зубных щёток в стоматологии ""Dental Daily""","Россия, Москва, Красноказарменная улица, 14Ак5",37.70502299999999,55.752631999999984,INOE,,0
44355,RC,"Приём зубных щёток в стоматологии ""Elnor medical""","Россия, Москва, улица Адмирала Лазарева, 55",37.511804999999995,55.539781999999995,INOE,,0
44356,RC,"Приём зубных щёток в стоматологии ""Просмайл. ру""","Россия, Москва, улица Адмирала Лазарева, 55",37.51189099999999,55.539947999999995,INOE,,0
44365,RC,"Контейнер для приема одежды ""ЗелеР""","Хорошёвское шоссе, 16с3",37.545932,55.774274,ODEZHDA,,0
44366,RC,"Контейнер для приема одежды ""ЗелеР""","улица Красная Пресня, 6/2с1",37.574831,55.761364999999984,ODEZHDA,,0
44367,RC,"Контейнер для приема одежды ""ЗелеР""","проспект Вернадского, 105 к4",37.486678999999995,55.66363900000001,ODEZHDA,,0
44402,RC,Контейнер La Roche-Posay для упаковки от косметики в пункте выдачи Lamoda,Московская область г. Одинцово ул. Молодежная д. 46,37.27111,55.67719399999999,"PLASTIK,INOE",,0
44403,RC,Контейнер La Roche-Posay для упаковки от косметики в пункте выдачи Lamoda,Московская область г. Одинцово ул. Союзная д. 1В,37.28469299999999,55.67190999999999,"PLASTIK,INOE",,0
44404,RC,Контейнер La Roche-Posay для упаковки от косметики в пункте выдачи Lamoda,Московская область г. Одинцово Можайское шоссе д. 159,37.30583,55.68667000000001,"PLASTIK,INOE",,0
44406,RC,Контейнер La Roche-Posay для упаковки от косметики в пункте выдачи Lamoda,Московская область г. Красногорск Волоколамское шоссе д. 3 стр. 1,37.338205,55.81910999999998,"PLASTIK,INOE",,0
44407,RC,Контейнер La Roche-Posay для упаковки от косметики в пункте выдачи Lamoda,г. Москва г. Московский ул. Солнечная д. 3 (м. Филатов Луг),37.36606199999999,55.591497999999994,"PLASTIK,INOE",,0
44408,RC,Контейнер La Roche-Posay для упаковки от косметики в пункте выдачи Lamoda,Московская область г. Красногорск Красногорский бульвар д. 24 (м. Мякинино),37.37601699999999,55.81969100000001,"PLASTIK,INOE",,0
44409,RC,Контейнер La Roche-Posay для упаковки от косметики в пункте выдачи Lamoda,г. Москва Новокуркинское шоссе д. 51,37.388839,55.90883500000001,"PLASTIK,INOE",,0
44410,RC,Контейнер La Roche-Posay для упаковки от косметики в пункте выдачи Lamoda,г. Москва ул. Производственная д. 12 к. 1 (м. Солнцево),37.390106,55.64412200000001,"PLASTIK,INOE",,0
44411,RC,Контейнер La Roche-Posay для упаковки от косметики в пункте выдачи Lamoda,Московская область г. Красногорск ул. Новотушинская д. 1 пом. 6,37.39475099999999,55.86648899999999,"PLASTIK,INOE",,0
44412,RC,Контейнер La Roche-Posay для упаковки от косметики в пункте выдачи Lamoda,г. Москва ул. Таллинская д. 7 (м. Строгино),37.396128999999995,55.800468,"PLASTIK,INOE",,0
44413,RC,Контейнер La Roche-Posay для упаковки от косметики в пункте выдачи Lamoda,Московская область г. Химки пр-кт Мельникова д. 2Б,37.40678599999999,55.901472000000005,"PLASTIK,INOE",,0
44414,RC,Контейнер La Roche-Posay для упаковки от косметики в пункте выдачи Lamoda,"Московская область г. Химки Ленинградское шоссе вл. 5 (ТЦ ""Лига"")",37.433526,55.888765,"PLASTIK,INOE",,0
44415,RC,Контейнер La Roche-Posay для упаковки от косметики в пункте выдачи Lamoda,г. Москва ул. Планерная д. 7 (м. Планерная),37.43499,55.86281299999998,"PLASTIK,INOE",,0
44416,RC,Контейнер La Roche-Posay для упаковки от косметики в пункте выдачи Lamoda,г. Москва ул. Тушинская д. 17 (м. Тушинская),37.44479,55.826665,"PLASTIK,INOE",,0
44417,RC,Контейнер La Roche-Posay для упаковки от косметики в пункте выдачи Lamoda,г. Москва п. Сосенское ул. Николо-Хованская д. 28 стр. 5 (м. Прокшино),37.45403399999999,55.58930999999999,"PLASTIK,INOE",,0
44418,RC,Контейнер La Roche-Posay для упаковки от косметики в пункте выдачи Lamoda,"Россия, Москва, Фестивальная улица, 13к1",37.477577999999994,55.855843000000014,"PLASTIK,INOE",,0
44420,RC,Контейнер La Roche-Posay для упаковки от косметики в пункте выдачи Lamoda,г. Москва п. Коммунарка ул. Липовый парк д. 7 к. 2,37.490235999999996,55.567467999999955,"PLASTIK,INOE",,0
44421,RC,Контейнер La Roche-Posay для упаковки от косметики в пункте выдачи Lamoda,г. Москва ул. Кастанаевская д. 16 к. 1 (м. Багратионовская),37.49293399999999,55.739099999999986,"PLASTIK,INOE",,0
44423,RC,Контейнер La Roche-Posay для упаковки от косметики в пункте выдачи Lamoda,г. Москва ул. Клинская д. 8 стр. 1 (1 этаж м. Ховрино),37.497063,55.868536,"PLASTIK,INOE",,0
44424,RC,Контейнер La Roche-Posay для упаковки от косметики в пункте выдачи Lamoda,г. Москва ул. Алабяна д. 10 к. 5 (м. Панфиловская),37.501929999999994,55.80058600000001,"PLASTIK,INOE",,0
44425,RC,Контейнер La Roche-Posay для упаковки от косметики в пункте выдачи Lamoda,г. Москва пр-кт Маршала Жукова д. 1 стр. 1 (м. Хорошёво),37.50586499999999,55.77467899999999,"PLASTIK,INOE",,0
44426,RC,Контейнер La Roche-Posay для упаковки от косметики в пункте выдачи Lamoda,г. Москва ул. Балтийская д. 4 (м. Сокол),37.512856,55.80744499999997,"PLASTIK,INOE",,0
44427,RC,Контейнер La Roche-Posay для упаковки от косметики в пункте выдачи Lamoda,г. Москва Багратионовский проезд д. 1А к. 1 (м. Фили),37.513116,55.745801999999976,"PLASTIK,INOE",,0
44428,RC,Контейнер La Roche-Posay для упаковки от косметики в пункте выдачи Lamoda,г. Москва ул. Миклухо-Маклая д. 18 к. 2 (м. Беляево),37.519413,55.644887,"PLASTIK,INOE",,0
44429,RC,Контейнер La Roche-Posay для упаковки от косметики в пункте выдачи Lamoda,г. Москва ул. Профсоюзная д. 109 (м. Коньково),37.521569,55.633013000000005,"PLASTIK,INOE",,0
44430,RC,Контейнер La Roche-Posay для упаковки от косметики в пункте выдачи Lamoda,г. Москва ул. Южнобутовская д. 58 (м. Улица Горчакова),37.529358,55.53682299999999,"PLASTIK,INOE",,0
44431,RC,Контейнер La Roche-Posay для упаковки от косметики в пункте выдачи Lamoda,г. Москва ул. Гарибальди д. 3 (м. Новаторская),37.535519,55.67797600000001,"PLASTIK,INOE",,0
44432,RC,Контейнер La Roche-Posay для упаковки от косметики в пункте выдачи Lamoda,г. Москва ул. Скобелевская д. 20 (м. Улица Скобелевская),37.555524,55.54665899999999,"PLASTIK,INOE",,0
44433,RC,Контейнер La Roche-Posay для упаковки от косметики в пункте выдачи Lamoda,г. Москва Дмитровское шоссе д. 73 стр. 1 (м. Верхние Лихоборы),37.558858,55.85714899999997,"PLASTIK,INOE",,0
44434,RC,Контейнер La Roche-Posay для упаковки от косметики в пункте выдачи Lamoda,г. Москва ул. Малая Пироговская д. 8 (м. Спортивная),37.570537,55.72967599999998,"PLASTIK,INOE",,0
44435,RC,Контейнер La Roche-Posay для упаковки от косметики в пункте выдачи Lamoda,г. Москва ул. Яблочкова д. 21А (м. Тимирязевская),37.578271,55.81949399999999,"PLASTIK,INOE",,0
44436,RC,Контейнер La Roche-Posay для упаковки от косметики в пункте выдачи Lamoda,г. Москва ул. Гримау д. 9 корп. 1 (м. Академическая),37.580228,55.68883000000001,"PLASTIK,INOE",,0
44437,RC,Контейнер La Roche-Posay для упаковки от косметики в пункте выдачи Lamoda,г. Москва ул. Смоленская д. 6 (м. Смоленская),37.58125299999999,55.74651199999999,"PLASTIK,INOE",,0
44438,RC,Контейнер La Roche-Posay для упаковки от косметики в пункте выдачи Lamoda,г. Москва 2-я Брестская ул. д. 37 к. 1 (м. Белорусская),37.58549599999999,55.773154999999996,"PLASTIK,INOE",,0
44439,RC,Контейнер La Roche-Posay для упаковки от косметики в пункте выдачи Lamoda,г. Москва ул. Тимура Фрунзе д. 22 (м. Парк культуры),37.588187999999995,55.73564299999998,"PLASTIK,INOE",,0
44440,RC,Контейнер La Roche-Posay для упаковки от косметики в пункте выдачи Lamoda,г. Москва Алтуфьевское шоссе д. 70 к. 1 (м. Алтуфьево),37.588683,55.88829599999999,"PLASTIK,INOE",,0
44441,RC,Контейнер La Roche-Posay для упаковки от косметики в пункте выдачи Lamoda,г. Москва ул. Лесная д. 63/43 стр. 2 (м. Менделеевская),37.595941999999994,55.784387999999986,"PLASTIK,INOE",,0
44442,RC,Контейнер La Roche-Posay для упаковки от косметики в пункте выдачи Lamoda,г. Москва ул. Поварская д. 8/1 к. 1 (м. Арбатская),37.59905499999999,55.75376499999999,"PLASTIK,INOE",,0
44443,RC,Контейнер La Roche-Posay для упаковки от косметики в пункте выдачи Lamoda,г. Москва ул. Бибиревская д. 10 к. 2 (м. Бибирево),37.60248099999999,55.88150999999999,"PLASTIK,INOE",,0
44444,RC,Контейнер La Roche-Posay для упаковки от косметики в пункте выдачи Lamoda,г. Москва Варшавское шоссе д. 135Б (м. Улица Академика Янгеля),37.602885,55.59633499999999,"PLASTIK,INOE",,0
44445,RC,Контейнер La Roche-Posay для упаковки от косметики в пункте выдачи Lamoda,г. Москва Огородный проезд д. 10 стр. 2 (м. Бутырская),37.603368999999994,55.813393999999995,"PLASTIK,INOE",,0
44446,RC,Контейнер La Roche-Posay для упаковки от косметики в пункте выдачи Lamoda,г. Москва Балаклавский пр-кт д. 5А (м. Чертановская),37.608113,55.640533,"PLASTIK,INOE",,0
44447,RC,Контейнер La Roche-Posay для упаковки от косметики в пункте выдачи Lamoda,г. Москва ул. Декабристов д. 21 (м. Отрадное),37.60838400000001,55.863712,"PLASTIK,INOE",,0
44448,RC,Контейнер La Roche-Posay для упаковки от косметики в пункте выдачи Lamoda,г. Москва Чонгарский бульвар д. 7 (м. Варшавская),37.612389,55.651384,"PLASTIK,INOE",,0
44449,RC,Контейнер La Roche-Posay для упаковки от косметики в пункте выдачи Lamoda,Московская область пгт Боброво ул. Крымская д. 17 пом. 12,37.612831,55.530018,"PLASTIK,INOE",,0
44450,RC,Контейнер La Roche-Posay для упаковки от косметики в пункте выдачи Lamoda,г. Москва Варшавское шоссе д. 87Б (м. Варшавская),37.620698,55.65364399999999,"PLASTIK,INOE",,0
44451,RC,Контейнер La Roche-Posay для упаковки от косметики в пункте выдачи Lamoda,г. Москва ул. Большая Тульская д. 13 (м. Тульская),37.622091,55.708734,"PLASTIK,INOE",,0
44452,RC,Контейнер La Roche-Posay для упаковки от косметики в пункте выдачи Lamoda,г. Москва Новокузнецкая ул. д. 11/13 (м. Новокузнецкая),37.631493999999996,55.73814699999997,"PLASTIK,INOE",,0
44453,RC,Контейнер La Roche-Posay для упаковки от косметики в пункте выдачи Lamoda,г. Москва пр-кт Мира д. 40 (м. Проспект Мира),37.63429399999999,55.78023699999998,"PLASTIK,INOE",,0
44454,RC,Контейнер La Roche-Posay для упаковки от косметики в пункте выдачи Lamoda,г. Москва 1-я Останкинская ул. д. 55 (м. Выставочный центр),37.634524,55.82425800000001,"PLASTIK,INOE",,0
44455,RC,Контейнер La Roche-Posay для упаковки от косметики в пункте выдачи Lamoda,г. Москва Лазоревый проезд д. 3 (м. Ботанический сад),37.636464,55.84900400000001,"PLASTIK,INOE",,0
44456,RC,Контейнер La Roche-Posay для упаковки от косметики в пункте выдачи Lamoda,г. Москва ул. Кожевническая д. 7 стр. 1 (м. Павелецкая),37.645189,55.73023500000001,"PLASTIK,INOE",,0
44457,RC,Контейнер La Roche-Posay для упаковки от косметики в пункте выдачи Lamoda,г. Москва ул. Булатниковская д. 2А (м. Улица Академика Янгеля),37.651717,55.58067599999998,"PLASTIK,INOE",,0
44458,RC,Контейнер La Roche-Posay для упаковки от косметики в пункте выдачи Lamoda,г. Москва ул. Николоямская д. 21/7 стр. 3 (м. Таганская),37.654357999999995,55.747282000000006,"PLASTIK,INOE",,0
44459,RC,Контейнер La Roche-Posay для упаковки от косметики в пункте выдачи Lamoda,г. Москва ул. Кольская д. 2 к. 4 (м. Свиблово),37.655122,55.858326,"PLASTIK,INOE",,0
44460,RC,Контейнер La Roche-Posay для упаковки от косметики в пункте выдачи Lamoda,г. Москва ул. Мастеркова д. 6 (м. Автозаводская),37.656783999999995,55.70790199999999,"PLASTIK,INOE",,0
44461,RC,Контейнер La Roche-Posay для упаковки от косметики в пункте выдачи Lamoda,г. Москва Земляной Вал д. 21/2 стр. 1 (м. Курская),37.658041999999995,55.76085799999999,"PLASTIK,INOE",,0
44462,RC,Контейнер La Roche-Posay для упаковки от косметики в пункте выдачи Lamoda,г. Москва Комсомольская площадь д. 6 (м. Комсомольская),37.660413,55.775864,"PLASTIK,INOE",,0
44463,RC,Контейнер La Roche-Posay для упаковки от косметики в пункте выдачи Lamoda,г. Москва ул. 6-я Радиальная д. 5 к. 3 (м. Царицыно),37.662302999999994,55.604463999999986,"PLASTIK,INOE",,0
44464,RC,Контейнер La Roche-Posay для упаковки от косметики в пункте выдачи Lamoda,г. Москва Царицыно ул. Луганская д. 5 (м. Царицыно),37.666542,55.626322,"PLASTIK,INOE",,0
44465,RC,Контейнер La Roche-Posay для упаковки от косметики в пункте выдачи Lamoda,г. Москва ул. Бирюлевская д. 47А (м. Царицыно),37.669028,55.584588999999994,"PLASTIK,INOE",,0
44466,RC,Контейнер La Roche-Posay для упаковки от косметики в пункте выдачи Lamoda,г. Москва Сокольническая площадь д. 4А (м. Сокольники),37.678614,55.78964099999997,"PLASTIK,INOE",,0
44467,RC,Контейнер La Roche-Posay для упаковки от косметики в пункте выдачи Lamoda,г. Москва Анадырский проезд д. 13 (м. Бабушкинская),37.68057999999999,55.862736999999996,"PLASTIK,INOE",,0
44468,RC,Контейнер La Roche-Posay для упаковки от косметики в пункте выдачи Lamoda,г. Москва ул. Трофимова д. 32 к. 1 (м. Кожуховская),37.684662,55.70297299999999,"PLASTIK,INOE",,0
44469,RC,Контейнер La Roche-Posay для упаковки от косметики в пункте выдачи Lamoda,г. Москва Семеновская набережная д. 3/1 к. 6 (м. Электрозаводская),37.70472699999999,55.77990400000001,"PLASTIK,INOE",,0
44470,RC,Контейнер La Roche-Posay для упаковки от косметики в пункте выдачи Lamoda,Московская область г. Видное ул. Радужная д. 2,37.710246999999995,55.543037000000005,"PLASTIK,INOE",,0
44471,RC,Контейнер La Roche-Posay для упаковки от косметики в пункте выдачи Lamoda,г. Москва ул. Красноказарменная д. 16 (м. Авиамоторная),37.710745999999986,55.75320499999996,"PLASTIK,INOE",,0
44472,RC,Контейнер La Roche-Posay для упаковки от косметики в пункте выдачи Lamoda,г. Москва ул. Преображенский Вал д. 1 стр. 1 (м. Преображенская площадь),37.71640499999999,55.794238999999976,"PLASTIK,INOE",,0
44473,RC,Контейнер La Roche-Posay для упаковки от косметики в пункте выдачи Lamoda,г. Москва ул. Генерала Белова д. 29 (м. Домодедовская),37.72130999999999,55.615029000000014,"PLASTIK,INOE",,0
44474,RC,Контейнер La Roche-Posay для упаковки от косметики в пункте выдачи Lamoda,Московская область г. Мытищи ул. Мира д. 26А,37.726735999999995,55.91662299999998,"PLASTIK,INOE",,0
44475,RC,Контейнер La Roche-Posay для упаковки от косметики в пункте выдачи Lamoda,г. Москва пр-кт Будённого д. 51 к. 1 (м. Шоссе Энтузиастов),37.73776699999999,55.760454,"PLASTIK,INOE",,0
44476,RC,Контейнер La Roche-Posay для упаковки от косметики в пункте выдачи Lamoda,г. Москва Марьинский бульвар д. 1 (м. Марьино),37.748071,55.64891000000001,"PLASTIK,INOE",,0
44477,RC,Контейнер La Roche-Posay для упаковки от косметики в пункте выдачи Lamoda,г. Москва ул. Кустанайская д. 6 (м. Шипиловская),37.752158,55.619573999999986,"PLASTIK,INOE",,0
44479,RC,Контейнер La Roche-Posay для упаковки от косметики в пункте выдачи Lamoda,г. Москва ул. Совхозная д. 39 (м. Люблино),37.760422,55.673768,"PLASTIK,INOE",,0
44480,RC,Контейнер La Roche-Posay для упаковки от косметики в пункте выдачи Lamoda,г. Москва ул. Михайлова д. 31А пом. 399 (м. Окская),37.774856,55.725183,"PLASTIK,INOE",,0
44481,RC,Контейнер La Roche-Posay для упаковки от косметики в пункте выдачи Lamoda,г. Москва 7-я Парковая ул. д. 15 к. 2 (м. Первомайская),37.791965999999995,55.797136,"PLASTIK,INOE",,0
44482,RC,Контейнер La Roche-Posay для упаковки от косметики в пункте выдачи Lamoda,Московская область г. Королев ул. Октябрьская д. 12/2,37.812498,55.918847,"PLASTIK,INOE",,0
44483,RC,Контейнер La Roche-Posay для упаковки от косметики в пункте выдачи Lamoda,г. Москва Зелёный пр-кт д. 79А (м. Новогиреево),37.816226,55.752059999999986,"PLASTIK,INOE",,0
44484,RC,Контейнер La Roche-Posay для упаковки от косметики в пункте выдачи Lamoda,г. Москва Рязанский пр-кт д. 99А (м. Выхино),37.81648599999998,55.71258400000001,"PLASTIK,INOE",,0
44486,RC,Контейнер La Roche-Posay для упаковки от косметики в пункте выдачи Lamoda,г. Москва ул. Авиаконструктора Миля д. 1 (м. Жулебино),37.850766,55.688527,"PLASTIK,INOE",,0
44487,RC,Контейнер La Roche-Posay для упаковки от косметики в пункте выдачи Lamoda,Московская область г. Реутов Носовихинское шоссе д. 5,37.857216,55.74534699999999,"PLASTIK,INOE",,0
44488,RC,Контейнер La Roche-Posay для упаковки от косметики в пункте выдачи Lamoda,Московская область г. Люберцы Новорязанское шоссе д. 1А,37.858545,55.67645299999999,"PLASTIK,INOE",,0
44489,RC,Контейнер La Roche-Posay для упаковки от косметики в пункте выдачи Lamoda,Московская область г. Королев пр-кт Космонавтов д. 20А пом. 317,37.86673799999999,55.914358,"PLASTIK,INOE",,0
44490,RC,Контейнер La Roche-Posay для упаковки от косметики в пункте выдачи Lamoda,Московская область г. Королев пр-кт Космонавтов д. 12В,37.867226,55.91692099999999,"PLASTIK,INOE",,0
44491,RC,Контейнер La Roche-Posay для упаковки от косметики в пункте выдачи Lamoda,Московская область г. Балашиха шоссе Энтузиастов вл. 11 стр. 4,37.886568,55.790717,"PLASTIK,INOE",,0
44492,RC,Контейнер La Roche-Posay для упаковки от косметики в пункте выдачи Lamoda,Московская область г. Люберцы Октябрьский пр-кт д. 181,37.894927,55.67878799999998,"PLASTIK,INOE",,0
44493,RC,Контейнер La Roche-Posay для упаковки от косметики в пункте выдачи Lamoda,г. Москва ул. Недорубова д. 30 пом. 360 (м. Некрасовка),37.933936,55.70746900000001,"PLASTIK,INOE",,0
44494,RC,Контейнер La Roche-Posay для упаковки от косметики в пункте выдачи Lamoda,Московская область г. Балашиха Ленина пр-кт д. 16,37.941711,55.796845000000005,"PLASTIK,INOE",,0
44693,RC,Контейнер для одежды «Благодарный шкаф»,"Россия, Москва, бульвар Адмирала Ушакова, 2",37.55257999999999,55.54820600000001,ODEZHDA,,0
44694,RC,Контейнер для одежды «Благодарный шкаф»,"Россия, Москва, 2-я Мелитопольская улица, 3",37.573373999999994,55.53999000000001,ODEZHDA,,0
44695,RC,Контейнер для одежды «Благодарный шкаф»,"Россия, Московская область, Красногорск, микрорайон Опалиха, улица Алябьева, 1А",37.21746399999999,55.830831999999994,ODEZHDA,,0
44698,RC,Контейнер для сбора одежды «ЛидерТекс»,"Россия, Москва, Восточный административный округ, район Восточный, Главная улица, 29",37.872195999999995,55.819681,ODEZHDA,,0
44700,RC,Контейнер для одежды «Благодарный шкаф»,"Россия, Москва, Лухмановская улица",37.899689,55.715627,ODEZHDA,,0
44701,RC,Контейнер для одежды «Благодарный шкаф»,"Россия, Москва, Саянская улица, 9А",37.832818,55.769285999999994,ODEZHDA,,0
44702,RC,Контейнер для одежды «Благодарный шкаф»,"Россия, Москва, Щёлковское шоссе, 91к2",37.826221,55.813078,ODEZHDA,,0
44705,RC,Пункт приёма крышечек в магазине «Спортмастер»,"Россия, Московская область, Реутов, Носовихинское шоссе, 45",37.887095,55.75188,KRYSHECHKI,,0
44707,RC,Контейнер для зубных щёток в магазине «Перекрёсток» от SPLAT,"Химки, Кудрявцева улица, 4",37.457632,55.89842599999999,"PLASTIK,INOE",,0
44708,RC,Контейнер для зубных щёток в магазине «Перекрёсток» от SPLAT,"Москва, п. Московский, Киевское шоссе, 22-й км, вл.4с1",37.45755499999999,55.89832899999998,"PLASTIK,INOE",,0
44709,RC,Контейнер для зубных щёток в магазине «Перекрёсток» от SPLAT,"Москва, Островитянова улица, 7",37.494923,55.644637999999986,"PLASTIK,INOE",,0
44710,RC,"Пункт приёма зубных щёток в магазине ""Перекрёсток""","Москва, Алтуфьевское шоссе, 8",37.58563900000001,55.852546000000004,INOE,,0
44711,RC,"Пункт приёма зубных щёток в магазине ""Перекрёсток""","Москва, Востряковский пр-д, 17А",37.647847,55.575222999999994,INOE,,0
44712,RC,Контейнер для зубных щёток в магазине «Перекрёсток» от SPLAT,"Красногорск, б-р Подмосковный, 9",37.370338999999994,55.82212599999999,"PLASTIK,INOE",,0.0
44713,RC,Контейнер для зубных щёток в магазине «Перекрёсток» от SPLAT,"Москва, Осенний, д 12, к 1",37.408886,55.75873500000001,"PLASTIK,INOE",,0.0
44714,RC,Контейнер для зубных щёток в магазине «Перекрёсток» от SPLAT,"Москва, Земляной вал, 33",37.659676999999995,55.75639899999998,"PLASTIK,INOE",,0.0
44715,RC,"Пункт приёма зубных щёток в магазине ""Перекрёсток""","Москва, п. Коммунарка, Александры Монаховой улица, 30с2",37.48297199999999,55.566294999999975,INOE,,0.0
44716,RC,Контейнер для зубных щёток в магазине «Перекрёсток» от SPLAT,"Москва, Пресненская набережная, 2",37.542602,55.749641,"PLASTIK,INOE",,0.0
44717,RC,Контейнер для зубных щёток в магазине «Перекрёсток» от SPLAT,"Москва, Дежнева проезд, 21",37.63788399999999,55.870243,"PLASTIK,INOE",,0.0
44719,RC,Контейнер для зубных щёток в магазине «Перекрёсток» от SPLAT,"Москва, Сходненская улица, 25",37.438839,55.845251000000005,"PLASTIK,INOE",,0.0
44720,RC,Контейнер для зубных щёток в магазине «Перекрёсток» от SPLAT,"Москва, Мичуринский проспект, 3к1",37.467182,55.67759399999999,"PLASTIK,INOE",,0.0
44721,RC,Контейнер для зубных щёток в магазине «Перекрёсток» от SPLAT,"Москва, Мичуринский проспект, 31к7",37.49818,55.695749999999975,"PLASTIK,INOE",,0.0
44722,RC,Контейнер для зубных щёток в магазине «Перекрёсток» от SPLAT,"Москва, Мичуринский проспект, 44А",37.491738,55.694565000000004,"PLASTIK,INOE",,0.0
44723,RC,Контейнер для зубных щёток в магазине «Перекрёсток» от SPLAT,"Москва, Первомайская улица, 42",37.78635,55.79247999999999,"PLASTIK,INOE",,0.0
44724,RC,Контейнер для зубных щёток в магазине «Перекрёсток» от SPLAT,"Москва, Шереметьевская улица, 6с1",37.616978,55.7963,"PLASTIK,INOE",,0.0
44725,RC,"Пункт приёма зубных щёток в магазине ""Перекрёсток""","Москва, Сормовская улица, 6",37.812343,55.71105499999999,INOE,,0.0
44726,RC,"Пункт приёма зубных щёток в магазине ""Перекрёсток""","Москва, 2-ая Филевская улица, 14",37.49089,55.73926099999999,INOE,,0.0
44727,RC,Контейнер для зубных щёток в магазине «Перекрёсток» от SPLAT,"Москва, Академика Капицы улица, 34/121",37.517482,55.62898100000001,"PLASTIK,INOE",,0.0
44728,RC,Контейнер для зубных щёток в магазине «Перекрёсток» от SPLAT,"Москва, Бирюлёвская улица, 51к1",37.671831,55.58254699999996,"PLASTIK,INOE",,0.0
44731,RC,Контейнер для зубных щёток в магазине «Перекрёсток» от SPLAT,"Москва, Дубравная улица, 34/29",37.357606,55.84626799999999,"PLASTIK,INOE",,0.0
44732,RC,Контейнер для зубных щёток в магазине «Перекрёсток» от SPLAT,"Москва, Зеленодольская улица, 40",37.76558899999999,55.703889000000004,"PLASTIK,INOE",,0.0
44733,RC,Контейнер для зубных щёток в магазине «Перекрёсток» от SPLAT,"Москва, Можайское шоссе , 31к1",37.421101,55.718678000000004,"PLASTIK,INOE",,0.0
44734,RC,Контейнер для зубных щёток в магазине «Перекрёсток» от SPLAT,"Москва, Маршала Федоренко улица, 12",37.48912399999999,55.88163599999998,"PLASTIK,INOE",,0.0
44735,RC,"Пункт приёма зубных щёток в магазине ""Перекрёсток""","Мытищи, улица Мира, 30",37.724865,55.91866900000001,INOE,,0.0
44738,RC,"Пункт приёма зубных щёток в магазине ""Перекрёсток""","Балашиха, Нестерова бульвар, 1А",37.942403999999996,55.824107999999995,INOE,,0.0
44740,RC,Контейнер для зубных щёток в магазине «Перекрёсток» от SPLAT,"Химки, 9 мая улица, 8А",37.415701,55.901230000000005,"PLASTIK,INOE",,0.0
44741,RC,Контейнер для зубных щёток в магазине «Перекрёсток» от SPLAT,"Москва, Байкальская улица, 12",37.788909,55.81617999999999,"PLASTIK,INOE",,0.0
44742,RC,Контейнер для зубных щёток в магазине «Перекрёсток» от SPLAT,"Москва, Народного ополчения улица, 24",37.480392,55.77987000000001,"PLASTIK,INOE",,0.0
44743,RC,Контейнер для зубных щёток в магазине «Перекрёсток» от SPLAT,"Москва, Генерала Кузнецова улица, 22",37.853033999999994,55.686100999999965,"PLASTIK,INOE",,0.0
44744,RC,"Пункт приёма зубных щёток в магазине ""Перекрёсток""","Мытищи, Осташковское шоссе, 22",37.66599699999999,55.962222999999994,INOE,,0.0
44745,RC,Контейнер для зубных щёток в магазине «Перекрёсток» от SPLAT,"Москва, Кронштадтский бульвар, 3",37.485049,55.841072000000004,"PLASTIK,INOE",,0.0
44746,RC,"Пункт приёма зубных щёток в магазине ""Перекрёсток""","Реутов, Юбилейный проспект, 41",37.873253,55.751901000000004,INOE,,0.0
44747,RC,"Пункт приёма зубных щёток в магазине ""Перекрёсток""","Москва, Каховка улица, 27",37.57172599999999,55.655449999999995,INOE,,0.0
44748,RC,Контейнер для зубных щёток в магазине «Перекрёсток» от SPLAT,"Москва, Каховка улица, 29",37.569876,55.65645499999999,"PLASTIK,INOE",,0.0
44749,RC,Контейнер для зубных щёток в магазине «Перекрёсток» от SPLAT,"Москва, 3-я Хорошевская улица, 21А",37.498692,55.78553199999998,"PLASTIK,INOE",,0.0
44750,RC,Контейнер для зубных щёток в магазине «Перекрёсток» от SPLAT,"Мытищи, улица Мира, 32/2",37.717315,55.921898,"PLASTIK,INOE",,0.0
44754,RC,Контейнер для зубных щёток в магазине «Перекрёсток» от SPLAT,"Химки, Ленинградское шоссе, вл. 5",37.43287,55.88904900000002,"PLASTIK,INOE",,0.0
44755,RC,Контейнер для зубных щёток в магазине «Перекрёсток» от SPLAT,"Москва, п. Московский, Никитина улица, 2",37.356748,55.60445600000001,"PLASTIK,INOE",,0.0
44759,RC,"Пункт приёма зубных щёток в магазине ""Перекрёсток""","Москва, Заревый проезд, 14/12",37.656200999999996,55.887083999999994,INOE,,0.0
44762,RC,Контейнер для зубных щёток в магазине «Перекрёсток» от SPLAT,"Москва, Внуковское, Омская улица, 7А",37.263295,55.615943999999985,"PLASTIK,INOE",,0.0
44763,RC,Контейнер для зубных щёток в магазине «Перекрёсток» от SPLAT,"Москва, 3-я Парковая улица, вл. 57",37.78047599999999,55.805320999999985,"PLASTIK,INOE",,0.0
44764,RC,"Пункт приёма зубных щёток в магазине ""Перекрёсток""","Москва, Спасо-Тушинский бульвар, 1",37.39929699999999,55.872456,INOE,,0.0
44765,RC,"Пункт приёма зубных щёток в магазине ""Перекрёсток""","Москва, Павелецкая площадь, 3",37.639202,55.73070000000001,INOE,,0.0
44767,RC,Контейнер для зубных щёток в магазине «Перекрёсток» от SPLAT,"Видное, Олимпийская улица, 6к1",37.69939099999999,55.546003999999996,"PLASTIK,INOE",,0.0
44768,RC,Контейнер для зубных щёток в магазине «Перекрёсток» от SPLAT,"Лопатино, Сухановская улица, 1с1",37.64070199999999,55.535831,"PLASTIK,INOE",,0.0
44769,RC,Контейнер для зубных щёток в магазине «Перекрёсток» от SPLAT,"Москва, Максимова улица, 5",37.467311,55.797561999999985,"PLASTIK,INOE",,0.0
44770,RC,Контейнер для зубных щёток в магазине «Перекрёсток» от SPLAT,"Москва, Сиреневый бульвар, 31",37.801165,55.804010999999996,"PLASTIK,INOE",,0.0
44771,RC,Контейнер для зубных щёток в магазине «Перекрёсток» от SPLAT,"Москва, Хорошевское шоссе, 16с3",37.54569600000001,55.774437,"PLASTIK,INOE",,0.0
44774,RC,Контейнер для зубных щёток в магазине «Перекрёсток» от SPLAT,"Королёв, Космонавтов проспект, 41/1",37.86713,55.907660999999955,"PLASTIK,INOE",,0.0
44775,RC,Контейнер для зубных щёток в магазине «Перекрёсток» от SPLAT,"Москва, Раменки улица, 3",37.495943,55.693329,"PLASTIK,INOE",,0.0
44776,RC,"Пункт приёма зубных щёток в магазине ""Перекрёсток""","Москва, Киевского Вокзала площадь, 2",37.564989,55.743982999999986,INOE,,0.0
44777,RC,Контейнер для зубных щёток в магазине «Перекрёсток» от SPLAT,"Москва, Профсоюзная улица, 61А",37.540797,55.656119999999994,"PLASTIK,INOE",,0.0
44778,RC,Контейнер для зубных щёток в магазине «Перекрёсток» от SPLAT,"Москва, Лобачевского улица, 2",37.509759,55.66525499999998,"PLASTIK,INOE",,0.0
44779,RC,"Пункт приёма зубных щёток в магазине ""Перекрёсток""","Москва, Елецкая улица, 15",37.73378499999999,55.607222999999976,INOE,,0.0
44780,RC,Контейнер для зубных щёток в магазине «Перекрёсток» от SPLAT,"Москва, Планерная улица, 7",37.435119,55.862239999999986,"PLASTIK,INOE",,0.0
44781,RC,Контейнер для зубных щёток в магазине «Перекрёсток» от SPLAT,"Москва, Тимирязевская улица, 2/3",37.573024,55.80763399999999,"PLASTIK,INOE",,0.0
44782,RC,Контейнер для зубных щёток в магазине «Перекрёсток» от SPLAT,"Москва, Медынская улица, 7",37.648063,55.58630399999999,"PLASTIK,INOE",,0.0
44784,RC,"Пункт приёма зубных щёток в магазине ""Перекрёсток""","Москва, Космонавта Волкова улица, 6А",37.512579,55.815158,INOE,,0.0
44785,RC,Контейнер для зубных щёток в магазине «Перекрёсток» от SPLAT,"Москва, Маломосковская улица, 20с1",37.65108299999999,55.81247699999999,"PLASTIK,INOE",,0.0
44786,RC,"Пункт приёма зубных щёток в магазине ""Перекрёсток""","Москва, Зеленый проспект, 62А",37.820208,55.75072699999998,INOE,,0.0
44787,RC,Контейнер для зубных щёток в магазине «Перекрёсток» от SPLAT,"Москва, Удальцова улица, 42",37.49103,55.683580999999975,"PLASTIK,INOE",,0.0
44789,RC,"Пункт приёма зубных щёток в магазине ""Перекрёсток""","Мытищи, Селезнёва улица, 33",37.728301,55.89216399999999,INOE,,0.0
44790,RC,Контейнер для зубных щёток в магазине «Перекрёсток» от SPLAT,"Москва, Кутузовский проспект, 88",37.449743,55.725336,"PLASTIK,INOE",,0.0
44791,RC,Контейнер для зубных щёток в магазине «Перекрёсток» от SPLAT,"Москва, Боровское шоссе, 6",37.402522,55.65888900000001,"PLASTIK,INOE",,0.0
44792,RC,Контейнер для зубных щёток в магазине «Перекрёсток» от SPLAT,"Москва, Вавилова улица, 66с1",37.54878899999999,55.68310799999996,"PLASTIK,INOE",,0.0
44793,RC,Контейнер для зубных щёток в магазине «Перекрёсток» от SPLAT,"Москва, Гарибальди улица, 23",37.553408000000005,55.671487,"PLASTIK,INOE",,0.0
44794,RC,Контейнер для зубных щёток в магазине «Перекрёсток» от SPLAT,"Москва, Голубинская улица, 5к1",37.513288,55.60673200000001,"PLASTIK,INOE",,0.0
44795,RC,Контейнер для зубных щёток в магазине «Перекрёсток» от SPLAT,"Москва, Саянская улица, 8А",37.82863399999999,55.767087999999994,"PLASTIK,INOE",,0.0
44796,RC,Контейнер для зубных щёток в магазине «Перекрёсток» от SPLAT,"Москва, Шмитовский проезд, 16к2",37.548017,55.758048,"PLASTIK,INOE",,0.0
44797,RC,Контейнер для зубных щёток в магазине «Перекрёсток» от SPLAT,"Москва, Андропова проспект, 36",37.662074999999994,55.67569700000001,"PLASTIK,INOE",,0.0
44798,RC,"Пункт приёма зубных щёток в магазине ""Перекрёсток""","Москва, Братиславская улица, 12",37.752687,55.65981899999999,INOE,,0.0
44799,RC,Контейнер для зубных щёток в магазине «Перекрёсток» от SPLAT,"Москва, Адмирала Лазарева, 52",37.517775,55.54236699999999,"PLASTIK,INOE",,0.0
44800,RC,Контейнер для зубных щёток в магазине «Перекрёсток» от SPLAT,"Москва, Скобелевская улица, 24",37.556153,55.545331999999995,"PLASTIK,INOE",,0.0
44802,RC,"Пункт приёма зубных щёток в магазине ""Перекрёсток""","Одинцово, Маршала Неделина улица, 6",37.268472,55.67831999999999,INOE,,0.0
44803,RC,Контейнер для зубных щёток в магазине «Перекрёсток» от SPLAT,"Москва, Паустовского улица, 6к1",37.538904,55.60019500000001,"PLASTIK,INOE",,0.0
44804,RC,Контейнер для зубных щёток в магазине «Перекрёсток» от SPLAT,"Москва, Нагатинская улица, 16",37.644006,55.67840999999999,"PLASTIK,INOE",,0.0
44806,RC,"Пункт приёма зубных щёток в магазине ""Перекрёсток""","Москва, пр-т Андропова, 22",37.660931,55.682731000000004,INOE,,0.0
44807,RC,Контейнер для зубных щёток в магазине «Перекрёсток» от SPLAT,"Москва, Вернадского, 86А",37.480626,55.66276500000001,"PLASTIK,INOE",,0.0
44808,RC,Контейнер для зубных щёток в магазине «Перекрёсток» от SPLAT,"Москва, Милашенкова улица, 8",37.585111,55.82506300000001,"PLASTIK,INOE",,0.0
44809,RC,Контейнер для зубных щёток в магазине «Перекрёсток» от SPLAT,"Москва, Римского-Корсакова улица, 20",37.60966499999999,55.874195999999976,"PLASTIK,INOE",,0.0
44810,RC,Контейнер для зубных щёток в магазине «Перекрёсток» от SPLAT,"Москва, Хабаровская улица, 15",37.823136,55.822359000000006,"PLASTIK,INOE",,0.0
44811,RC,Контейнер для зубных щёток в магазине «Перекрёсток» от SPLAT,"Москва, 3-я Парковая улица, вл. 24",37.783884999999984,55.79482699999999,"PLASTIK,INOE",,0.0
44812,RC,Контейнер для зубных щёток в магазине «Перекрёсток» от SPLAT,"Москва, Кутузовский проспект, 57",37.477164,55.727653000000004,"PLASTIK,INOE",,0.0
44813,RC,Контейнер для зубных щёток в магазине «Перекрёсток» от SPLAT,"Москва, Хорошевское шоссе, 27",37.523692,55.776583999999986,"PLASTIK,INOE",,0.0
44814,RC,"Пункт приёма зубных щёток в магазине ""Перекрёсток""","Москва, Люблинская улица, 102А",37.74245,55.65248600000001,INOE,,0.0
44815,RC,"Пункт приёма зубных щёток в магазине ""Перекрёсток""","Москва, Проспект Мира, 188Бк2",37.65803400000001,55.83506799999999,INOE,,0.0
44817,RC,Контейнер для зубных щёток в магазине «Перекрёсток» от SPLAT,"Щербинка, Новостроевская улица, 6",37.559016,55.50415199999998,"PLASTIK,INOE",,0.0
44820,RC,Контейнер для зубных щёток в магазине «Перекрёсток» от SPLAT,"Королёв, Космонавтов проспект, 12А",37.86711099999999,55.91719599999998,"PLASTIK,INOE",,0.0
44821,RC,Контейнер для зубных щёток в магазине «Перекрёсток» от SPLAT,"Люберцы, Октябрьский проспект, 112",37.87682000000001,55.685209,"PLASTIK,INOE",,0.0
44822,RC,Контейнер для зубных щёток в магазине «Перекрёсток» от SPLAT,"Москва, Шоссейная улица, 34",37.722854999999996,55.68241099999999,"PLASTIK,INOE",,0.0
44823,RC,Контейнер для зубных щёток в магазине «Перекрёсток» от SPLAT,"Москва, п. Сосенское, Николо-Хаванская улица, 28с5",37.454076,55.588938999999996,"PLASTIK,INOE",,0.0
44824,RC,Контейнер для зубных щёток в магазине «Перекрёсток» от SPLAT,"Москва, Новочеркасский бульвар, 20к5",37.71812,55.64562,"PLASTIK,INOE",,0.0
44825,RC,"Пункт приёма зубных щёток в магазине ""Перекрёсток""","Москва, Каширское шоссе, 26",37.645742,55.65299,INOE,,0.0
44826,RC,Контейнер для зубных щёток в магазине «Перекрёсток» от SPLAT,"Москва, Усачева улица, 2с1",37.57699199999999,55.731089999999995,"PLASTIK,INOE",,0.0
44827,RC,Контейнер для зубных щёток в магазине «Перекрёсток» от SPLAT,"Москва, Каширское шоссе, 65к3",37.72642299999999,55.599043,"PLASTIK,INOE",,0.0
44828,RC,Контейнер для зубных щёток в магазине «Перекрёсток» от SPLAT,"Москва, Андропова, 8",37.664652999999994,55.69574699999999,"PLASTIK,INOE",,0.0
44829,RC,Контейнер для зубных щёток в магазине «Перекрёсток» от SPLAT,"Москва, Космонавтов улица, 15",37.660225,55.821625999999995,"PLASTIK,INOE",,0.0
44830,RC,Контейнер для зубных щёток в магазине «Перекрёсток» от SPLAT,"Москва, Краснодарская улица, 51к2",37.765308000000005,55.676891999999995,"PLASTIK,INOE",,0.0
44831,RC,"Пункт приёма зубных щёток в магазине ""Перекрёсток""","Москва, Хорошёвское шоссе, 70 к1",37.525556,55.77829499999999,INOE,,0.0
44832,RC,Контейнер для зубных щёток в магазине «Перекрёсток» от SPLAT,"Москва, Щукинская улица, 42",37.46465599999999,55.809691999999984,"PLASTIK,INOE",,0.0
44833,RC,Контейнер для зубных щёток в магазине «Перекрёсток» от SPLAT,"Москва, Бакинская улица, 17",37.657821,55.620281999999996,"PLASTIK,INOE",,0.0
44834,RC,"Пункт приёма зубных щёток в магазине ""Перекрёсток""","Москва, Свободы улица, 91с1",37.445989,55.86611399999999,INOE,,0.0
44835,RC,"Пункт приёма зубных щёток в магазине ""Перекрёсток""","Химки, Транспортный проезд, вл. 9",37.411640999999996,55.91435899999998,INOE,,0.0
44836,RC,Контейнер для зубных щёток в магазине «Перекрёсток» от SPLAT,"Москва, Кировоградская улица, 14",37.605357999999995,55.622561999999995,"PLASTIK,INOE",,0.0
44837,RC,Контейнер для зубных щёток в магазине «Перекрёсток» от SPLAT,"Москва, Большая Тульская улица, 2",37.620121,55.71018799999997,"PLASTIK,INOE",,0.0
44838,RC,Контейнер для зубных щёток в магазине «Перекрёсток» от SPLAT,"Москва, Локомотивный проезд, 4",37.577082,55.83830700000001,"PLASTIK,INOE",,0.0
44840,RC,Контейнер для зубных щёток в магазине «Перекрёсток» от SPLAT,"Москва, Тюменский проезд, 3",37.738257,55.81248500000002,"PLASTIK,INOE",,0.0
44841,RC,Контейнер для зубных щёток в магазине «Перекрёсток» от SPLAT,"Долгопрудный, Лихачёвский проспект, 74",37.492677,55.93657399999999,"PLASTIK,INOE",,0.0
44842,RC,Контейнер для зубных щёток в магазине «Перекрёсток» от SPLAT,"Москва, Фестивальная дом 2Б",37.47856199999999,55.855251,"PLASTIK,INOE",,0.0
44845,RC,Контейнер для зубных щёток в магазине «METRO» от SPLAT,"Москва, Дмитровское шоссе, 165Б",37.540649,55.91602699999999,"PLASTIK,INOE",,0.0
44846,RC,Контейнер для зубных щёток в магазине «METRO» от SPLAT,"Москва, Ленинградское шоссе, 71Г",37.447586,55.87594599999997,"PLASTIK,INOE",,0.0
44847,RC,Контейнер для зубных щёток в магазине «METRO» от SPLAT,"Москва, проспект Мира, 211к1",37.662993,55.84384099999997,"PLASTIK,INOE",,0.0
44848,RC,Контейнер для зубных щёток в магазине «METRO» от SPLAT,"Москва, МКАД, 104-й километр, 6",37.83754,55.811317,"PLASTIK,INOE",,0.0
44849,RC,Контейнер для зубных щёток в магазине «METRO» от SPLAT,"Москва, Складочная улица, 1с1",37.593881,55.80090499999998,"PLASTIK,INOE",,0.0
44850,RC,Контейнер для зубных щёток в магазине «METRO» от SPLAT,"Москва, улица Маршала Прошлякова, 14",37.388647,55.791250999999995,"PLASTIK,INOE",,0.0
44853,RC,Контейнер для зубных щёток в магазине «METRO» от SPLAT,"Москва, Шоссейная улица, 2Б",37.726039,55.70070500000001,"PLASTIK,INOE",,0.0
44854,RC,Контейнер для зубных щёток в магазине «METRO» от SPLAT,"Москва, Рябиновая улица, 59",37.431599,55.68588799999999,"PLASTIK,INOE",,0.0
44855,RC,"Пункт приёма зубных щёток в магазине ""METRO""","Россия, Московская область, городской округ Люберцы, посёлок городского типа Томилино, Новорязанское шоссе, 23-й километр, 17",37.90625599999999,55.655311,INOE,,0.0
44856,RC,"Пункт приёма зубных щёток в магазине ""METRO""","Россия, Московская область, Котельники, Новорязанское шоссе, 5",37.86572,55.669086,INOE,,0.0
44857,RC,"Пункт приёма зубных щёток в магазине ""METRO""","Россия, Московская область, Ленинский городской округ, посёлок Совхоза имени Ленина, вл8",37.755047999999995,55.575062999999986,INOE,,0.0
44858,RC,Контейнер для зубных щёток в магазине «METRO» от SPLAT,"Москва, Дорожная улица, 1к1",37.62451399999999,55.630774,"PLASTIK,INOE",,0.0
44859,RC,Контейнер для зубных щёток в магазине «METRO» от SPLAT,"Москва, Боровское шоссе, 10А",37.375874,55.65369600000001,"PLASTIK,INOE",,0.0
44860,RC,"Пункт приёма зубных щёток в магазине ""METRO""","Россия, Москва, Западный административный округ, район Ново-Переделкино, 2-й квартал, 3с1",37.387528999999994,55.620300000000015,INOE,,0.0
44863,RC,"Пункт приёма батареек и крышечек в кассе театра ""Бродвей Москва""","Россия, Москва, Комсомольский проспект, 28",37.58012699999999,55.726665000000004,"KRYSHECHKI,BATAREJKI",,1.0
44865,RC,Контейнер для одежды «Благодарный шкаф»,"Россия, Московская область, Одинцово, 8-й микрорайон",37.28207799999999,55.66604400000001,ODEZHDA,,0.0
44866,RC,Фандомат Ecoplatform,"Россия, Москва, Щёлковское шоссе, 1с5",37.747234,55.802875,"PLASTIK,METALL",,0.0
44867,RC,Фандомат Ecoplatform,"Россия, Москва, Северо-Восточная хорда",37.639744,55.84570899999999,"PLASTIK,METALL",,0.0
44868,RC,Контейнер для одежды «Благодарный шкаф»,"Россия, Москва, Уссурийская улица, 1к5",37.81041,55.823434,ODEZHDA,,0.0
44885,RC,Фандомат по приёму вторсырья «ЭКОпункт»,"Пушкинский, улица Большая Тарасовская, 6",37.847063999999996,55.968261999999996,"PLASTIK,METALL",,0.0
44890,RC,Фандомат по приёму вторсырья «ЭКОпункт»,"Королёв, Космонавтов проспект, 34Б",37.865975999999996,55.90958699999999,"PLASTIK,METALL",,0.0
44891,RC,Фандомат по приёму вторсырья «ЭКОпункт»,"Королёв, улица Терешковой, 1",37.81507599999999,55.91856099999998,"PLASTIK,METALL",,0.0
44892,RC,Фандомат по приёму вторсырья «ЭКОпункт»,"Королёв, улица Дзержинского, 26",37.855709,55.91535599999999,"PLASTIK,METALL",,0.0
44893,RC,Фандомат по приёму вторсырья «ЭКОпункт»,"Королёв, микрорайон Текстильщик, улица Советская, 8",37.834458,55.95136699999999,"PLASTIK,METALL",,0.0
44894,RC,Фандомат по приёму вторсырья «ЭКОпункт»,"Долгопрудный, улица Первомайская, 42",37.519712999999996,55.93441199999999,"PLASTIK,METALL",,0.0
44895,RC,Фандомат по приёму вторсырья «ЭКОпункт»,"Долгопрудный, улица Первомайская, 56",37.51774900000001,55.93943000000001,"PLASTIK,METALL",,0.0
44896,RC,Фандомат по приёму вторсырья «ЭКОпункт»,"Долгопрудный, Институтский переулок, 9",37.517536,55.93078899999999,"PLASTIK,METALL",,0.0
44897,RC,Фандомат по приёму вторсырья «ЭКОпункт»,"Красногорск, улица Парковая, 8",37.31354,55.83070099999998,"PLASTIK,METALL",,0.0
44898,RC,Фандомат по приёму вторсырья «ЭКОпункт»,"Красногорск, улица Пионерская, 14с2",37.33004,55.827231000000005,"PLASTIK,METALL",,0.0
44899,RC,Фандомат по приёму вторсырья «ЭКОпункт»,"Красногорск, улица Комсомольская, 31",37.31605799999999,55.81692099999999,"PLASTIK,METALL",,0.0
44900,RC,Фандомат по приёму вторсырья «ЭКОпункт»,"Долгопрудный, Городской парк Новые Водники",37.524444,55.964866,"PLASTIK,METALL",,0.0
44901,RC,Фандомат по приёму вторсырья «ЭКОпункт»,"Мытищи, Центральный парк культуры и отдыха парк Мира",37.743124,55.910593,"PLASTIK,METALL",,0.0
44903,RC,Фандомат по приёму вторсырья «ЭКОпункт»,"Мытищи, улица Сукромка, 7",37.713866,55.903249,"PLASTIK,METALL",,0.0
44904,RC,Фандомат по приёму вторсырья «ЭКОпункт»,"Красногорск, улица Ленина, 35А",37.308537,55.829554,"PLASTIK,METALL",,0.0
44905,RC,Фандомат по приёму вторсырья «ЭКОпункт»,"Красногорск, улица Есенинская, 13",37.257404,55.82334099999999,"PLASTIK,METALL",,0.0
44906,RC,Фандомат по приёму вторсырья «ЭКОпункт»,"Красногорск, 50 лет Октября, 12",37.311126,55.81806999999999,"PLASTIK,METALL",,0.0
44907,RC,Фандомат по приёму вторсырья «ЭКОпункт»,"Красногорск, улица Ленина, 40",37.297381,55.834669999999996,"PLASTIK,METALL",,0.0
44908,RC,Фандомат по приёму вторсырья «ЭКОпункт»,"д. Путилково, МКАД, 71-й километр, стр. 16А",37.393865999999996,55.857853999999996,"PLASTIK,METALL",,0.0
44910,RC,Фандомат по приёму вторсырья «ЭКОпункт»,"Химки, Парк Подрезково",37.331016,55.94585799999998,"PLASTIK,METALL",,0.0
44911,RC,Фандомат по приёму вторсырья «ЭКОпункт»,"Химки, Парк им. Л.Н. Толстого",37.453662,55.89453100000001,"PLASTIK,METALL",,0.0
44912,RC,Фандомат по приёму вторсырья «ЭКОпункт»,"Мытищи, Осташковское шоссе, вл1Бс1",37.68305899999999,55.896674000000004,"PLASTIK,METALL",,0.0
44913,RC,Фандомат по приёму вторсырья «ЭКОпункт»,"Мытищи, Сквер на ул. Колпакова",37.727882,55.919785,"PLASTIK,METALL",,0.0
44914,RC,Фандомат по приёму вторсырья «ЭКОпункт»,"Одинцово, улица Манжосовская, 1",37.250062,55.690521,"PLASTIK,METALL",,0.0
44915,RC,Фандомат по приёму вторсырья «ЭКОпункт»,"Мытищи, улица Крупской, 11а",37.7334,55.914583000000015,"PLASTIK,METALL",,0.0
44916,RC,Фандомат по приёму вторсырья «ЭКОпункт»,"Красногорск, улица Большая Воскресенская, 1",37.341508,55.816397999999985,"PLASTIK,METALL",,0.0
44917,RC,Фандомат по приёму вторсырья «ЭКОпункт»,"Красногорск, Красногорский бульвар, 23к3",37.374013,55.824816999999996,"PLASTIK,METALL",,0.0
44918,RC,Фандомат по приёму вторсырья «ЭКОпункт»,"Химки, улица Горшина, 2",37.429249999999996,55.886832,"PLASTIK,METALL",,0.0
44919,RC,Фандомат по приёму вторсырья «ЭКОпункт»,"Видное, улица Олимийская, 4",37.695512,55.547076999999994,"PLASTIK,METALL",,0.0
44920,RC,Фандомат по приёму вторсырья «ЭКОпункт»,"Видное, Зеленый переулок, с9",37.712433,55.56058000000001,"PLASTIK,METALL",,0.0
44921,RC,Фандомат по приёму вторсырья «ЭКОпункт»,"Мытищи, улица Стрелковая, 8",37.775748,55.942980000000006,"PLASTIK,METALL",,0.0
44922,RC,Фандомат по приёму вторсырья «ЭКОпункт»,"Химки, Юбилейный проспект, 12",37.42683699999999,55.88862300000001,"PLASTIK,METALL",,0.0
44923,RC,Фандомат по приёму вторсырья «ЭКОпункт»,"Химки, улица Молодежная, 6А",37.419284,55.881093999999976,"PLASTIK,METALL",,0.0
44924,RC,Фандомат по приёму вторсырья «ЭКОпункт»,"Химки, улица Зелёная, 16",37.475652999999994,55.888079,"PLASTIK,METALL",,0.0
44925,RC,Фандомат по приёму вторсырья «ЭКОпункт»,"Химки, улица Пожарского, 12с1",37.47795599999999,55.891500999999984,"PLASTIK,METALL",,0.0
44926,RC,Фандомат по приёму вторсырья «ЭКОпункт»,"Мытищи, Новомытищинский проспект, 88к2",37.715627,55.898922999999996,"PLASTIK,METALL",,0.0
44927,RC,Фандомат по приёму вторсырья «ЭКОпункт»,"Королёв, Королёва проспект, 5Д",37.84338,55.921666,"PLASTIK,METALL",,0.0
44934,RC,Фандомат по приёму вторсырья «ЭКОпункт»,"Королёв, проспект Космонавтов, 47/16",37.86759099999999,55.906516999999994,"PLASTIK,METALL",,0.0
44935,RC,Фандомат по приёму вторсырья «ЭКОпункт»,"Королёв, проспект Космонавтов, 20а",37.866775999999994,55.91435,"PLASTIK,METALL",,0.0
44939,RC,Фандомат по приёму вторсырья «ЭКОпункт»,"Одинцово, Можайское шоссе, 71",37.280269,55.677630999999984,"PLASTIK,METALL",,0.0
44940,RC,Фандомат по приёму вторсырья «ЭКОпункт»,"Одинцово, улица Говорова, 163",37.303395,55.690891,"PLASTIK,METALL",,0.0
44941,RC,Фандомат по приёму вторсырья «ЭКОпункт»,"Одинцово, улица Трехгорная, 4",37.33548300000001,55.69594599999999,"PLASTIK,METALL",,0.0
44946,RC,Фандомат по приёму вторсырья «ЭКОпункт»,"п. Совхоза имени Ленина, МКАД, 24-й километр, 1",37.72030399999999,55.58565,"PLASTIK,METALL",,0.0
44947,RC,Фандомат по приёму вторсырья «ЭКОпункт»,"Красногорск, Новорижское шоссе, 26-й километр, в1",37.240095999999994,55.778361999999994,"PLASTIK,METALL",,0.0
44948,RC,Фандомат по приёму вторсырья «ЭКОпункт»,"Одинцово, Любы Новоселовой бульвар, 17",37.260544,55.675983999999985,"PLASTIK,METALL",,0.0
44949,RC,Фандомат по приёму вторсырья «ЭКОпункт»,"с. Немчиновка, Хорошевский проезд, 14",37.380295999999994,55.72018499999999,"PLASTIK,METALL",,0.0
44950,RC,Фандомат по приёму вторсырья «ЭКОпункт»,"Одинцово, Привокзальная площадь, 1А",37.275607,55.67169099999998,"PLASTIK,METALL",,0.0
44951,RC,Фандомат по приёму вторсырья «ЭКОпункт»,"Красногорск, улица Ленина, 26А",37.302524,55.831448,"PLASTIK,METALL",,0.0
44953,RC,Фандомат по приёму вторсырья «ЭКОпункт»,"Мытищи, Осташковское шоссе, 2",37.673804,55.899157,"PLASTIK,METALL",,0.0
44954,RC,Фандомат по приёму вторсырья «ЭКОпункт»,"Королев, улица Бурково, 37к1",37.89028299999999,55.93136199999999,"PLASTIK,METALL",,0.0
44961,RC,Фандомат по приёму вторсырья «ЭКОпункт»,"Королев, улица Октябрьская, 4",37.808823999999994,55.91914499999998,"PLASTIK,METALL",,0.0
44962,RC,Фандомат по приёму вторсырья «ЭКОпункт»,"Долгопрудный, улица Молодёжная, 1",37.484554,55.94171800000001,"PLASTIK,METALL",,0.0
44963,RC,Фандомат по приёму вторсырья «ЭКОпункт»,"Долгопрудный, улица Молодёжная, 2",37.48710199999999,55.937741,"PLASTIK,METALL",,0.0
44968,RC,Фандомат по приёму вторсырья «ЭКОпункт»,"Долгопрудный, улица Академика Лаврентьева, 9",37.503628,55.944180999999986,"PLASTIK,METALL",,0.0
44969,RC,Фандомат по приёму вторсырья «ЭКОпункт»,"Долгопрудный, улица Спортивная, 2",37.50023699999999,55.94366299999998,"PLASTIK,METALL",,0.0
44970,RC,Фандомат по приёму вторсырья «ЭКОпункт»,"Долгопрудный, улица Парковая, 32Б",37.496682,55.95338600000001,"PLASTIK,METALL",,0.0
44973,RC,Фандомат по приёму вторсырья «ЭКОпункт»,"Люберцы, улица Митрофанова, 21В",37.88666899999999,55.697214999999986,"PLASTIK,METALL",,0.0
44974,RC,Фандомат по приёму вторсырья «ЭКОпункт»,"Люберцы, Октябрьский проспект, 226",37.895771999999994,55.674924000000004,"PLASTIK,METALL",,0.0
44975,RC,Фандомат по приёму вторсырья «ЭКОпункт»,"Видное, улица Героя России Тинькова, 34/22",37.673784,55.54518499999999,"PLASTIK,METALL",,0.0
44976,RC,Фандомат по приёму вторсырья «ЭКОпункт»,"Видное, Советский проспект, 2",37.706953,55.552872999999984,"PLASTIK,METALL",,0.0
44977,RC,Фандомат по приёму вторсырья «ЭКОпункт»,"д. Суханово, улица Парковая, 4",37.639611,55.52330899999998,"PLASTIK,METALL",,0.0
44978,RC,Фандомат по приёму вторсырья «ЭКОпункт»,"Видное, Белокаменное шосссе, 1",37.740804,55.55054200000001,"PLASTIK,METALL",,0.0
44979,RC,Фандомат по приёму вторсырья «ЭКОпункт»,"Люберцы, Победы проспект, 5",37.909671,55.691129,"PLASTIK,METALL",,0.0
44983,RC,Фандомат по приёму вторсырья «ЭКОпункт»,"Реутов, Юбилейный проспект, 2",37.85413799999999,55.746255999999995,"PLASTIK,METALL",,0.0
45017,RC,Фандомат по приёму вторсырья «ЭКОпункт»,"Мытищи, дер. Грибки, Дмитровское шоссе, 58с1",37.53362,55.96001199999999,"PLASTIK,METALL",,0.0
45020,RC,Фандомат по приёму вторсырья «ЭКОпункт»,"Видное, Ленинского комсомола проспект, 1",37.716603,55.54906399999999,"PLASTIK,METALL",,0.0
45021,RC,Фандомат по приёму вторсырья «ЭКОпункт»,"Видное, Ленинского комсомола проспект, 28",37.714514,55.551231,"PLASTIK,METALL",,0.0
45024,RC,Фандомат по приёму вторсырья «ЭКОпункт»,"Котельники, Новорязанское шоссе, 5",37.865361,55.667409,"PLASTIK,METALL",,0.0
45035,RC,Фандомат по приёму вторсырья «ЭКОпункт»,"Одинцово, Любы Новоселовой бульвар, 17",37.259892,55.676590999999995,"PLASTIK,METALL",,0.0
45038,RC,Фандомат по приёму вторсырья «ЭКОпункт»,"Одинцово, п. Немчиновка, улица Московская, 63",37.378942,55.725526999999985,"PLASTIK,METALL",,0.0
45039,RC,Фандомат по приёму вторсырья «ЭКОпункт»,"Котельники, Новорязанское шоссе, 7",37.87069199999999,55.66778399999999,"PLASTIK,METALL",,0.0
45057,RC,Фандомат по приёму вторсырья «ЭКОпункт»,"Люберцы, улица 3-е почтовое отделение, 100",37.866345,55.68387499999999,"PLASTIK,METALL",,0.0
45058,RC,Фандомат по приёму вторсырья «ЭКОпункт»,"Люберцы, Новорязанское шоссе, 1А",37.858591999999994,55.67689599999998,"PLASTIK,METALL",,0.0
45059,RC,Фандомат по приёму вторсырья «ЭКОпункт»,"Долгопрудный, Лихачёвский проспект, 64",37.493748,55.931582000000006,"PLASTIK,METALL",,0.0
45060,RC,Фандомат по приёму вторсырья «ЭКОпункт»,"Долгопрудный, проспект Пацаева, 12",37.50029099999999,55.948800999999996,"PLASTIK,METALL",,0.0
45062,RC,Фандомат по приёму вторсырья «ЭКОпункт»,"Марфино, МКАД, 53-й километр, вл110",37.385591999999995,55.707330999999996,"PLASTIK,METALL",,0.0
45064,RC,Фандомат по приёму вторсырья «ЭКОпункт»,"Люберцы, улица Побратимов, 7",37.896956,55.692353000000004,"PLASTIK,METALL",,0.0
45065,RC,Фандомат по приёму вторсырья «ЭКОпункт»,"Люберцы, улица Инициативная, 7Б",37.898436,55.68528200000001,"PLASTIK,METALL",,0.0
45070,RC,Фандомат по приёму вторсырья «ЭКОпункт»,"Люберцы, п. Томилино, 1-й км Егорьевского шоссе, с2",37.922702,55.658356000000005,"PLASTIK,METALL",,0.0
45073,RC,Фандомат по приёму вторсырья «ЭКОпункт»,"Мытищи, улица Мира, с51",37.709296,55.919963999999986,"PLASTIK,METALL",,0.0
45075,RC,Фандомат по приёму вторсырья «ЭКОпункт»,"Реутов, Юбилейный просп., 57",37.88164299999999,55.753531,"PLASTIK,METALL",,0.0
45076,RC,Фандомат по приёму вторсырья «ЭКОпункт»,"Реутов, Носовихинское шоссе, 45",37.888136,55.75197200000001,"PLASTIK,METALL",,0.0
45078,RC,Фандомат по приёму вторсырья «ЭКОпункт»,"Королев, проезд Макаренко, 1",37.860618,55.916413999999996,"PLASTIK,METALL",,0.0
45085,RC,Фандомат по приёму вторсырья «ЭКОпункт»,"Мытищи, улица Колпакова, 29",37.726527,55.91944099999998,"PLASTIK,METALL",,0.0
45089,RC,Фандомат по приёму вторсырья «ЭКОпункт»,"Химки, улица Молодежная, с6А",37.419214999999994,55.88106200000001,"PLASTIK,METALL",,0.0
45093,RC,Фандомат по приёму вторсырья «ЭКОпункт»,"Люберцы, Новорязанское шоссе, 25-й километр, 16с9",37.92496899999999,55.63597299999999,"PLASTIK,METALL",,0.0
45095,RC,Фандомат по приёму вторсырья «ЭКОпункт»,"Реутов, Северный проезд, 1",37.855322,55.779023999999986,"PLASTIK,METALL",,0.0
45098,RC,Фандомат по приёму вторсырья «ЭКОпункт»,"Люберцы, Комсомольский проспект, 17к1",37.908726,55.694365,"PLASTIK,METALL",,0.0
45104,RC,Фандомат по приёму вторсырья «ЭКОпункт»,"Люберцы, Воинов-интернационалистов, 17А",37.903895,55.694433999999994,"PLASTIK,METALL",,0.0
45106,RC,Фандомат по приёму вторсырья «ЭКОпункт»,"Люберцы, Октябрьский проспеки, 112",37.877826,55.68488700000001,"PLASTIK,METALL",,0.0
45108,RC,Фандомат по приёму вторсырья «ЭКОпункт»,"Одинцово, Привокзальная площадь, 1А",37.275673,55.67167199999999,"PLASTIK,METALL",,0.0
45113,RC,Контейнер для одежды «Благодарный шкаф»,"Россия, Москва, Новгородская улица",37.580256,55.90391599999999,ODEZHDA,,0.0
45580,RC,Фандомат Ecoplatform,"Россия, Москва, микрорайон Очаково",37.451212,55.682847,"PLASTIK,METALL",,0.0
45581,RC,Фандомат Ecoplatform,"Россия, Москва, микрорайон Очаково",37.450070999999994,55.683453999999976,"PLASTIK,METALL",,0.0
45605,RC,"Пункт приёма вторсырья в районом центре ""Место встречи Первомайский""","Россия, Москва, Первомайская улица, 93",37.806116,55.793702999999994,"KRYSHECHKI,BATAREJKI,INOE",,0.0
45606,RC,"Пункт приема упаковки ""Сибирское здоровье"" | SIBERIAN WELLNESS","Россия, Москва, улица Большая Якиманка, 39",37.613294999999994,55.733979999999995,"BUMAGA,PLASTIK,STEKLO",,0.0
45608,RC,"Контейнер для батареек в супермаркете ""Азбука Вкуса""","Москва, Большая Дорогомиловская, 16",37.557119,55.746663000000005,BATAREJKI,,0.0
45609,RC,"Контейнер для батареек в супермаркете ""Азбука Вкуса""","Москва, д. Барвиха, 85/1",37.269975,55.73883499999999,BATAREJKI,,0.0
45610,RC,"Контейнер для батареек в супермаркете ""Азбука Вкуса""","Москва, Осенний б-р, 8к1",37.409156,55.755320000000005,BATAREJKI,,0.0
45611,RC,"Контейнер для батареек в супермаркете ""Азбука Вкуса""","Москва, Хорошевское ш., 52к1",37.533016999999994,55.77659099999998,BATAREJKI,,0.0
45612,RC,"Контейнер для батареек в супермаркете ""Азбука Вкуса""","Москва, Боровское шоссе, 56",37.34640400000001,55.63502399999999,BATAREJKI,,0.0
45613,RC,"Контейнер для батареек в супермаркете ""Азбука Вкуса""","Москва, Ленинградское шоссе, 68",37.47749,55.84574099999998,BATAREJKI,,0.0
45614,RC,"Контейнер для батареек в супермаркете ""Азбука Вкуса""","Москва, Щелковское шоссе, 8",37.761501,55.80446299999999,BATAREJKI,,0.0
45615,RC,"Контейнер для батареек в супермаркете ""Азбука Вкуса""","Москва, Пырьева, 8",37.527235,55.725924000000006,BATAREJKI,,0.0
45616,RC,"Контейнер для батареек в супермаркете ""Азбука Вкуса""","Москва, Пресненская наб., 12",37.538351,55.749598999999996,BATAREJKI,,0.0
45617,RC,"Контейнер для батареек в супермаркете ""Азбука Вкуса""","Москва, Можайское ш., 32",37.418469,55.71954199999999,BATAREJKI,,0.0
45619,RC,"Контейнер для батареек в супермаркете ""Азбука Вкуса""","Москва, Удальцова, 1",37.516832,55.671377,BATAREJKI,,0.0
45620,RC,"Контейнер для батареек в супермаркете ""Азбука Вкуса""","Москва, Ленинградский пр-т, 52",37.54135399999999,55.79699499999999,BATAREJKI,,0.0
45621,RC,"Контейнер для батареек в супермаркете ""Азбука Вкуса""","Москва, Трубная площадь, 2",37.62136399999999,55.76604900000001,BATAREJKI,,0.0
45622,RC,"Контейнер для батареек в супермаркете ""Азбука Вкуса""","Москва, Симферопольский б-р, 22к3",37.604896,55.64706499999999,BATAREJKI,,0.0
45623,RC,"Контейнер для батареек в супермаркете ""Азбука Вкуса""","Москва, Покрышкина, 4",37.481239,55.66495599999999,BATAREJKI,,0.0
45624,RC,"Контейнер для батареек в супермаркете ""Азбука Вкуса""","Москва, Русаковская, 22",37.678382,55.78632899999999,BATAREJKI,,0.0
45625,RC,"Контейнер для батареек в супермаркете ""Азбука Вкуса""","Москва, пр-т Маршала Жукова, 41к1",37.469858,55.775594999999996,BATAREJKI,,0.0
45626,RC,"Контейнер для батареек в супермаркете ""Азбука Вкуса""","Москва, Николоямский переулок, 2",37.662547,55.749334,BATAREJKI,,0.0
45627,RC,"Контейнер для батареек в супермаркете ""Азбука Вкуса""","Москва, Красногорск, ул. Ленина, 35а",37.308211,55.829374999999985,BATAREJKI,,0.0
45628,RC,"Контейнер для батареек в супермаркете ""Азбука Вкуса""","Москва, Люсиновская, 60",37.622017,55.718240999999985,BATAREJKI,,0.0
45629,RC,"Контейнер для батареек в супермаркете ""Азбука Вкуса""","Москва, Вернадского, 14А",37.507841,55.67804600000001,BATAREJKI,,0.0
45630,RC,"Контейнер для батареек в супермаркете ""Азбука Вкуса""","Москва, д. Мамыри, 3",37.48279899999999,55.60166099999999,BATAREJKI,,0.0
45631,RC,"Контейнер для батареек в супермаркете ""Азбука Вкуса""","Москва, Таганская площадь, 12",37.653884,55.74017299999998,BATAREJKI,,0.0
45633,RC,"Контейнер для батареек в супермаркете ""Азбука Вкуса""","Москва, Варшавское ш., 34",37.623765,55.68019899999999,BATAREJKI,,0.0
45634,RC,"Контейнер для батареек в супермаркете ""Азбука Вкуса""","Москва, Мичуринский пр-т, 58к1",37.486633,55.691300999999996,BATAREJKI,,0.0
45635,RC,"Контейнер для батареек в супермаркете ""Азбука Вкуса""","Мытищи, Осташковское шоссе, с59",37.664505999999996,55.92172099999999,BATAREJKI,,0.0
45636,RC,"Контейнер для батареек в супермаркете ""Азбука Вкуса""","Москва, Проточный переулок, 11",37.578343999999994,55.75013400000001,BATAREJKI,,0.0
45637,RC,"Контейнер для батареек в супермаркете ""Азбука Вкуса""","Одинцово, ул. Говорова, 163",37.303504,55.691001999999976,BATAREJKI,,0.0
45638,RC,"Контейнер для батареек в супермаркете ""Азбука Вкуса""","Новорижское шоссе, 23-й километр, вл2с1",37.273235,55.799913999999994,BATAREJKI,,0.0
45639,RC,"Экоцентр ""Сборка"" на Марьиной роще","Россия, Москва, Веткина улица, 2Гс1",37.621589,55.80338400000001,"BUMAGA,PLASTIK,STEKLO,METALL,TETRA_PAK,ODEZHDA,KRYSHECHKI,BYTOVAJA_TEHNIKA,BATAREJKI,OPASNYE_OTHODY,INOE",,1.0
45669,RC,Добрые вещи,"Россия, Москва, Нижняя Красносельская улица, 35с59",37.674814,55.776467999999994,"ODEZHDA,INOE",,0.0
45683,RC,"Бокс для приёма одежды ""Добрые вещи""","Россия, Московская область, Реутов, улица Реутовских Ополченцев, 14",37.848184,55.77523999999999,ODEZHDA,,0.0
45694,RC,Пункт приёма гафрокартона,"Россия, Москва, Большой Афанасьевский переулок",37.59704299999999,55.74947699999998,BUMAGA,,0.0
45700,RC,Керамика и фарфор,"Россия, Москва, Балакиревский переулок, 1/28с5",37.68640099999999,55.780399999999986,INOE,"в выходные тоже работаем но по свободному графику, пожалуйста уточняйте напрямую у мастерской",0.0
45717,RC,Контейнер для сбора одежды AJ International,"Россия, Москва, Восточный административный округ, район Метрогородок",37.75275899999999,55.82447200000001,ODEZHDA,Контейнер,0.0
45718,RC,"Приём батареек в магазине ""Магнит Косметик""","Россия, Москва, Открытое шоссе, 21к4",37.755981999999996,55.823849999999986,BATAREJKI,"На табличке магазина написано, что он работает до 22:00",0.0
45719,RC,"Контейнер для приёма одежды ""Добрые вещи""","Россия, Москва, Открытое шоссе",37.75697499999999,55.823561999999995,ODEZHDA,,0.0
46749,RC,Пункт приема отработанных автомобильных катализаторов,"Россия, Москва, Большая Семёновская улица, 42",37.61556,55.752220000000015,INOE,,0.0
46844,RC,фандомат по приему пластиковых бутылок и жестяных банок,"Россия, Москва, Жулебинский бульвар, 16",37.852737,55.69665499999999,INOE,,0.0
47077,RC,Контейнер для зубных щёток в магазине «Перекрёсток» от SPLAT,"Москва, Авиационная ул, 66",37.460098,55.809687,"PLASTIK,INOE",,0.0
47078,RC,Контейнер для зубных щёток в магазине «Перекрёсток» от SPLAT,"Москва, Алтуфьевское шоссе, 40 Д",37.591198,55.871016000000004,"PLASTIK,INOE",,0.0
47079,RC,Контейнер для зубных щёток в магазине «Перекрёсток» от SPLAT,"Москва, Ангелов переулок, 7",37.34785299999999,55.85170699999998,"PLASTIK,INOE",,0.0
47080,RC,Контейнер для зубных щёток в магазине «Перекрёсток» от SPLAT,"Москва, Береговой проезд д 5",37.507403,55.756928,"PLASTIK,INOE",,0.0
47081,RC,Контейнер для зубных щёток в магазине «Перекрёсток» от SPLAT,"Москва, Болотниковская, 30",37.595618,55.65835199999999,"PLASTIK,INOE",,0.0
47082,RC,Контейнер для зубных щёток в магазине «Перекрёсток» от SPLAT,"Москва, Братиславская, 27 к.1",37.765561,55.65453799999999,"PLASTIK,INOE",,0.0
47083,RC,Контейнер для зубных щёток в магазине «Перекрёсток» от SPLAT,"Москва, Варшавское шоссе, 124, кор 1",37.615937,55.62756499999998,"PLASTIK,INOE",,0.0
47084,RC,Контейнер для зубных щёток в магазине «Перекрёсток» от SPLAT,"Москва, Веневская, 15",37.548627,55.544274999999985,"PLASTIK,INOE",,0.0
47085,RC,Контейнер для зубных щёток в магазине «Перекрёсток» от SPLAT,"Москва, Волгоградский проспект 1, стр.1",37.671111999999994,55.73346199999999,"PLASTIK,INOE",,0.0
47086,RC,Контейнер для зубных щёток в магазине «Перекрёсток» от SPLAT,"Москва, Волгоградский проспект 18 стр 1",37.677283,55.72832699999999,"PLASTIK,INOE",,0.0
47087,RC,Контейнер для зубных щёток в магазине «Перекрёсток» от SPLAT,"Москва, Волжский бульвар 113А, корп.1",37.752356,55.70003499999999,"PLASTIK,INOE",,0.0
47088,RC,Контейнер для зубных щёток в магазине «Перекрёсток» от SPLAT,"Москва, Габричевского 10, к.3",37.462218,55.81578699999999,"PLASTIK,INOE",,0.0
47089,RC,Контейнер для зубных щёток в магазине «Перекрёсток» от SPLAT,"Москва, Голубинская , 28",37.541539,55.59509399999999,"PLASTIK,INOE",,0.0
47090,RC,Контейнер для зубных щёток в магазине «Перекрёсток» от SPLAT,"Москва, Декабристов 12",37.602148,55.863171,"PLASTIK,INOE",,0.0
47091,RC,Контейнер для зубных щёток в магазине «Перекрёсток» от SPLAT,"Москва, Дмитровское шоссе, 13, кор.1",37.573214,55.818128999999985,"PLASTIK,INOE",,0.0
47092,RC,Контейнер для зубных щёток в магазине «Перекрёсток» от SPLAT,"Москва, Дмитровское шоссе, 89",37.54558099999999,55.863833,"PLASTIK,INOE",,0.0
47093,RC,Контейнер для зубных щёток в магазине «Перекрёсток» от SPLAT,"Москва, Кировоградская 9к4стр5",37.613232999999994,55.62224299999998,"PLASTIK,INOE",,0.0
47094,RC,Контейнер для зубных щёток в магазине «Перекрёсток» от SPLAT,"Москва, Коровий вал, 1",37.62261199999999,55.72933099999998,"PLASTIK,INOE",,0.0
47095,RC,Контейнер для зубных щёток в магазине «Перекрёсток» от SPLAT,"Москва, Краснопрудная, дом 13А",37.66616199999999,55.780446,"PLASTIK,INOE",,0.0
47096,RC,Контейнер для зубных щёток в магазине «Перекрёсток» от SPLAT,"Москва, Лебедянская, 14к1с2",37.672891,55.58622699999998,"PLASTIK,INOE",,0.0
47097,RC,Контейнер для зубных щёток в магазине «Перекрёсток» от SPLAT,"Москва, Лебедянская, 17",37.669854,55.58737199999999,"PLASTIK,INOE",,0.0
47098,RC,Контейнер для зубных щёток в магазине «Перекрёсток» от SPLAT,"Москва, Ленинградское ш.112 к 4",37.465802,55.865333,"PLASTIK,INOE",,0.0
47099,RC,Контейнер для зубных щёток в магазине «Перекрёсток» от SPLAT,"Москва, Ленинградское шоссе 16 а строение 4, ТЦ Метрополис",37.49746799999999,55.823216,"PLASTIK,INOE",,0.0
47100,RC,Контейнер для зубных щёток в магазине «Перекрёсток» от SPLAT,"Москва, Ленинский пр-т, 99",37.51835299999999,55.66834599999999,"PLASTIK,INOE",,0.0
47101,RC,Контейнер для зубных щёток в магазине «Перекрёсток» от SPLAT,"Москва, Липецкая 16/14 корп.1",37.67127399999999,55.595715000000006,"PLASTIK,INOE",,0.0
47102,RC,Контейнер для зубных щёток в магазине «Перекрёсток» от SPLAT,"Москва, Лобненская, 4 А",37.537676,55.88988099999999,"PLASTIK,INOE",,0.0
47103,RC,Контейнер для зубных щёток в магазине «Перекрёсток» от SPLAT,"Москва, Луганская 5а",37.666522,55.62634499999999,"PLASTIK,INOE",,0.0
47104,RC,Контейнер для зубных щёток в магазине «Перекрёсток» от SPLAT,"Москва, Марксистская, 1",37.659389,55.740178,"PLASTIK,INOE",,0.0
47105,RC,Контейнер для зубных щёток в магазине «Перекрёсток» от SPLAT,"Москва, Маршала Катукова, 18",37.406531,55.80675199999998,"PLASTIK,INOE",,0.0
47106,RC,Контейнер для зубных щёток в магазине «Перекрёсток» от SPLAT,"Москва, Маршала Полубоярова, 16 к.1",37.862570000000005,55.685258999999995,"PLASTIK,INOE",,0.0
47107,RC,Контейнер для зубных щёток в магазине «Перекрёсток» от SPLAT,"Москва, Миклухо-Маклая, 37",37.521317999999994,55.645475999999995,"PLASTIK,INOE",,0.0
47108,RC,Контейнер для зубных щёток в магазине «Перекрёсток» от SPLAT,"Москва, Микрорайон Северное Чертаново, 1А",37.598968,55.63673699999999,"PLASTIK,INOE",,0.0
47110,RC,Контейнер для зубных щёток в магазине «Перекрёсток» от SPLAT,"Москва, Намёткина, 3",37.545824,55.666056,"PLASTIK,INOE",,0.0
47111,RC,Контейнер для зубных щёток в магазине «Перекрёсток» от SPLAT,"Москва, Никитинская, дом 11",37.774724,55.798454,"PLASTIK,INOE",,0.0
47112,RC,Контейнер для зубных щёток в магазине «Перекрёсток» от SPLAT,"Москва, Новокосинская, 10 к.2",37.85666799999999,55.734283000000005,"PLASTIK,INOE",,0.0
47113,RC,Контейнер для зубных щёток в магазине «Перекрёсток» от SPLAT,"Москва, Новокосинская, 14 А",37.857045,55.737796,"PLASTIK,INOE",,0.0
47114,RC,Контейнер для зубных щёток в магазине «Перекрёсток» от SPLAT,"Москва, Новокосинская, дом 47",37.874472999999995,55.74393299999999,"PLASTIK,INOE",,0.0
47115,RC,Контейнер для зубных щёток в магазине «Перекрёсток» от SPLAT,"Москва, Новокуркинское ш.1",37.40719599999999,55.88496900000001,"PLASTIK,INOE",,0.0
47116,RC,Контейнер для зубных щёток в магазине «Перекрёсток» от SPLAT,"Москва, Новопетровская , 6",37.516529999999996,55.82566399999999,"PLASTIK,INOE",,0.0
47117,RC,Контейнер для зубных щёток в магазине «Перекрёсток» от SPLAT,"Москва, Новоясеневский пр-т 7",37.532367,55.60748899999999,"PLASTIK,INOE",,0.0
47118,RC,Контейнер для зубных щёток в магазине «Перекрёсток» от SPLAT,"Москва, Новый арбат, дом 15",37.59306599999999,55.751933,"PLASTIK,INOE",,0.0
47119,RC,Контейнер для зубных щёток в магазине «Перекрёсток» от SPLAT,"Москва, Онежская, 20",37.52011399999999,55.851763,"PLASTIK,INOE",,0.0
47121,RC,Контейнер для зубных щёток в магазине «Перекрёсток» от SPLAT,"Москва, Петрозаводская 24А стр. 1",37.49347,55.86764699999999,"PLASTIK,INOE",,0.0
47122,RC,Контейнер для зубных щёток в магазине «Перекрёсток» от SPLAT,"Москва, пл. Киевского Вокзала, дом 2",37.566072,55.74463699999998,"PLASTIK,INOE",,0.0
47123,RC,Контейнер для зубных щёток в магазине «Перекрёсток» от SPLAT,"Москва, Покрышкина, 5",37.469225,55.664436,"PLASTIK,INOE",,0.0
47124,RC,Контейнер для зубных щёток в магазине «Перекрёсток» от SPLAT,"Москва, Рождественская 11",37.914626999999996,55.70253099999999,"PLASTIK,INOE",,0.0
47125,RC,Контейнер для зубных щёток в магазине «Перекрёсток» от SPLAT,"Москва, Рязанский проспект, 28, стр. 1",37.779027,55.719104999999985,"PLASTIK,INOE",,0.0
47126,RC,Контейнер для зубных щёток в магазине «Перекрёсток» от SPLAT,"Москва, Рязанский проспект, дом 30",37.779717999999995,55.718806,"PLASTIK,INOE",,0.0
47127,RC,Контейнер для зубных щёток в магазине «Перекрёсток» от SPLAT,"Москва, Свободы, 75 корп 1",37.44497899999999,55.86075699999999,"PLASTIK,INOE",,0.0
47128,RC,Контейнер для зубных щёток в магазине «Перекрёсток» от SPLAT,"Москва, Солнцевский пр-т, 21",37.41175,55.64704599999998,"PLASTIK,INOE",,0.0
47129,RC,Контейнер для зубных щёток в магазине «Перекрёсток» от SPLAT,"Москва, Средняя Калитниковская, 28, стр.4",37.697621,55.73091199999998,"PLASTIK,INOE",,0.0
47130,RC,Контейнер для зубных щёток в магазине «Перекрёсток» от SPLAT,"Москва, Строгинский бульвар, 1/2",37.396801999999994,55.805775999999994,"PLASTIK,INOE",,0.0
47131,RC,Контейнер для зубных щёток в магазине «Перекрёсток» от SPLAT,"Москва, Сходненская, 56",37.444422,55.85049899999999,"PLASTIK,INOE",,0.0
47132,RC,Контейнер для зубных щёток в магазине «Перекрёсток» от SPLAT,"Москва, Театральная аллея, д3, стр.1",37.559883,55.793226999999995,"PLASTIK,INOE",,0.0
47133,RC,Контейнер для зубных щёток в магазине «Перекрёсток» от SPLAT,"Москва, Каховка 27",37.57201,55.65545799999999,"PLASTIK,INOE",,0.0
47134,RC,Контейнер для зубных щёток в магазине «Перекрёсток» от SPLAT,"Москва, Малая Филёвская 13",37.46738299999999,55.736392,"PLASTIK,INOE",,0.0
47135,RC,Контейнер для зубных щёток в магазине «Перекрёсток» от SPLAT,"Москва, Щербаковская, дом 7А",37.726592,55.78276000000001,"PLASTIK,INOE",,0.0
47136,RC,Контейнер для зубных щёток в магазине «Перекрёсток» от SPLAT,"Москва, Ялтинская , 2",37.610925,55.651856,"PLASTIK,INOE",,0.0
47137,RC,Контейнер для зубных щёток в магазине «Перекрёсток» от SPLAT,"Московская обл, дачный поселок Лесной городок, Центральная , 8",37.211516,55.632631999999994,"PLASTIK,INOE",,0.0
47140,RC,Контейнер для зубных щёток в магазине «Перекрёсток» от SPLAT,"Москва, Ленинградский пр-т, 36",37.559353,55.79113700000001,"PLASTIK,INOE",,0.0
47141,RC,Контейнер для зубных щёток в магазине «Перекрёсток» от SPLAT,"Москва, Туристская 13 к 2",37.421919,55.85000399999999,"PLASTIK,INOE",,0.0
47142,RC,Контейнер для зубных щёток в магазине «Перекрёсток» от SPLAT,"Москва, Проспект Мира, 33c1",37.632098,55.780319,"PLASTIK,INOE",,0.0
47143,RC,Контейнер для зубных щёток в магазине «Перекрёсток» от SPLAT,"Мытищи, Шараповский проезд, вл.2",37.759263999999995,55.916678,"PLASTIK,INOE",,0.0
47282,RC,Контейнер для зубных щёток в магазине «METRO» от SPLAT,"Екатеринбург, ул Сибирский тракт, д 21",37.682467,55.732808,"PLASTIK,INOE",,0.0
47288,RC,Контейнер для зубных щёток в магазине «METRO» от SPLAT,"Москва, 1-я Дубровская, 13а",37.68066099999999,55.72378499999999,"PLASTIK,INOE",,0.0
47289,RC,Контейнер для зубных щёток в магазине «METRO» от SPLAT,"Москва, Боровское ш, д.10А",37.375701,55.65387299999999,"PLASTIK,INOE",,0.0
47290,RC,Контейнер для зубных щёток в магазине «METRO» от SPLAT,"Москва, Дорожная улица, д. 1, зд 1",37.617644,55.755818999999995,"PLASTIK,INOE",,0.0
47291,RC,Контейнер для зубных щёток в магазине «METRO» от SPLAT,"Москва, Ленинградское шоссе, д. 71Г",37.44728799999999,55.875784,"PLASTIK,INOE",,0.0
47292,RC,Контейнер для зубных щёток в магазине «METRO» от SPLAT,"Москва, пр-кт Мира, д. 211, стр. 1",37.662785,55.844015000000006,"PLASTIK,INOE",,0.0
47293,RC,Контейнер для зубных щёток в магазине «METRO» от SPLAT,"Москва, Рябиновая улица, д. 59",37.431827999999996,55.68587800000001,"PLASTIK,INOE",,0.0
47294,RC,Контейнер для зубных щёток в магазине «METRO» от SPLAT,"Москва, Складочная ул., 1 стр.1",37.59458399999999,55.800453,"PLASTIK,INOE",,0.0
47295,RC,Контейнер для зубных щёток в магазине «METRO» от SPLAT,"Москва, ул Маршала Прошлякова, д 14",37.388718,55.791187,"PLASTIK,INOE",,0.0
47296,RC,Контейнер для зубных щёток в магазине «METRO» от SPLAT,"Москва, ул Шоссейная, 2Б",37.726331,55.70067900000001,"PLASTIK,INOE",,0.0
47297,RC,Контейнер для зубных щёток в магазине «METRO» от SPLAT,"Москва, ш Дмитровское, д 165Б",37.540021,55.91597699999999,"PLASTIK,INOE",,0.0
47323,RC,Контейнер для зубных щёток в магазине «METRO» от SPLAT,"Котельники, ш Новорязанское, д 5",37.865813,55.66837599999998,"PLASTIK,INOE",,0.0
47326,RC,Контейнер для зубных щёток в магазине «METRO» от SPLAT,"посёлок Совхоза имени Ленина, вл8",37.754952,55.574981,"PLASTIK,INOE",,0.0
47328,RC,Контейнер для зубных щёток в магазине «METRO» от SPLAT,"Люберецкий р-н, п Томилино, ш Новорязанское, д 17",37.906721999999995,55.655386,"PLASTIK,INOE",,0.0
47330,RC,Контейнер для зубных щёток в магазине «METRO» от SPLAT,"Москва, 104-й км МКАД, д 6",37.837201,55.811235,"PLASTIK,INOE",,0.0
47331,RC,Контейнер для зубных щёток в магазине «METRO» от SPLAT,"Московский, д Картмазово, ш Киевское, стр 7",37.394197,55.616401999999994,"PLASTIK,INOE",,0.0
47367,RC,Контейнер для одежды «Благодарный шкаф»,"Россия, Москва, улица Тёплый Стан",37.50424499999999,55.61999700000001,ODEZHDA,,0.0
47370,RC,"Контейнер для батареек в магазине ""Вкусвилл""","Россия, Москва, проспект Будённого, 39к1",37.734809,55.76363499999998,BATAREJKI,,0.0
47376,RC,"Фандомат по приему вторсырья ""Ecoplatform""","Россия, Москва, Западный административный округ, район Ново-Переделкино",37.35560199999999,55.65637799999999,"PLASTIK,METALL",,0.0
47380,RC,Пункт приема блистеров от лекарств,"Россия, Москва, Фестивальная улица, 32к1",37.50397400000001,55.861268999999986,INOE,,0.0
47384,RC,Пункт приема блистеров от лекарств,"Россия, Москва, Ангарская улица, 45к1",37.527685999999996,55.88001699999999,INOE,,0.0
47385,RC,Пункт приема блистеров от лекарств,"Россия, Москва, улица Молодцова, 25к2",37.627916,55.87807800000001,INOE,,0.0
47389,RC,Пункт приема одежды от Эталон УЭН,"Россия, Москва, Северный административный округ, Дмитровский район",37.544263,55.879079,"ODEZHDA,INOE",,0.0
47390,RC,Ежемесячная акция по сбору вторсырья Второе воскресенье каждого месяца.,"Россия, Москва, Гольяновский парк",37.811623,55.82110399999999,"BUMAGA,PLASTIK,METALL,TETRA_PAK,ODEZHDA,KRYSHECHKI,BYTOVAJA_TEHNIKA,BATAREJKI,INOE",Акция проходит второе воскресенье каждого месяца с 13:00 до 14:30. Изменения в расписании отображаются в телеграм канале https://t.me/zavozduh,0.0
47391,RC,Контейнер для сбора блистеров от лекарств,"Россия, Москва, Хабаровская улица, 12/23",37.826433,55.82111299999999,INOE,,0.0
47400,RC,Контейнер для сбора одежды от ЛидерТекс,"Россия, Москва, Восточный административный округ, район Северное Измайлово, 38-й квартал",37.762797,55.804006,"ODEZHDA,INOE",,0.0
47402,RC,Случайный дубль: Контейнер для приема блистеров,"Россия, Москва, Фестивальная улица, 32к1",37.503926,55.86134599999998,INOE,,0.0
47406,RC,Контейнер для одежды и других вещей,"Россия, Москва, Ярославское шоссе, 146к1",37.731436,55.877868,"ODEZHDA,INOE",,0.0
47407,RC,Пункт приема крышек от eco.osnova.group,"Россия, Московская область, Балашиха, микрорайон Янтарный, Кольцевая улица, 3К2",37.875589999999995,55.82255499999998,KRYSHECHKI,по расписанию перекрёстка,0.0
47409,RC,Пункт приема батареек Duracell,"Россия, Москва, Ярославское шоссе, 142к5",37.72162699999999,55.87655600000001,BATAREJKI,,0.0
47410,RC,"Бокс приёма блистеров от таблеток ""GreenBox""","Россия, Москва, улица Лётчика Бабушкина, 42",37.67958099999999,55.873461,INOE,,0.0
47415,RC,Plonq пункт приема электронных сигарет,"Россия, Москва, Тайнинская улица, 9",37.68354999999999,55.88307199999999,INOE,,0.0
47418,RC,Контейнер для батареек,"Россия, Москва, Северодвинская улица, 21",37.680084,55.892996999999994,BATAREJKI,,0.0
47419,RC,Контейнер для батареек,"Россия, Москва, Студёный проезд, 18",37.66314,55.89306499999999,BATAREJKI,,0.0
47420,RC,"Пункт приема крышечек в магазине ""Перекрёсток""","Россия, Москва, улица Максимова, 5",37.467158,55.79764500000002,KRYSHECHKI,,0.0
47422,RC,Контейнеры для стекла и пластика от ГУП Экотехпром,"Россия, Москва, Алтуфьевское шоссе (дублёр)",37.58637199999999,55.899032,"PLASTIK,STEKLO",,0.0
47425,RC,Благотворительный контейнер Зелёная капля,"Россия, Москва, Хабаровская улица, 15",37.823202,55.822585,"ODEZHDA,INOE",,0.0
47426,RC,Контейнер для одежды и текстиля,"Россия, Москва, Малая Черкизовская улица, 10",37.718607999999996,55.79802400000001,"ODEZHDA,INOE",,0.0
47428,RC,Акция по раздельному сбору отходов в НовоПеределкино,"Россия, Москва, Лукинская улица, 1",37.34293699999999,55.64678699999998,"BUMAGA,PLASTIK,STEKLO,METALL,TETRA_PAK,KRYSHECHKI,BYTOVAJA_TEHNIKA",Принимают вторсырьё в первую субботу месяца,0.0
47438,RC,"Контейнер для приема одежды ""Доброворот""","Россия, Москва, улица Кошкина, 11к1",37.670754,55.640187000000005,ODEZHDA,,0.0
47439,RC,Прием вторсырья в винтажном магазине BĂSKO,"Россия, Москва, Малый Кисловский переулок, 9с3",37.602138999999994,55.75632499999998,"LAMPOCHKI,KRYSHECHKI,BATAREJKI,INOE",,0.0
47452,RC,Раздельный сбор стекла,"Россия, Московская область, Ленинский городской округ, Видное, 2-й микрорайон, жилой комплекс Лемешко",37.700795,55.55696,STEKLO,,0.0
47453,RC,Раздельный сбор стекла,"Россия, Московская область, Ленинский городской округ, Видное, Радужная улица, 2",37.71085599999999,55.543099999999995,STEKLO,,0.0
47463,RC,Точка приёма батареек и крышечек в магазине ВкусВилл,"Россия, Москва, улица Вавилова, 81к1",37.545759999999994,55.67927999999999,"KRYSHECHKI,BATAREJKI",,0.0
47464,RC,Точка приема батареек в магазине Пятерочка,"Россия, Москва, улица Преображенский Вал, 1с1",37.716224,55.79422799999999,BATAREJKI,,0.0
47505,RC,"Пункт приема аэрозольных баллонов в магазине ""Перекресток""","Россия, Москва, Ленинградское шоссе, 16А",37.49759099999999,55.82404899999999,"METALL,INOE",,0.0
47510,RC,Контейнер для сбора одежды «ЛидерТекс»,"Россия, Московская область, Балашиха, микрорайон Алексеевская Роща",37.931976,55.835318,ODEZHDA,,0.0
47555,RC,Фандомат Ecoplatform,"Россия, Москва, Амурская улица, 1Ас6",37.757469,55.808242,PLASTIK,,0.0
47557,RC,"Пункт приема упаковки от косметики La Roche-Posay ""Несу Перемены""","Россия, Москва, Новогиреевская улица, 37А",37.79897999999999,55.753128999999994,"PLASTIK,METALL,INOE",Расписание аптеки,0.0
47567,RC,Пункт приема батареек и добрых крышечек во ВкусВилл,"Россия, Москва, Первомайская улица",37.810555,55.793473,"KRYSHECHKI,BATAREJKI",,0.0
47580,RC,Автомат для приема пластиковых бутылок «Самокат»,"Россия, Москва, Северо-Восточный административный округ, район Отрадное, ЖК Поколение",37.576335,55.850787,PLASTIK,,0.0
47582,RC,"Контейнеры для вторсырья ГУП ""Экотехпром""","Россия, Москва, Западный административный округ, район Кунцево, 18-й квартал",37.41761399999999,55.74022599999999,"PLASTIK,STEKLO",,0.0
